tag_id,stap_s,stap_t,lat_s,lon_s,lat_t,lon_t,s,t,j,start,end,n,distance,bearing,gs_u,gs_v,ws_u,ws_v
56C,1,2,37.01987498,101.585549,36.3125,102.6875,12920,64758,1,2021-10-08T13:30:00Z,2021-10-08T17:30:00Z,1,125.96227487603711,128.2187483674735,25.228589144193524,-20.723988269033505,1.037682933637626,7.734547372854228
56C,2,3,36.3125,102.6875,36.4375,105.8125,64758,120557,1,2021-10-10T14:30:00Z,2021-10-10T22:30:00Z,1,280.752014803847,86.24211968849954,34.977172927315436,2.304928329222213,3.8715751300048846,17.562843708906172
56C,3,4,36.4375,105.8125,35.5625,104.9375,120557,168428,1,2021-10-12T16:30:00Z,2021-10-12T19:30:00Z,1,125.10030409669302,219.35479087854105,-26.412942399879917,-32.34921896441316,-3.070481469340013,-19.070899506235758
56C,4,5,35.5625,104.9375,33.9375,105.6875,168428,219529,1,2021-10-20T17:30:00Z,2021-10-20T22:30:00Z,1,192.90654525075192,158.93114344817081,13.85511212664319,-36.12679168235713,1.8001241785675073,-5.528325005160525
56C,5,6,33.9375,105.6875,32.9375,107.0625,219529,271865,1,2021-10-28T12:30:00Z,2021-10-28T18:30:00Z,1,169.25890848260767,130.55940590404532,21.410693548688595,-18.41105194512424,-1.2928350514322928,3.1418754466883354
56C,6,7,32.9375,107.0625,31.6875,108.6875,271865,324699,1,2021-10-29T15:30:00Z,2021-10-29T23:30:00Z,1,206.46884930562643,131.73394471420784,19.241727374494005,-17.246963878762593,-0.661914878580087,4.687338107366557
56C,7,8,31.6875,108.6875,29.9375,108.8125,324699,374561,1,2021-11-05T12:30:00Z,2021-11-05T20:30:00Z,1,194.38431249558772,176.43995590574855,1.5075178943299374,-24.350289053016642,1.1815533837280279,10.549157738279344
56C,8,9,29.9375,108.8125,28.3125,109.6875,374561,425910,1,2021-11-08T14:30:00Z,2021-11-08T22:30:00Z,1,199.22545961936532,154.48121479547672,10.720391890631653,-22.571589339058054,0.2448907629852297,0.2621381268653838
56C,9,10,28.3125,109.6875,26.6875,109.6875,425910,475523,1,2021-11-09T15:30:00Z,2021-11-09T20:30:00Z,1,180.0686543324931,180,-6.645944081531419e-15,-36.178834507813924,3.2840828454437236,-10.261420583416745
56C,10,15,26.6875,109.6875,13.6875,101.0625,475523,508115,1,2021-11-23T12:30:00Z,2021-12-04T18:30:00Z,5,1696.769395593376,213.66628301897325,-24.749562829361253,-37.37139332315434,-7.974502498957824,-7.406836006003726
56C,15,16,13.6875,101.0625,16.0625,101.5625,508115,558688,1,2022-04-09T14:30:00Z,2022-04-09T23:30:00Z,1,268.239100559222,11.508159601625778,5.9446766019813,29.38246277740675,0.3336570678710968,2.166422381591797
56C,16,17,16.0625,101.5625,18.5625,103.1875,558688,611492,1,2022-04-10T13:30:00Z,2022-04-10T22:30:00Z,1,326.17372193004945,31.741040222617528,19.059543984714722,31.000646718545305,9.326096960449224,4.178398767089842
56C,17,18,18.5625,103.1875,20.0625,106.0625,611492,666784,1,2022-04-11T14:30:00Z,2022-04-11T21:30:00Z,1,344.75050004032715,60.73923828062186,42.94907170140091,24.206193125449015,18.999315582275386,10.726058033098488
56C,18,19,20.0625,106.0625,21.3125,106.3125,666784,716870,1,2022-04-12T16:30:00Z,2022-04-12T20:30:00Z,1,140.82087453976084,10.614884924057947,6.482172171694719,34.79228879599593,13.223040930175781,0.47391468200683656
56C,19,20,21.3125,106.3125,24.0625,107.3125,716870,768432,1,2022-04-14T15:30:00Z,2022-04-14T21:30:00Z,1,321.3987223704412,18.454763543844706,16.947372103843488,51.07739200951312,11.578665078735352,20.44523670959472
56C,20,21,24.0625,107.3125,26.3125,109.6875,768432,822726,1,2022-04-19T13:30:00Z,2022-04-19T22:30:00Z,1,345.56881203072635,43.345083706092225,26.337726399184643,28.059000170237997,8.69157237548828,0.3224065917968738
56C,21,22,26.3125,109.6875,27.3125,108.9375,822726,870830,1,2022-04-20T13:30:00Z,2022-04-20T18:30:00Z,1,133.5527287896369,326.2295206876017,-14.837058541736027,22.307450102645596,10.602745510253905,13.831269389648432
56C,22,23,27.3125,108.9375,28.8125,106.6875,870830,915954,1,2022-04-22T12:30:00Z,2022-04-22T21:30:00Z,1,276.6758169465186,307.4513966784436,-24.385975799710696,18.77669240395718,4.610236010742187,3.4294933288574203
56C,23,26,28.8125,106.6875,37.01987498,101.585549,915954,955320,1,2022-04-23T13:30:00Z,2022-04-26T21:30:00Z,3,1027.303841928278,333.68654299870286,-20.75692252957361,42.23164158228739,-0.5552945967240775,12.079057728715377
5CF,1,2,62.28616,88.97598,60.9,90.69999999999999,984,37496,1,2021-09-07T14:30:00Z,2021-09-07T19:30:00Z,1,179.54323751705482,148.58881617240309,19.48935670267415,-30.899541617901505,-11.315181657550045,1.2159717202148443
5CF,2,3,60.9,90.69999999999999,60.3,91.5,37496,72779,1,2021-09-08T13:30:00Z,2021-09-08T17:30:00Z,1,79.93858143135172,146.4020612069237,11.030770891540618,-16.630764667807934,-10.980065293144218,14.787720923294065
5CF,3,4,60.3,91.5,59.9,93.5,72779,109531,1,2021-09-09T14:30:00Z,2021-09-09T19:30:00Z,1,119.85033410391827,110.95923791709282,22.327941207290927,-8.567471949099517,8.500233715017705,22.784523339370743
5CF,4,5,59.9,93.5,57.5,98.69999999999999,109531,150213,1,2021-09-10T13:30:00Z,2021-09-10T22:30:00Z,1,402.7206971916226,129.3220135012901,34.53344160948587,-28.339489490446173,16.22011063783264,12.025297772506715
5CF,5,6,57.5,98.69999999999999,57.3,98.5,150213,184269,1,2021-09-11T13:30:00Z,2021-09-11T17:30:00Z,1,25.31152686955153,208.4455544626104,-3.006965641619266,-5.561551575513864,-1.1787339961662302,24.097000116558085
5CF,6,7,57.3,98.5,55.3,102.1,184269,222989,1,2021-09-13T12:30:00Z,2021-09-13T18:30:00Z,1,314.98228725254694,133.46858505967293,38.013540728086014,-36.108718550417954,20.696779371276854,-5.62381343095906
5CF,7,8,55.3,102.1,51.699999999999996,106.69999999999999,222989,262942,1,2021-09-14T12:30:00Z,2021-09-14T21:30:00Z,1,503.4668883242875,140.82816628642718,35.26202663752914,-43.38031081248428,13.732766502593996,-4.940853162572222
5CF,8,9,51.699999999999996,106.69999999999999,48.699999999999996,109.9,262942,301177,1,2021-09-15T11:30:00Z,2021-09-15T20:30:00Z,1,404.3305525270973,144.3620569514789,26.126953530839444,-36.54166957158698,24.39164145111084,-3.8059194240485277
5CF,9,10,48.699999999999996,109.9,48.3,110.5,301177,336214,1,2021-09-16T15:30:00Z,2021-09-16T17:30:00Z,1,62.80552313349337,134.8647668627234,22.215883997540708,-22.1766874018004,6.766810891761781,0.0015392424697913353
5CF,10,11,48.3,110.5,47.5,110.1,336214,370028,1,2021-09-20T11:30:00Z,2021-09-20T14:30:00Z,1,93.84365984054863,198.73272937696663,-10.027795365879415,-29.659170784994256,-7.832986206878662,0.9888784570465092
5CF,11,12,47.5,110.1,42.1,112.30000000000001,370028,407050,1,2021-09-21T11:30:00Z,2021-09-21T22:30:00Z,1,624.7532592380117,163.04100817993685,16.541732376391906,-54.42032321881013,18.488851346968218,-9.285724336138639
5CF,12,13,42.1,112.30000000000001,39.699999999999996,112.1,407050,441117,1,2021-09-22T11:30:00Z,2021-09-22T18:30:00Z,1,267.05680792138025,183.68376104019086,-2.447832680304066,-38.163862574308375,22.65631184228516,-4.927848499954225
5CF,13,14,39.699999999999996,112.1,37.49999999999999,110.5,441117,473468,1,2021-09-25T11:30:00Z,2021-09-25T20:30:00Z,1,281.1783102646207,210.21647664194734,-15.703630948274437,-27.0735227737999,-5.5244630492825015,6.45144165021261
5CF,14,15,37.49999999999999,110.5,35.3,109.9,473468,507044,1,2021-09-26T12:30:00Z,2021-09-26T17:30:00Z,1,249.9873332148691,192.6122587331686,-10.904851708953842,-48.94639661666626,-0.16122605640869225,-17.619596793264776
5CF,15,16,35.3,109.9,34.49999999999999,109.9,507044,541348,1,2021-09-28T13:30:00Z,2021-09-28T16:30:00Z,1,88.75100079324402,180,-5.45308232330788e-15,-29.68519754487323,2.065506095443725,-3.6422307268880223
5CF,16,17,34.49999999999999,109.9,32.3,110.30000000000001,541348,576149,1,2021-10-09T16:30:00Z,2021-10-09T22:30:00Z,1,246.82598147459774,171.21834169378974,6.274467354397776,-40.80497217920051,0.09980459998066936,-13.432433190483103
5CF,17,18,32.3,110.30000000000001,31.099999999999998,110.1,576149,610210,1,2021-10-11T12:30:00Z,2021-10-11T18:30:00Z,1,134.40184917290262,188.16239091984522,-3.177537711721329,-22.26096744521075,-4.0011332339070655,8.716569572041827
5CF,18,19,31.099999999999998,110.1,30.299999999999997,107.9,610210,641819,1,2021-10-12T13:30:00Z,2021-10-12T20:30:00Z,1,228.6587889623558,247.7425625391559,-30.205911584696093,-12.424958392186591,-11.060287759902957,8.55539365746852
5CF,19,20,30.299999999999997,107.9,29.9,106.9,641819,674896,1,2021-10-13T15:30:00Z,2021-10-13T18:30:00Z,1,106.09883503771486,245.5476876338661,-32.1673520809505,-14.701531695211587,-5.653154844589233,-3.196095263488771
5CF,20,21,29.9,106.9,27.5,105.30000000000001,674896,707248,1,2021-10-22T13:30:00Z,2021-10-22T22:30:00Z,1,308.530670772909,210.8345445069326,-17.55866901107349,-29.565945840954498,-6.736370598503962,4.222763064631145
5CF,21,22,27.5,105.30000000000001,24.9,104.5,707248,740581,1,2021-10-23T11:30:00Z,2021-10-23T20:30:00Z,1,298.94524128215676,195.6915754550765,-8.978284414241207,-32.13086213855121,-3.63550477837457,0.22370054896715175
5CF,22,23,24.9,104.5,24.499999999999993,104.30000000000001,740581,774638,1,2021-10-24T14:30:00Z,2021-10-24T18:30:00Z,1,48.710866263033374,204.59187001844745,-5.064860612184268,-11.128245841500394,6.9194722183303865,14.076244780059813
5CF,23,26,24.499999999999993,104.30000000000001,20.499999999999993,102.30000000000001,774638,806508,1,2021-10-27T12:30:00Z,2021-10-29T15:30:00Z,3,488.39355743780317,205.30894757151552,-16.05407844430634,-34.141879718846006,-10.578156742988885,1.4140420374928393
5CF,26,27,20.499999999999993,102.30000000000001,22.699999999999996,105.1,806508,844227,1,2022-04-12T13:30:00Z,2022-04-12T22:30:00Z,1,378.6622019991244,49.45606141019971,31.956140046170855,27.494304492166133,16.492962534586585,-1.8218919972737693
5CF,27,28,22.699999999999996,105.1,26.9,109.30000000000001,844227,883651,1,2022-04-13T12:30:00Z,2022-04-13T22:30:00Z,1,629.7977182810469,41.52769287298338,41.72604099274196,47.37913886769265,18.6556850793457,16.731735346069332
5CF,28,29,26.9,109.30000000000001,28.099999999999994,109.1,883651,917700,1,2022-04-18T13:30:00Z,2022-04-18T19:30:00Z,1,134.43417082446615,351.5926531316593,-3.2735016817001936,22.266518645687594,-11.756692210388184,-5.608894631958004
5CF,29,30,28.099999999999994,109.1,28.9,109.9,917700,952976,1,2022-04-19T16:30:00Z,2022-04-19T20:30:00Z,1,118.30168116662306,41.266919305465535,19.49174219422358,22.328552271251247,2.537914279174804,1.775545836639406
5CF,30,31,28.9,109.9,30.099999999999994,110.69999999999999,952976,988250,1,2022-04-20T14:30:00Z,2022-04-20T18:30:00Z,1,153.9790588347348,30.05457783503175,19.262899581930096,33.46166227781459,6.925302493286133,3.6674536193847675
5CF,31,32,30.099999999999994,110.69999999999999,31.299999999999997,112.9,988250,1025239,1,2022-04-26T13:30:00Z,2022-04-26T20:30:00Z,1,249.23023246382726,57.18130592808018,29.894474275986934,19.374677209126293,-9.19932904096331,5.2576473815918
5CF,32,33,31.299999999999997,112.9,35.49999999999999,110.9,1025239,1057068,1,2022-05-02T12:30:00Z,2022-05-02T21:30:00Z,1,501.57562704034626,338.77213937781227,-20.156121727072225,52.13922465134852,18.429297849527995,-1.3549678009033195
5CF,33,34,35.49999999999999,110.9,37.1,110.5,1057068,1090870,1,2022-05-05T13:30:00Z,2022-05-05T16:30:00Z,1,181.14156937180374,348.6779053349687,-11.839723282081737,59.39470793928231,3.311694775390629,28.433041171264648
5CF,34,35,37.1,110.5,38.699999999999996,110.9,1090870,1125652,1,2022-05-14T12:30:00Z,2022-05-14T17:30:00Z,1,181.04182291731684,11.08267425646551,6.951051328584491,35.6370533493121,-4.827169513549803,-9.293369685058595
5CF,35,36,38.699999999999996,110.9,40.3,111.69999999999999,1125652,1160924,1,2022-05-16T12:30:00Z,2022-05-16T16:30:00Z,1,190.49921360169486,20.920859891047257,16.981953806259103,44.60278536602512,7.277505347442621,9.200011843872074
5CF,36,37,40.3,111.69999999999999,42.49999999999999,108.1,1160924,1190803,1,2022-05-17T12:30:00Z,2022-05-17T21:30:00Z,1,387.6592617347655,310.2432443507766,-32.82794824629613,27.888770355538558,-11.70874326883952,1.663095534261071
5CF,37,38,42.49999999999999,108.1,45.699999999999996,106.1,1190803,1222637,1,2022-05-18T12:30:00Z,2022-05-18T21:30:00Z,1,389.9304170368985,336.44507161261697,-17.284446806832186,39.78823176086722,-1.3872562978108705,12.847720740763343
5CF,38,39,45.699999999999996,106.1,48.699999999999996,103.69999999999999,1222637,1253982,1,2022-05-19T12:30:00Z,2022-05-19T21:30:00Z,1,379.8314340673909,332.27348548636047,-19.598146616800587,37.40531018433355,1.6426133809407581,1.5049282307942717
5CF,39,40,48.699999999999996,103.69999999999999,51.699999999999996,100.30000000000001,1253982,1284102,1,2022-05-20T13:30:00Z,2022-05-20T21:30:00Z,1,412.55510044238963,325.2612461341764,-29.325463111066814,42.40870702873527,-9.80745262756348,9.93932324295044
5CF,40,41,51.699999999999996,100.30000000000001,54.1,100.1,1284102,1318145,1,2022-05-21T13:30:00Z,2022-05-21T20:30:00Z,1,267.4209868850936,357.19484126165423,-1.865533718182526,38.16926594873136,8.762945127214707,1.4429278969900914
5CF,41,42,54.1,100.1,55.1,97.5,1318145,1349255,1,2022-05-22T14:30:00Z,2022-05-22T20:30:00Z,1,201.54188933988178,304.5775827394715,-27.594534413898877,19.062639008769242,-5.301574411010746,-2.5848994171142574
5CF,42,43,55.1,97.5,57.1,95.69999999999999,1349255,1381340,1,2022-05-23T14:30:00Z,2022-05-23T20:30:00Z,1,249.25267349594958,334.04067827149225,-18.14139853307226,37.34212766058296,-3.712542050170895,6.789255560302731
5CF,43,44,57.1,95.69999999999999,58.3,94.5,1381340,1414164,1,2022-05-24T15:30:00Z,2022-05-24T20:30:00Z,1,151.589625512717,332.3421645648903,-14.039149761464376,26.84067876808399,-0.6084692907714859,-7.496841491088868
5CF,44,45,58.3,94.5,58.5,93.5,1414164,1447238,1,2022-05-25T15:30:00Z,2022-05-25T20:30:00Z,1,62.57109841722864,291.2814477163104,-11.632450013327565,4.539211664560597,1.6670856372070324,-27.586224495849628
5CF,45,46,58.5,93.5,60.1,91.1,1447238,1478590,1,2022-05-26T15:30:00Z,2022-05-26T21:30:00Z,1,224.61877546166787,323.5330832561091,-22.1946449999,30.083861107841553,-12.067014561462395,-1.3011413696289074
5CF,46,47,60.1,91.1,61.5,89.30000000000001,1478590,1510678,1,2022-05-27T16:30:00Z,2022-05-27T19:30:00Z,1,184.21213088894245,328.64369429134155,-31.869418005459014,52.38513584799036,-16.33355071105957,20.048122912597652
5CF,47,48,61.5,89.30000000000001,62.28616,88.97598,1510678,1544484,1,2022-05-28T16:30:00Z,2022-05-28T18:30:00Z,1,89.25360341058148,349.13815527661814,-10.34946682243821,44.55962522352798,4.593049282836919,11.11755671081544
5D6,1,2,37.04525798,101.722533,35.8125,105.0625,13168,69474,1,2021-10-18T13:30:00Z,2021-10-18T18:30:00Z,1,329.2385124575729,113.54954539352332,60.926673857859775,-26.758494468414746,-10.346090689819324,0.9154520199096728
5D6,2,3,35.8125,105.0625,34.5625,108.0625,69474,125036,1,2021-10-24T13:30:00Z,2021-10-24T23:30:00Z,1,306.3956347860275,116.03941331682813,27.499749243522686,-13.49782431794511,-3.4157456574279776,13.002543077096556
5D6,3,4,34.5625,108.0625,32.4375,109.8125,125036,178125,1,2021-10-26T13:30:00Z,2021-10-26T22:30:00Z,1,286.3321289916679,144.90971979683405,18.271591388048456,-26.128298667883186,-7.725980634567261,-1.5056632818298348
5D6,4,5,32.4375,109.8125,32.0625,110.8125,178125,229712,1,2021-10-27T16:30:00Z,2021-10-27T20:30:00Z,1,103.00246108671469,113.54341882676022,23.58479681529855,-10.32618290026745,0.9134865484085094,3.717225851852417
5D6,5,6,32.0625,110.8125,31.4375,111.4375,229712,280557,1,2021-10-28T16:30:00Z,2021-10-28T19:30:00Z,1,91.15578439242395,139.3213718142028,19.787546218713096,-23.134601606134353,2.6460769132690434,1.3820480232238768
5D6,6,7,31.4375,111.4375,30.6875,111.3125,280557,329915,1,2021-10-29T17:30:00Z,2021-10-29T20:30:00Z,1,84.00436174681313,188.19701664254015,-3.9888928156324144,-27.827619445312084,5.7690987736816375,-3.726087853271485
5D6,7,8,30.6875,111.3125,26.0625,108.4375,329915,373848,1,2021-11-07T12:30:00Z,2021-11-07T23:30:00Z,1,584.8565850296526,209.4969011366996,-26.1622848052269,-46.48492335893617,-8.932939161238238,-22.960945307173294
5D6,8,9,26.0625,108.4375,19.8125,104.6875,373848,416058,1,2021-11-09T12:30:00Z,2021-11-09T23:30:00Z,1,791.6960459630104,209.81415754567064,-35.77046429518373,-62.77351292431064,-14.927237304765182,-27.42927195739746
5D6,9,12,19.8125,104.6875,16.9375,100.3125,416058,457001,1,2021-11-21T13:30:00Z,2021-12-04T20:30:00Z,3,561.2098383598192,236.1674077645666,-31.069848015724784,-20.952661534179995,-7.3614979769171764,0.7555868462407704
5D6,12,13,16.9375,100.3125,20.0625,102.1875,457001,510296,1,2022-04-04T13:30:00Z,2022-04-04T22:30:00Z,1,398.5421833927741,29.496255181184097,21.79468506126477,38.76270640998368,2.9520777923583963,5.623364401245119
5D6,13,14,20.0625,102.1875,22.5625,103.1875,510296,561860,1,2022-04-05T12:30:00Z,2022-04-05T19:30:00Z,1,295.60448969268833,20.367383978613077,14.690172102496918,39.802690761447614,5.480180521937786,7.225328579275946
5D6,14,15,22.5625,103.1875,23.3125,103.3125,561860,611702,1,2022-04-06T13:30:00Z,2022-04-06T17:30:00Z,1,84.04109097624968,8.750946570719236,3.1948213135817354,20.873755733555534,-7.398343061828616,-8.50307487945557
5D6,15,16,23.3125,103.3125,26.5625,106.6875,611702,667972,1,2022-04-08T14:30:00Z,2022-04-08T22:30:00Z,1,495.7295975039618,42.736623041714495,42.024046216485694,45.73500816996836,24.81449500236511,21.902325969314575
5D6,16,17,26.5625,106.6875,29.4375,105.5625,667972,715317,1,2022-04-10T15:30:00Z,2022-04-10T22:30:00Z,1,337.2686396288614,341.10882820769586,-15.587133915594848,45.79122655086096,4.255329764229906,25.37549957624163
5D6,17,18,29.4375,105.5625,29.6875,105.3125,715317,764419,1,2022-04-12T20:30:00Z,2022-04-12T22:30:00Z,1,36.808210868742776,318.8999220221496,-12.088485065183546,13.927931407262797,-3.712091281127935,-8.466168521118158
5D6,18,19,29.6875,105.3125,32.6875,105.1875,764419,813747,1,2022-04-19T13:30:00Z,2022-04-19T21:30:00Z,1,332.83166066950247,357.98065082524397,-1.4645698885651686,41.74562451656062,8.791242592620849,10.347295914459231
5D6,19,20,32.6875,105.1875,35.8125,102.3125,813747,857618,1,2022-04-20T12:30:00Z,2022-04-20T21:30:00Z,1,436.1770654440215,323.42177545411226,-28.84767250164632,39.05463535347428,1.173026812744141,4.072075616455079
5D6,20,21,35.8125,102.3125,36.0625,101.6875,857618,905976,1,2022-04-21T16:30:00Z,2022-04-21T18:30:00Z,1,62.84938879728397,296.3740255565069,-28.12112559560448,14.004864303211944,-5.025041043090821,-0.6279012268066406
5D6,21,22,36.0625,101.6875,37.04525798,101.722533,905976,955568,1,2022-04-24T13:30:00Z,2022-04-24T18:30:00Z,1,109.10106424201172,1.6369695424094743,1.3632705808269592e-15,22.263898158654744,1.3273618963623053,1.867138099365233
5D7,1,2,37.04525798,101.722533,36.5625,101.5625,13168,62524,1,2021-10-06T12:30:00Z,2021-10-06T15:30:00Z,1,55.44438573388872,194.97443272398726,-3.725573450386314,-18.550808600718547,-6.498463243357344,3.539993224517824
5D7,2,3,36.5625,101.5625,36.5625,102.0625,62524,113116,1,2021-10-07T11:30:00Z,2021-10-07T14:30:00Z,1,44.75947220202804,89.85107456149564,14.902041781563874,0.03873405832289193,-6.299540681798296,2.508263850260416
5D7,3,4,36.5625,102.0625,34.9375,103.8125,113116,166201,1,2021-10-10T12:30:00Z,2021-10-10T23:30:00Z,1,239.91028998189364,138.20623791392654,14.519364036400349,-16.314511474431477,-1.160714347703414,5.188843674238727
5D7,4,5,34.9375,103.8125,34.1875,105.0625,166201,218287,1,2021-10-17T12:30:00Z,2021-10-17T17:30:00Z,1,141.70701912022233,125.59660788836595,23.021028895871485,-16.555003908096694,-0.6016171252441413,-3.083411250607305
5D7,5,6,34.1875,105.0625,33.1875,105.5625,218287,268887,1,2021-10-31T11:30:00Z,2021-10-31T17:30:00Z,1,120.21533299239697,157.1770522631001,7.763819947942421,-18.534376322550134,-4.369503040555317,4.524831107391361
5D7,6,7,33.1875,105.5625,31.0625,107.5625,268887,322472,1,2021-11-01T14:30:00Z,2021-11-01T23:30:00Z,1,301.8852686766338,140.77156340144916,21.19404752482637,-26.085096722530555,-0.1283479442206487,-4.484981013563369
5D7,7,8,31.0625,107.5625,30.8125,107.9375,322472,372818,1,2021-11-02T11:30:00Z,2021-11-02T13:30:00Z,1,45.305119335877706,127.62227647620017,17.926249401644835,-13.884740552175147,-6.701901162818912,2.5614762876663195
5D7,8,9,30.8125,107.9375,30.4375,108.1875,372818,422917,1,2021-11-02T19:30:00Z,2021-11-02T21:30:00Z,1,47.98828532414779,149.97094750957586,11.997287408438366,-20.859046420196055,-5.157850567817689,-0.18873248130035447
5D7,9,10,30.4375,108.1875,25.9375,113.9375,422917,483961,1,2021-11-09T11:30:00Z,2021-11-09T22:30:00Z,1,753.0678736800887,130.06262242855837,52.36254087945575,-44.2670039764394,1.2135436419011894,-17.863115267517088
5D7,10,14,25.9375,113.9375,15.8125,102.1875,483961,510330,1,2021-11-30T10:30:00Z,2021-12-12T22:30:00Z,4,1656.9052001793068,229.72905080444738,-40.77214832484397,-34.746322846751795,-23.635270607511643,-24.03912246382162
5D7,14,15,15.8125,102.1875,19.6875,103.0625,510330,561635,1,2022-04-14T13:30:00Z,2022-04-14T22:30:00Z,1,438.79638860579416,12.07795214475442,10.197811077920726,47.95213363169043,7.289665899658202,14.78994088745117
5D7,15,16,19.6875,103.0625,22.4375,104.8125,561635,614685,1,2022-04-15T12:30:00Z,2022-04-15T20:30:00Z,1,354.6445903800021,30.54100645472124,22.515861808326754,38.38710589236383,16.237640876770023,5.8316475379943835
5D7,16,17,22.4375,104.8125,23.0625,105.3125,614685,665272,1,2022-04-16T13:30:00Z,2022-04-16T16:30:00Z,1,86.18427474960727,36.47864878332183,17.070743446172013,23.220240256546365,-5.078120928955078,6.604794964599608
5D7,17,18,23.0625,105.3125,25.8125,105.3125,665272,714850,1,2022-04-19T12:30:00Z,2022-04-19T19:30:00Z,1,304.6029863259761,0,2.6778529266243807e-15,43.73265709735748,0.9418497488839306,18.0533231401716
5D7,18,19,25.8125,105.3125,30.5625,105.0625,714850,763916,1,2022-04-20T12:30:00Z,2022-04-20T21:30:00Z,1,526.9799223914748,357.3884278736622,-2.665673659688712,58.754630491483994,4.544861804199215,25.064692047119138
5D7,19,20,30.5625,105.0625,30.5625,104.5625,763916,812524,1,2022-04-22T15:30:00Z,2022-04-22T17:30:00Z,1,47.96870730994065,270.127120089244,-23.96352925676322,0.05316710812462185,0.5395581573486316,-7.616686651611329
5D7,20,21,30.5625,104.5625,33.5625,104.5625,812524,862100,1,2022-05-01T12:30:00Z,2022-05-01T22:30:00Z,1,332.66405007819054,0,2.0449058712404344e-15,33.395847237982046,6.099343665161131,-1.515014533081055
5D7,21,22,33.5625,104.5625,36.1875,102.9375,862100,908455,1,2022-05-02T12:30:00Z,2022-05-02T21:30:00Z,1,326.90632115339673,333.43182698241316,-16.226933832181185,32.598338259557494,4.258239105224609,6.012701849365234
5D7,22,23,36.1875,102.9375,36.8125,104.5625,908455,961274,1,2022-05-03T12:30:00Z,2022-05-03T17:30:00Z,1,161.2582781322097,64.04571670906523,28.963999344445362,14.158666814751731,4.340225808105468,18.7149776550293
5D7,23,24,36.8125,104.5625,37.04525798,101.722533,961274,1005168,1,2022-05-04T12:30:00Z,2022-05-04T19:30:00Z,1,254.3307568143015,276.68104406881173,-36.47856831866079,4.52527227118455,-8.011180771309984,1.2240136701311377
5D8,1,2,37.00182899,101.751121,34.6875,105.5625,13416,70475,1,2021-10-24T11:30:00Z,2021-10-24T17:30:00Z,1,429.46588303442996,125.58658567041022,57.21139365467275,-42.955845152344416,-5.610133681144714,0.38096254865773815
5D8,2,3,34.6875,105.5625,32.8125,110.0625,70475,129018,1,2021-10-26T11:30:00Z,2021-10-26T21:30:00Z,1,465.86648712498584,115.24642857640981,42.09537145812735,-19.94598997964088,-1.2023216227523792,-1.6896178862258922
5D8,3,4,32.8125,110.0625,32.5625,110.9375,129018,180356,1,2021-10-27T15:30:00Z,2021-10-27T18:30:00Z,1,86.6153213529455,108.43167751918958,27.364119937598044,-9.163650631585245,-2.928269236597692,0.621620682383214
5D8,4,5,32.5625,110.9375,28.4375,111.4375,180356,230981,1,2021-11-09T12:30:00Z,2021-11-09T21:30:00Z,1,459.8121881526768,173.87978318232445,5.442869437976871,-51.0091315443591,19.856485636335584,-21.666041146226664
5D8,5,12,28.4375,111.4375,13.8125,103.4375,230981,264826,1,2021-11-24T13:30:00Z,2021-12-16T22:30:00Z,7,1818.6017738549017,208.72383701775033,-20.80683968295906,-38.17958204623659,-10.259918648856026,-18.109672655378066
5D8,12,13,13.8125,103.4375,17.0625,105.0625,264826,317624,1,2022-04-14T14:30:00Z,2022-04-14T22:30:00Z,1,399.6713276545697,25.660469446582397,21.627910807136736,45.30240454510846,7.37366309967041,11.95904266204834
5D8,13,14,17.0625,105.0625,19.0625,104.6875,317624,366464,1,2022-04-15T14:30:00Z,2022-04-15T21:30:00Z,1,224.89378421842702,349.8899611677792,-5.6376614702203085,31.811187320440716,6.93997510724749,1.5102774928501685
5D8,14,15,19.0625,104.6875,20.4375,104.4375,366464,415557,1,2022-04-17T13:30:00Z,2022-04-17T17:30:00Z,1,154.45290714456172,350.27458145452874,-6.520144403246484,38.27082831558772,-5.785403288269042,4.672084240722659
5D8,15,16,20.4375,104.4375,24.6875,106.4375,415557,469091,1,2022-04-19T13:30:00Z,2022-04-19T21:30:00Z,1,513.5974585474775,23.231425521305596,25.308648173841778,59.302976462171166,10.38659620399475,13.266788883590698
5D8,16,17,24.6875,106.4375,26.0625,105.8125,469091,517440,1,2022-04-20T12:30:00Z,2022-04-20T16:30:00Z,1,164.79604306922073,337.695004769188,-15.626443636031919,38.30229232403292,-0.6055436645507819,15.681931265258793
5D8,17,18,26.0625,105.8125,29.9375,105.5625,517440,566513,1,2022-04-23T13:30:00Z,2022-04-23T19:30:00Z,1,430.1292980761062,356.7807210917362,-4.022486513259175,71.89787120285061,0.5260615631103591,42.26312989196777
5D8,18,19,29.9375,105.5625,30.6875,106.3125,566513,617595,1,2022-04-25T13:30:00Z,2022-04-25T17:30:00Z,1,110.07439478752993,40.756937702274115,17.949890870003216,20.931479449676317,4.063431143188479,-4.260795570373537
5D8,19,20,30.6875,106.3125,33.1875,104.9375,617595,664447,1,2022-04-26T13:30:00Z,2022-04-26T21:30:00Z,1,306.1797318036635,335.23400579049826,-16.016779663039152,34.88783379407422,-3.6263089668273927,9.501134799957272
5D8,20,21,33.1875,104.9375,33.3125,105.3125,664447,714790,1,2022-04-27T15:30:00Z,2022-04-27T17:30:00Z,1,37.595285151570174,68.25816260734484,17.44278527534755,6.988748269966159,5.327715399169923,-20.26556685791016
5D8,21,22,33.3125,105.3125,34.0625,104.4375,714790,762648,1,2022-05-01T12:30:00Z,2022-05-01T17:30:00Z,1,116.19911011327694,315.9588015839789,-16.138782286934454,16.766054371917527,4.601284431152345,-4.556213349609374
5D8,22,23,34.0625,104.4375,36.4375,102.9375,762648,809253,1,2022-05-02T12:30:00Z,2022-05-02T21:30:00Z,1,296.74690767626646,333.0417011592666,-14.929892369080694,29.487681191332367,3.1200827514648437,7.991803198242191
5D8,23,24,36.4375,102.9375,37.00182899,101.751121,809253,856616,1,2022-05-03T13:30:00Z,2022-05-03T18:30:00Z,1,123.10544956170682,300.93117601404805,-19.98681407176771,14.03205816726482,4.160679763183596,-2.191842136230469
5E5,1,2,37.044269,101.725552,33.9375,108.1875,13168,75689,1,2021-10-26T13:30:00Z,2021-10-26T22:30:00Z,1,679.9196669108633,118.54215415250093,66.68619376847325,-36.42536345880272,-1.9814725753648534,4.095396933290269
5E5,2,3,33.9375,108.1875,31.0625,111.8125,75689,132504,1,2021-10-29T13:30:00Z,2021-10-29T21:30:00Z,1,466.5162472112503,132.1163080495961,43.218366141054204,-39.2608934804484,8.141418074205397,1.8161340718860621
5E5,3,11,31.0625,111.8125,15.3125,101.3125,132504,161398,1,2021-11-22T10:30:00Z,2022-03-12T21:30:00Z,8,2046.0964068232772,213.8881495425344,-24.269442415692204,-36.32931985604295,-3.3100328161361374,-3.5322432822369514
5E5,11,12,15.3125,101.3125,18.6875,103.8125,161398,215931,1,2022-04-13T13:30:00Z,2022-04-13T23:30:00Z,1,458.6420636813669,35.12143748903907,26.37722235374052,37.73322511731198,6.20542062927246,10.300103728637696
5E5,12,13,18.6875,103.8125,22.3125,104.8125,215931,267486,1,2022-04-14T13:30:00Z,2022-04-14T23:30:00Z,1,414.6555965500597,14.397353604857187,10.305275178162436,40.3839275765813,13.698634619750978,7.282112854614258
5E5,13,14,22.3125,104.8125,23.1875,105.3125,267486,318071,1,2022-04-15T13:30:00Z,2022-04-15T15:30:00Z,1,109.66536468475967,27.82694338369396,25.58275654868845,48.74518283487622,13.683038708496094,15.35148661651611
5E5,14,15,23.1875,105.3125,25.9375,105.3125,318071,367649,1,2022-04-20T13:30:00Z,2022-04-20T22:30:00Z,1,304.6080264587841,0,2.0827744984856274e-15,34.014288853500226,14.597752380371094,11.749271057128908
5E5,15,16,25.9375,105.3125,29.0625,105.0625,367649,416728,1,2022-04-21T12:30:00Z,2022-04-21T20:30:00Z,1,347.1658458012151,355.9768398554172,-3.0422339125397704,43.48718764432865,13.190269406890868,14.555407173156736
5E5,16,17,29.0625,105.0625,32.6875,105.3125,416728,466795,1,2022-04-26T12:30:00Z,2022-04-26T21:30:00Z,1,402.6046289516316,3.340673682533975,2.6042256979912324,44.839881775042485,-0.7724874694824224,5.11035248413086
5E5,17,18,32.6875,105.3125,36.9375,103.9375,466795,513633,1,2022-04-28T12:30:00Z,2022-04-28T22:30:00Z,1,487.96121329981617,345.44863490167074,-12.245142247385987,47.39319745518107,-11.878932925415038,19.68655391784668
5E5,18,19,36.9375,103.9375,36.4375,102.5625,513633,560509,1,2022-04-30T13:30:00Z,2022-04-30T20:30:00Z,1,134.8337711181979,246.1122929337044,-17.59119626039918,-7.825030239861519,1.721400206647602,-7.604726157924108
5E5,19,20,36.4375,102.5625,37.044269,101.725552,560509,608368,1,2022-05-02T12:30:00Z,2022-05-02T17:30:00Z,1,100.60514425554392,312.26218227684876,-15.545441117223685,13.98578756286422,5.086066311035154,-1.821935225830077
5E7,1,2,37.04428903,101.724188,35.9375,103.3125,13168,66001,1,2021-08-25T15:30:00Z,2021-08-25T21:30:00Z,1,187.97833228174278,130.31967455746104,24.410803314984907,-20.665570093503707,4.25748546087265,-0.3219523915456142
5E7,2,3,35.9375,103.3125,35.6875,104.1875,66001,117339,1,2021-08-26T13:30:00Z,2021-08-26T17:30:00Z,1,83.80307116716652,109.07307139516877,19.778057705207676,-6.869009360123804,-8.31224337285614,10.793397301685337
5E7,3,4,35.6875,104.1875,34.6875,104.3125,117339,167195,1,2021-08-28T12:30:00Z,2021-08-28T18:30:00Z,1,111.52660833796453,174.10479969918833,1.9070646385263645,-18.55204473180876,-5.840317225723271,7.773287649553936
5E7,4,5,34.6875,104.3125,34.4375,104.5625,167195,217293,1,2021-08-29T14:30:00Z,2021-08-29T16:30:00Z,1,35.993045946767346,140.3290292443511,11.476278719586098,-13.900717506781946,-3.8527198569946286,5.7210572693634045
5E7,5,6,34.4375,104.5625,34.4375,105.1875,217293,268133,1,2021-08-30T18:30:00Z,2021-08-30T20:30:00Z,1,57.442700180696164,89.82327789073076,28.69045309675674,0.08849261414980575,2.277459318878174,-1.0796669266662613
5E7,6,7,34.4375,105.1875,32.9375,107.9375,268133,323201,1,2021-10-28T11:30:00Z,2021-10-28T21:30:00Z,1,304.44275163837796,122.35546613014913,25.692175495564484,-16.35362210852307,-1.564013324838255,-0.5175644487411479
5E7,7,8,32.9375,107.9375,31.4375,110.6875,323201,378269,1,2021-10-29T12:30:00Z,2021-10-29T22:30:00Z,1,308.06697577536005,121.93830626356555,26.119323176147528,-16.36163400002077,-1.621161500979615,-1.909460858677673
5E7,8,9,31.4375,110.6875,30.4375,111.6875,378269,429861,1,2021-10-30T11:30:00Z,2021-10-30T17:30:00Z,1,146.37012943959138,138.98113544082645,15.996879648708349,-18.48112914022954,-4.728358297050475,5.271839103190105
5E7,9,10,30.4375,111.6875,27.8125,112.8125,429861,481714,1,2021-11-07T13:30:00Z,2021-11-07T18:30:00Z,1,310.86144320598163,159.1021980604196,22.16086366785933,-58.33537688546324,-5.414901134454357,-56.78407183594359
5E7,10,11,27.8125,112.8125,27.0625,113.4375,481714,532560,1,2021-11-08T18:30:00Z,2021-11-08T21:30:00Z,1,103.56211169459478,143.22395405482803,20.6528372403443,-27.777749631378356,-5.795223786458328,-16.42883048014322
5E7,11,15,27.0625,113.4375,13.8125,103.5625,532560,562674,1,2021-11-25T10:30:00Z,2021-12-02T19:30:00Z,4,1790.7734351131896,216.9533369607501,-29.091895924077324,-38.89427549729935,-13.06922236262141,-23.09067956048089
5E7,15,16,13.8125,103.5625,14.6875,106.8125,562674,618715,1,2022-04-08T14:30:00Z,2022-04-08T23:30:00Z,1,363.8371160280244,74.17288030136268,38.885382882932426,11.091553435572981,4.301808715820313,-3.1954485412597653
5E7,16,17,14.6875,106.8125,18.0625,106.3125,618715,667296,1,2022-04-09T12:30:00Z,2022-04-09T22:30:00Z,1,377.28623184948907,351.93004978448994,-5.2947330497817795,37.57662468231176,-5.329477897338871,4.1860927496337865
5E7,17,18,18.0625,106.3125,21.5625,106.1875,667296,716620,1,2022-04-10T13:30:00Z,2022-04-10T22:30:00Z,1,387.67895929531574,358.0850016535115,-1.4387979151254997,43.29143010275445,8.459959277343753,3.5653257568359376
5E7,18,19,21.5625,106.1875,22.8125,106.0625,716620,765962,1,2022-04-12T17:30:00Z,2022-04-12T22:30:00Z,1,139.0149818082417,354.70287085690825,-2.5655012924271254,27.830920130112084,7.9427398754882805,-2.8249471801757795
5E7,19,20,22.8125,106.0625,25.1875,108.9375,765962,821247,1,2022-04-13T14:30:00Z,2022-04-13T22:30:00Z,1,393.3838760514725,47.46096946198929,36.20957453229592,33.411850301508586,12.279529817962645,16.628392357635498
5E7,20,21,25.1875,108.9375,25.5625,108.9375,821247,870844,1,2022-04-14T17:30:00Z,2022-04-14T19:30:00Z,1,41.541938635509524,0,1.2780661695252688e-15,20.872404523738734,-10.96541814880371,-3.42321418762207
5E7,21,22,25.5625,108.9375,26.9375,107.5625,870844,917705,1,2022-04-20T13:30:00Z,2022-04-20T22:30:00Z,1,205.1235321573558,318.25998963513473,-15.163060660072397,17.086969164031007,7.1442144226074245,11.01005247802735
5E7,22,23,26.9375,107.5625,29.4375,109.1875,917705,970509,1,2022-04-21T15:30:00Z,2022-04-21T21:30:00Z,1,319.70601457373374,29.557909434437533,26.264105001087778,46.556687643413255,19.13759199829102,21.74898706054688
5E7,23,24,29.4375,109.1875,30.4375,108.3125,970509,1018365,1,2022-04-30T13:30:00Z,2022-04-30T17:30:00Z,1,139.37083323313487,322.906933098857,-20.995983023962737,27.90948036119878,-18.160624415588373,-6.831099700927733
5E7,24,25,30.4375,108.3125,31.9375,106.5625,1018365,1064481,1,2022-05-01T12:30:00Z,2022-05-01T21:30:00Z,1,235.53885439913842,315.36491863403984,-18.37022178688235,18.697493315826332,-0.545300054931638,-15.331752410888678
5E7,25,26,31.9375,106.5625,33.3125,106.0625,1064481,1113078,1,2022-05-02T12:30:00Z,2022-05-02T18:30:00Z,1,159.54021596466535,343.0298829049923,-7.753075061716108,25.528841838871713,8.633389691162114,0.49439260253906375
5E7,26,27,33.3125,106.0625,35.8125,106.0625,1113078,1162658,1,2022-05-03T12:30:00Z,2022-05-03T17:30:00Z,1,277.3316272150469,0,3.4081764520673894e-15,55.65974539663672,0.17526644165039218,25.23432583740236
5E7,27,28,35.8125,106.0625,36.5625,101.6875,1162658,1203572,1,2022-05-05T12:30:00Z,2022-05-05T21:30:00Z,1,402.19389720000447,283.2269748131559,-43.450993394127835,10.253660516024315,-13.040130487060539,9.113327423095708
5E7,28,29,36.5625,101.6875,37.04428903,101.724188,1203572,1253168,1,2022-05-06T14:30:00Z,2022-05-06T16:30:00Z,1,53.56618759840038,3.493212203482983,1.7040882260336988e-15,27.82987269831843,-10.202471232604994,0.3865486267089904
56C,1,2,37.01987498,101.585549,36.5625,102.1875,12920,63764,1,2021-10-08T13:30:00Z,2021-10-08T17:30:00Z,1,73.91045049991,133.19106049557303,13.970804936647587,-13.86918876131788,1.1005663892040332,12.577681015920636
56C,1,2,37.01987498,101.585549,36.1875,102.8125,12920,65007,2,2021-10-08T13:30:00Z,2021-10-08T17:30:00Z,1,143.4653249729835,129.71083286738946,28.076783721625873,-24.167790771791047,-0.14953181855963985,7.040167490041729
56C,1,2,37.01987498,101.585549,36.5625,102.9375,12920,65252,3,2021-10-08T13:30:00Z,2021-10-08T17:30:00Z,1,130.90636070337302,112.40728370997954,30.734930402833577,-13.693515655706555,1.645116315473565,10.329275883474345
56C,1,2,37.01987498,101.585549,36.5625,102.8125,12920,65004,4,2021-10-08T13:30:00Z,2021-10-08T17:30:00Z,1,120.70017009258197,114.49868108351836,30.734930402833577,-13.693515655706555,1.645116315473565,10.329275883474345
56C,1,2,37.01987498,101.585549,35.8125,102.6875,12920,64762,5,2021-10-08T13:30:00Z,2021-10-08T17:30:00Z,1,166.48362574500445,143.25663580681368,27.94101296191557,-13.731944468665484,2.214490588178643,10.267386643362041
56C,1,2,37.01987498,101.585549,36.5625,102.9375,12920,65252,6,2021-10-08T13:30:00Z,2021-10-08T17:30:00Z,1,130.90636070337302,112.40728370997954,25.390720571341788,-34.63854949958939,-2.692892829057688,7.0094660167751295
56C,1,2,37.01987498,101.585549,36.4375,102.3125,12920,64013,7,2021-10-08T13:30:00Z,2021-10-08T17:30:00Z,1,91.61516636384707,134.6456286647816,16.79212000593035,-17.327750703137045,2.321223964887625,9.245097363210673
56C,1,2,37.01987498,101.585549,36.1875,102.6875,12920,64759,8,2021-10-08T13:30:00Z,2021-10-08T17:30:00Z,1,135.10020155715185,132.80344080508485,25.269240920641348,-24.20262718176832,0.09250742704582902,7.813174737966535
56C,1,2,37.01987498,101.585549,35.8125,102.3125,12920,64018,9,2021-10-08T13:30:00Z,2021-10-08T17:30:00Z,1,148.99877854736033,153.8343778575753,16.927360253907935,-34.721211718109814,-4.631208986284249,8.212612602346416
56C,1,2,37.01987498,101.585549,35.9375,102.8125,12920,65009,10,2021-10-08T13:30:00Z,2021-10-08T17:30:00Z,1,162.83401128436205,137.1611131065083,28.166857136168318,-31.1250273874525,-2.0319663708057343,6.498953859182353
56C,2,3,36.5625,102.1875,36.8125,104.6875,63764,118322,1,2021-10-10T14:30:00Z,2021-10-10T22:30:00Z,1,225.14554785588078,82.17633571398119,27.84770166499702,3.8414141087787916,6.782067515014648,15.961081292890553
56C,2,3,36.1875,102.8125,36.0625,105.5625,65007,120064,2,2021-10-10T14:30:00Z,2021-10-10T22:30:00Z,1,247.9381367822252,92.39545959370639,30.929247120035303,-1.3014730751327674,-0.13479130895996155,16.603042090620033
56C,2,3,36.5625,102.9375,35.3125,105.1875,65252,119326,3,2021-10-10T14:30:00Z,2021-10-10T22:30:00Z,1,245.8686155611179,123.67434516212012,25.547947425952906,-17.097740384274974,-0.5187350916748042,15.278602175947185
56C,2,3,36.5625,102.8125,36.4375,105.1875,65004,119317,4,2021-10-10T14:30:00Z,2021-10-10T22:30:00Z,1,213.22501995426754,93.0228767361292,26.584594723419773,-1.4114196039820657,4.2835744197998045,20.015011831586833
56C,2,3,35.8125,102.6875,34.9375,104.3125,64762,117593,5,2021-10-10T14:30:00Z,2021-10-10T22:30:00Z,1,176.71230769294303,122.8498890017135,18.536503014498397,-12.022834313822605,-0.8938276612548823,7.634228809492114
56C,2,3,36.5625,102.9375,35.3125,103.3125,65252,115606,6,2021-10-10T14:30:00Z,2021-10-10T22:30:00Z,1,142.7649863568439,166.1790100994873,4.258357863540683,-17.38545047393147,0.618341604125977,9.169141620893479
56C,2,3,36.4375,102.3125,34.9375,104.6875,64013,118337,7,2021-10-10T14:30:00Z,2021-10-10T22:30:00Z,1,271.85747218828976,127.04808380272232,27.092430033767986,-20.542792337607796,-2.633829652221679,8.97212298441887
56C,2,3,36.1875,102.6875,35.6875,104.4375,64759,117835,8,2021-10-10T14:30:00Z,2021-10-10T22:30:00Z,1,167.36987538295315,108.84291408670572,19.77744984122505,-6.779833711792875,-0.21364513098144522,10.885863612348556
56C,2,3,35.8125,102.3125,37.0625,104.3125,64018,117576,9,2021-10-10T14:30:00Z,2021-10-10T22:30:00Z,1,226.70134578234416,51.687349005096564,22.20781196913602,17.62277746626606,5.475380887329101,17.27631114787102
56C,2,3,35.9375,102.8125,35.3125,105.1875,65009,119326,10,2021-10-10T14:30:00Z,2021-10-10T22:30:00Z,1,226.03973520706296,107.17056847456217,26.965440889973273,-8.370425925067778,-2.6377080499267573,13.653543543134685
56C,3,4,36.8125,104.6875,35.9375,106.0625,118322,170657,1,2021-10-12T16:30:00Z,2021-10-12T19:30:00Z,1,157.00453211955224,127.79076168374763,41.31010656416224,-32.173176862185485,-2.990029649027507,-19.664391249725345
56C,3,4,36.0625,105.5625,35.3125,104.4375,120064,167438,2,2021-10-12T16:30:00Z,2021-10-12T19:30:00Z,1,131.50724203844436,231.07452814511754,-34.06447217910284,-27.63417965128667,-4.556569246683759,-18.64448818852743
56C,3,4,35.3125,105.1875,34.8125,104.4375,119326,167442,3,2021-10-12T16:30:00Z,2021-10-12T19:30:00Z,1,88.07610216410016,231.18039125030916,-22.849086963791812,-18.467158760340624,-1.051359902933757,-14.928684559621173
56C,3,4,36.4375,105.1875,35.0625,104.9375,119317,168432,4,2021-10-12T16:30:00Z,2021-10-12T19:30:00Z,1,154.22867485602373,188.5038992746606,-7.593877695051344,-51.01169983181307,-4.8476962584025065,-21.233614038787852
56C,3,4,34.9375,104.3125,35.0625,104.4375,117593,167440,5,2021-10-12T16:30:00Z,2021-10-12T19:30:00Z,1,17.958864351029234,39.413645289135445,3.7965805379808404,4.640686309160451,-2.1809724966837574,-12.120129395558674
56C,3,4,35.3125,103.3125,34.6875,104.5625,115606,167691,6,2021-10-12T16:30:00Z,2021-10-12T19:30:00Z,1,133.52299544774445,120.92487974387313,38.139127363893905,-22.95230341925831,-3.643008000590006,-5.7913927419128415
56C,3,4,34.9375,104.6875,35.4375,104.6875,118337,167933,7,2021-10-12T16:30:00Z,2021-10-12T19:30:00Z,1,55.472007204774236,0,1.1360588173557992e-15,18.553248465545618,-1.2936413156941757,-20.036360004933684
56C,3,4,35.6875,104.4375,35.1875,104.4375,117835,167439,8,2021-10-12T16:30:00Z,2021-10-12T19:30:00Z,1,55.47430519636353,180,-3.4081764520673973e-15,-18.553248465545618,-5.1584360136108405,-22.620077114308685
56C,3,4,37.0625,104.3125,35.3125,104.5625,117576,167686,9,2021-10-12T16:30:00Z,2021-10-12T19:30:00Z,1,195.48186272584311,173.32023908992232,7.571000793016752,-64.92654903418274,-2.027111530537926,-21.759281073944102
56C,3,4,35.3125,105.1875,35.8125,105.3125,119326,169170,10,2021-10-12T16:30:00Z,2021-10-12T19:30:00Z,1,56.621083655846206,11.509077810113297,3.7614218492657843,18.555629929464423,-0.4866612375691777,-15.150251718475344
56C,4,5,35.9375,106.0625,34.9375,106.8125,170657,221753,1,2021-10-20T17:30:00Z,2021-10-20T22:30:00Z,1,130.18005844670998,148.24048016214334,13.689141146192533,-22.211735803676532,3.764541785598756,-8.943606476644902
56C,4,5,35.3125,104.4375,33.0625,105.4375,167438,219040,2,2021-10-20T17:30:00Z,2021-10-20T22:30:00Z,1,266.0572372980021,159.44608556438027,18.6633350864099,-50.00136469143639,1.4547592777862575,-3.8075415317230252
56C,4,5,34.8125,104.4375,33.6875,106.3125,167442,220771,3,2021-10-20T17:30:00Z,2021-10-20T22:30:00Z,1,213.07197230335836,125.31932837502234,34.73508599172813,-24.7254432528141,0.1684267516143818,-7.612283716098026
56C,4,5,35.0625,104.9375,34.3125,106.5625,168432,221262,4,2021-10-20T17:30:00Z,2021-10-20T22:30:00Z,1,170.5693090524822,118.7301754339012,29.882380575249975,-16.45598588744389,1.2413161770050078,-9.21397631805115
56C,4,5,35.0625,104.4375,34.3125,106.4375,167440,221014,5,2021-10-20T17:30:00Z,2021-10-20T22:30:00Z,1,201.26406194608919,113.84592730221294,36.777492260571776,-16.331433628558493,0.9696603078643816,-5.549449133676151
56C,4,5,34.6875,104.5625,33.6875,105.6875,167691,219531,6,2021-10-20T17:30:00Z,2021-10-20T22:30:00Z,1,151.84954279102269,136.60978417479078,20.841526201244662,-22.148429022174682,2.205484839114382,-4.927071353207399
56C,4,5,35.4375,104.6875,33.9375,105.8125,167933,219777,7,2021-10-20T17:30:00Z,2021-10-20T22:30:00Z,1,195.74294849139767,147.89962711770704,20.782016293176063,-33.27899639472734,1.5242153488800072,-4.26590280867615
56C,4,5,35.1875,104.4375,33.9375,106.3125,167439,220769,8,2021-10-20T17:30:00Z,2021-10-20T22:30:00Z,1,220.98199451656097,128.3290585188306,34.63421573212481,-27.50664839703214,0.8272344055206318,-6.444394726644901
56C,4,5,35.3125,104.5625,34.6875,106.9375,167686,222003,9,2021-10-20T17:30:00Z,2021-10-20T22:30:00Z,1,227.61961471768595,107.0511412786177,43.47564289870505,-13.396687062891413,1.1851009203643819,-7.0979269063324
56C,4,5,35.8125,105.3125,35.5625,107.4375,169170,222988,10,2021-10-20T17:30:00Z,2021-10-20T22:30:00Z,1,194.33651761217894,97.5850612859578,38.48357032296581,-5.149190658921147,4.8975514117706345,-8.855138368051152
56C,5,6,34.9375,106.8125,32.6875,108.9375,221753,275587,1,2021-10-28T12:30:00Z,2021-10-28T18:30:00Z,1,317.77481737625703,141.15299274848945,33.187930412288644,-41.3989221408884,2.67938120442708,-1.0824072033767707
56C,5,6,33.0625,105.4375,34.5625,110.0625,219040,277804,2,2021-10-28T12:30:00Z,2021-10-28T18:30:00Z,1,459.34240967101965,67.4905541721929,70.64848631734657,29.40719262879874,2.3950038131510407,0.21257240371958747
56C,5,6,33.6875,106.3125,32.3125,105.6875,220771,269142,3,2021-10-28T12:30:00Z,2021-10-28T18:30:00Z,1,163.29562040822347,201.128736862084,-9.801001536929224,-25.481422019866603,-2.4018799671223947,5.059507938224794
56C,5,6,34.3125,106.5625,34.6875,108.6875,221262,275075,4,2021-10-28T12:30:00Z,2021-10-28T18:30:00Z,1,199.5399253066236,77.36671259436741,32.41630824120351,7.2974523055542235,1.7950780328776021,-5.941890108975725
56C,5,6,34.3125,106.4375,33.0625,109.1875,221014,276080,5,2021-10-28T12:30:00Z,2021-10-28T18:30:00Z,1,290.22412876264946,117.76688869160932,42.758175941246904,-22.61918307923041,1.7048365384114568,0.6916026670659391
56C,5,6,33.6875,105.6875,31.4375,105.0625,219531,267909,6,2021-10-28T12:30:00Z,2021-10-28T18:30:00Z,1,256.3263081692322,193.40636230689896,-9.896117681050667,-41.715458802698144,-2.959953463867186,3.7692288991622918
56C,5,6,33.9375,105.8125,32.6875,108.9375,219777,275587,7,2021-10-28T12:30:00Z,2021-10-28T18:30:00Z,1,322.3222747377636,114.6090919127958,48.79327334421011,-22.456532214209943,1.7981539117838536,2.974112850985212
56C,5,6,33.9375,106.3125,31.0625,105.4375,220769,268656,8,2021-10-28T12:30:00Z,2021-10-28T18:30:00Z,1,329.25369431891704,194.6990800398652,-13.911885375913998,-53.2827564048058,-4.486909676106772,3.7753805222091703
56C,5,6,34.6875,106.9375,33.3125,107.3125,222003,272358,9,2021-10-28T12:30:00Z,2021-10-28T18:30:00Z,1,156.40308192834004,167.0973150401204,5.814814768938627,-25.50001240224938,0.09757420963541644,0.2674769811935429
56C,5,6,35.5625,107.4375,34.5625,108.3125,222988,274332,10,2021-10-28T12:30:00Z,2021-10-28T18:30:00Z,1,136.66849478126554,144.0148882234521,13.369409691420696,-18.494358005370756,3.956159128580728,-9.712054172777812
56C,6,7,32.6875,108.9375,31.5625,108.9375,275587,325196,1,2021-10-29T15:30:00Z,2021-10-29T23:30:00Z,1,124.75014196216378,180,-2.875648881431863e-15,-15.654303392804096,-2.841943272500986,1.0335862977962471
56C,6,7,34.5625,110.0625,32.5625,107.5625,277804,322460,2,2021-10-29T15:30:00Z,2021-10-29T23:30:00Z,1,321.06304198417934,226.99824770449197,-29.32204871282307,-27.473037103066826,11.676858647298815,2.0446888971614805
56C,6,7,32.3125,105.6875,31.9375,110.5625,269142,328417,3,2021-10-29T15:30:00Z,2021-10-29T23:30:00Z,1,461.8627275576981,93.86523301524153,57.54754366470052,-3.9131700956409765,-3.8722891421298913,5.199101092473979
56C,6,7,34.6875,108.6875,31.6875,110.1875,275075,327675,4,2021-10-29T15:30:00Z,2021-10-29T23:30:00Z,1,360.91778509657155,156.7831553359349,17.768375348931855,-41.61577469696882,6.906831483358387,2.134287417181011
56C,6,7,33.0625,109.1875,31.8125,109.3125,276080,325938,5,2021-10-29T15:30:00Z,2021-10-29T23:30:00Z,1,139.11564288764532,175.1191312810097,1.4781922622353758,-17.39280058180487,0.9594225924892444,1.4578468751888263
56C,6,7,31.4375,105.0625,32.4375,107.8125,267909,322957,6,2021-10-29T15:30:00Z,2021-10-29T23:30:00Z,1,282.6748436208006,66.18185743144176,32.29385751702479,14.32307563966288,-0.701911039102546,10.302720559270853
56C,6,7,32.6875,108.9375,31.6875,110.3125,275587,327923,7,2021-10-29T15:30:00Z,2021-10-29T23:30:00Z,1,170.6104865862444,130.16969188496137,16.281176942671333,-13.810382390505298,-2.6525160972080197,0.3613183910579676
56C,6,7,31.0625,105.4375,31.5625,109.0625,268656,325444,8,2021-10-29T15:30:00Z,2021-10-29T23:30:00Z,1,349.47600193767454,79.93389719085974,42.972594361310456,7.66250393321745,-10.530129810098641,3.797796277776717
56C,6,7,33.3125,107.3125,31.9375,108.8125,272358,324945,9,2021-10-29T15:30:00Z,2021-10-29T23:30:00Z,1,207.52160766217378,136.8808851343212,17.71396970546864,-19.0072333500231,3.000751284139636,3.615207616888042
56C,6,7,34.5625,108.3125,31.9375,108.9375,274332,325193,10,2021-10-29T15:30:00Z,2021-10-29T23:30:00Z,1,296.9025221687138,168.51464597169877,7.382895874413496,-36.504370261974806,7.412173175741197,2.984143049749371
56C,7,8,31.5625,108.9375,29.4375,108.4375,325196,373821,1,2021-11-05T12:30:00Z,2021-11-05T20:30:00Z,1,240.41867605423755,191.6440153025814,-6.06057517190625,-29.55567657491283,4.110289358093263,10.334601778318405
56C,7,8,32.5625,107.5625,30.3125,108.6875,322460,374310,2,2021-11-05T12:30:00Z,2021-11-05T20:30:00Z,1,271.42547112831096,156.49988607319835,13.51737013520526,-31.238643576258376,0.3966960372924812,13.890527884519578
56C,7,8,31.9375,110.5625,30.1875,109.3125,328417,375551,3,2021-11-05T12:30:00Z,2021-11-05T20:30:00Z,1,227.76242996152777,211.9113084134723,-15.03683974945282,-24.265783506662576,2.9592381569213875,8.306210496580125
56C,7,8,31.6875,110.1875,30.3125,109.5625,327675,376046,4,2021-11-05T12:30:00Z,2021-11-05T20:30:00Z,1,163.71376012365482,201.5444756638662,-7.508532576288265,-19.11180416586954,3.9784895238647473,8.646575520505904
56C,7,8,31.8125,109.3125,29.5625,109.0625,325938,375060,5,2021-11-05T12:30:00Z,2021-11-05T20:30:00Z,1,250.59156311581697,185.54932130747065,-3.0266409700183665,-31.305199468494887,4.102620057800296,10.093197649900436
56C,7,8,32.4375,107.8125,29.5625,109.0625,322957,375060,6,2021-11-05T12:30:00Z,2021-11-05T20:30:00Z,1,340.3628406924663,159.14305171575575,15.135360131136466,-39.91921279250006,2.219902968933107,12.988977743162154
56C,7,8,31.6875,110.3125,29.0625,108.5625,327923,374072,7,2021-11-05T12:30:00Z,2021-11-05T20:30:00Z,1,336.1078747495029,210.47632550908602,-21.29169604809242,-36.3601196653415,7.273711179382329,10.77345640185356
56C,7,8,31.5625,109.0625,30.4375,109.6875,325444,376293,8,2021-11-05T12:30:00Z,2021-11-05T20:30:00Z,1,138.27430463583102,154.26446228326745,7.4986996414084,-15.633123546396575,1.0582554076538093,9.30346497924614
56C,7,8,31.9375,108.8125,30.3125,108.8125,324945,374558,9,2021-11-05T12:30:00Z,2021-11-05T20:30:00Z,1,180.16643196375946,180,-4.153715050957137e-15,-22.611771567383702,0.3331605880737316,11.428464573972706
56C,7,8,31.9375,108.9375,29.6875,108.8125,325193,374563,10,2021-11-05T12:30:00Z,2021-11-05T20:30:00Z,1,249.73574972897748,182.77747852899398,-1.5114451339893769,-31.307752933523517,1.452196974060059,9.287082840574266
56C,8,9,29.4375,108.4375,28.9375,110.9375,373821,428385,1,2021-11-08T14:30:00Z,2021-11-08T22:30:00Z,1,249.3859844873773,102.22767250220784,30.442161380641394,-6.632689356610385,0.4071330493621826,-0.8913642742576623
56C,8,9,30.3125,108.6875,30.5625,110.8125,374310,428124,2,2021-11-08T14:30:00Z,2021-11-08T22:30:00Z,1,205.99759511021364,81.73066751298109,25.459915903332487,3.717646774658976,7.740826176315306,-8.66000219906235
56C,8,9,30.1875,109.3125,25.3125,112.9375,375551,432382,3,2021-11-08T14:30:00Z,2021-11-08T22:30:00Z,1,647.623686867107,145.6522524114501,45.647150119148215,-67.14441368677053,-5.4371871501007005,-7.581365889003754
56C,8,9,30.3125,109.5625,28.6875,110.6875,376046,427891,4,2021-11-08T14:30:00Z,2021-11-08T22:30:00Z,1,210.57574679301808,148.5209709867953,13.734379095385895,-22.544815578844577,5.300414425094606,-4.663535744716649
56C,8,9,29.5625,109.0625,28.6875,109.6875,375060,425907,5,2021-11-08T14:30:00Z,2021-11-08T22:30:00Z,1,114.47867458918535,147.75226310473175,7.62956733658639,-12.155222726826029,0.46657177738952604,0.002287117343898992
56C,8,9,29.5625,109.0625,25.6875,110.3125,375060,427171,6,2021-11-08T14:30:00Z,2021-11-08T22:30:00Z,1,446.7635936221304,163.67624366848622,15.686369813075448,-53.83930967663272,-6.863281840286249,-2.747863056484226
56C,8,9,29.0625,108.5625,27.6875,109.4375,374072,425419,7,2021-11-08T14:30:00Z,2021-11-08T22:30:00Z,1,174.86133842280455,150.41891819169734,10.782346212644221,-19.093618548415908,-3.754733365188596,0.6047677191505414
56C,8,9,30.4375,109.6875,29.4375,108.1875,376293,422925,8,2021-11-08T14:30:00Z,2021-11-08T22:30:00Z,1,182.37190866709346,232.9442719294937,-18.178022622697238,-13.795578213472588,5.324559347702024,-5.431000142421721
56C,8,9,30.3125,108.8125,26.9375,111.1875,374558,428897,9,2021-11-08T14:30:00Z,2021-11-08T22:30:00Z,1,440.25160556768566,147.58733545207093,29.47741391581216,-46.66487372068408,-4.331519452590937,-1.4915745718650832
56C,8,9,29.6875,108.8125,27.3125,110.0625,374563,426662,10,2021-11-08T14:30:00Z,2021-11-08T22:30:00Z,1,290.2674811379968,154.76357381387345,15.458721754527323,-32.96647850065772,-5.303355275833128,0.0946858165626498
56C,9,10,28.9375,110.9375,27.1875,109.5625,428385,475271,1,2021-11-09T15:30:00Z,2021-11-09T20:30:00Z,1,236.38757546398014,215.20152357237723,-27.23428664450799,-38.80660813394751,6.451245751107785,-7.35823120001831
56C,9,10,30.5625,110.8125,27.4375,109.0625,428124,474277,2,2021-11-09T15:30:00Z,2021-11-09T20:30:00Z,1,386.0425219352694,206.64047582888193,-34.59504670734848,-69.31429363147167,4.458461001107788,-7.384095460174558
56C,9,10,25.3125,112.9375,26.6875,109.8125,432382,475771,3,2021-11-09T15:30:00Z,2021-11-09T20:30:00Z,1,347.9642150682941,296.6401756058061,-62.16288955552891,31.35010722031601,1.704019375717168,-10.999454374627685
56C,9,10,28.6875,110.6875,27.3125,109.6875,427891,475518,4,2021-11-09T15:30:00Z,2021-11-09T20:30:00Z,1,181.36380598585333,213.07898446770446,-19.783532823501194,-30.531194866077836,6.125066327670284,-7.790474439276124
56C,9,10,28.6875,109.6875,27.6875,109.5625,425907,475267,5,2021-11-09T15:30:00Z,2021-11-09T20:30:00Z,1,111.5000758925224,186.349507479146,-2.4644460419013594,-22.262621411224007,4.3192711073577845,-9.051422520526122
56C,9,10,25.6875,110.3125,27.1875,109.8125,427171,475767,6,2021-11-09T15:30:00Z,2021-11-09T20:30:00Z,1,173.51310734768066,343.40699497712177,-9.903153952215925,33.414917393326824,0.11378403099060375,-10.970892384783939
56C,9,10,27.6875,109.4375,25.8125,108.5625,425419,473298,7,2021-11-09T15:30:00Z,2021-11-09T20:30:00Z,1,225.24300041649934,202.93011315717487,-17.540171945394118,-41.68386960381902,2.519021316342165,-11.638093592791748
56C,9,10,29.4375,108.1875,27.6875,109.0625,422925,474275,8,2021-11-09T15:30:00Z,2021-11-09T20:30:00Z,1,212.00367737076957,155.9714292740856,17.25277856937106,-38.89824241208234,1.4748073692718473,-5.8517449009948725
56C,9,10,26.9375,111.1875,26.9375,109.4375,428897,475025,9,2021-11-09T15:30:00Z,2021-11-09T20:30:00Z,1,173.79059570206437,270.3964156303105,-34.73340322832847,0.24031576495052287,2.273860855990602,-10.141792920721434
56C,9,10,27.3125,110.0625,26.4375,109.5625,426662,475277,10,2021-11-09T15:30:00Z,2021-11-09T20:30:00Z,1,108.93944080003688,207.2460074558797,-9.968137633616166,-19.46115046314682,0.7217611591156019,-12.818176912127685
56C,10,15,27.1875,109.5625,14.9375,100.5625,475271,507113,1,2021-11-23T12:30:00Z,2021-12-04T18:30:00Z,5,1646.042561094177,216.32594001765833,-25.655415209272245,-35.09182602657699,-4.518031928227783,-2.770956991476207
56C,10,15,27.4375,109.0625,14.4375,101.1875,474277,508357,2,2021-11-23T12:30:00Z,2021-12-04T18:30:00Z,5,1654.8135493634625,211.15267389916124,-22.524561387641743,-37.47308089037523,-5.5685697340505165,-4.51204142974941
56C,10,15,26.6875,109.8125,14.1875,100.3125,475771,506623,3,2021-11-23T12:30:00Z,2021-12-04T18:30:00Z,5,1700.6587028281185,217.40376516591735,-27.180741397964976,-35.75122155077117,-7.433810518148342,-5.761746756937448
56C,10,15,27.3125,109.6875,13.4375,101.0625,475518,508117,4,2021-11-23T12:30:00Z,2021-12-04T18:30:00Z,5,1778.9648423491567,212.00009110030558,-24.805100485135636,-39.92275028899515,-7.776236943233735,-6.722381236214026
56C,10,15,27.6875,109.5625,14.3125,101.3125,475267,508606,5,2021-11-23T12:30:00Z,2021-12-04T18:30:00Z,5,1709.9120539753712,211.66979328538295,-23.621237704521736,-38.50785696385922,-6.020250457552867,-5.138306250622927
56C,10,15,27.1875,109.8125,13.8125,101.4375,475767,508858,6,2021-11-23T12:30:00Z,2021-12-04T18:30:00Z,5,1717.8206263700472,212.1191273450204,-24.031777673708422,-38.49991009304641,-7.914045321773094,-7.425196920118765
56C,10,15,25.8125,108.5625,14.5625,100.4375,473298,506868,7,2021-11-23T12:30:00Z,2021-12-04T18:30:00Z,5,1506.3338951598996,215.786777140328,-23.176487481443125,-32.3369791752928,-6.630432973604245,-5.265793482626119
56C,10,15,27.6875,109.0625,14.1875,100.4375,474275,506871,8,2021-11-23T12:30:00Z,2021-12-04T18:30:00Z,5,1741.6817524484757,212.63209793736942,-24.71186550260652,-38.81200230200359,-6.212151674617174,-4.156204210801734
56C,10,15,26.9375,109.4375,14.3125,100.1875,475025,506374,9,2021-11-23T12:30:00Z,2021-12-04T18:30:00Z,5,1696.3768570582629,216.34996824870768,-26.455561732333102,-36.155596456846865,-6.5525448969482545,-4.273027800935426
56C,10,15,26.4375,109.5625,14.0625,100.0625,475277,506128,10,2021-11-23T12:30:00Z,2021-12-04T18:30:00Z,5,1690.1337655067916,217.69471478137027,-27.19163659070673,-35.3923452841543,-7.409345576954265,-5.925519156772133
56C,15,16,14.9375,100.5625,16.1875,102.0625,507113,559679,1,2022-04-09T14:30:00Z,2022-04-09T23:30:00Z,1,212.17462719797248,49.11625129198853,17.818963146978568,15.522806579988412,1.7750851928710945,1.7075528503417963
56C,15,16,14.4375,101.1875,18.1875,100.3125,508357,556191,2,2022-04-09T14:30:00Z,2022-04-09T23:30:00Z,1,425.3835314335967,347.42217576774874,-10.28933948435497,46.404370754384075,5.128667224121094,9.317538787841798
56C,15,16,14.1875,100.3125,18.4375,104.3125,506623,564125,3,2022-04-09T14:30:00Z,2022-04-09T23:30:00Z,1,635.4623488085573,41.72322911468166,46.97577077079145,53.00894359772973,-0.04673590087890502,2.6565481628417973
56C,15,16,13.4375,101.0625,17.1875,100.8125,508117,557191,4,2022-04-09T14:30:00Z,2022-04-09T23:30:00Z,1,415.81266202396637,356.33032658921223,-2.9562283700824,46.38475682139446,2.4866531616210965,4.092866131591798
56C,15,16,14.3125,101.3125,18.5625,102.3125,508606,560156,5,2022-04-09T14:30:00Z,2022-04-09T23:30:00Z,1,482.2870176365312,12.655066864041544,11.736079657312096,52.59531110517144,-0.1381374633789061,4.355739569091797
56C,15,16,13.8125,101.4375,16.5625,101.6875,508858,558932,6,2022-04-09T14:30:00Z,2022-04-09T23:30:00Z,1,305.4727143970732,5.0129779344406415,2.965047997733251,34.01593375042776,-0.48099449462890465,0.026326678466795952
56C,15,16,14.5625,100.4375,16.8125,101.1875,506868,557938,7,2022-04-09T14:30:00Z,2022-04-09T23:30:00Z,1,261.63267763345993,17.796259516458008,8.882372307657905,27.845226761054306,3.3614828491210957,5.775611053466798
56C,15,16,14.1875,100.4375,16.4375,101.9375,506871,559429,8,2022-04-09T14:30:00Z,2022-04-09T23:30:00Z,1,296.5298341391848,32.709148170214235,17.79939080461699,27.889939090904672,2.3572601928710952,1.5583540222167969
56C,15,16,14.3125,100.1875,16.8125,100.8125,506374,557194,9,2022-04-09T14:30:00Z,2022-04-09T23:30:00Z,1,284.64182753507265,13.53976393298808,7.402428135053493,30.932630813380438,1.6506851928710955,8.959452069091796
56C,15,16,14.0625,100.0625,19.5625,101.4375,506128,558412,10,2022-04-09T14:30:00Z,2022-04-09T23:30:00Z,1,626.0537525083798,13.345039791156864,16.04994630075407,68.08135610575381,3.6465281616210934,5.803750897216796
56C,16,17,16.1875,102.0625,17.6875,106.1875,559679,617451,1,2022-04-10T13:30:00Z,2022-04-10T22:30:00Z,1,469.68890722808953,68.71128758338256,48.61152254877483,19.055970770946782,5.856181335449218,-2.943692639160158
56C,16,17,18.1875,100.3125,18.5625,104.4375,556191,613972,2,2022-04-10T13:30:00Z,2022-04-10T22:30:00Z,1,437.8865866011871,83.91288947975818,48.36333377750519,5.185557723922263,9.744112585449217,1.7810241577148442
56C,16,17,18.4375,104.3125,17.3125,103.8125,564125,612742,3,2022-04-10T13:30:00Z,2022-04-10T22:30:00Z,1,135.31995365306284,203.13046696283052,-5.904609078407835,-13.906947979444563,7.0940352416992205,0.3699276733398457
56C,16,17,17.1875,100.8125,19.4375,104.9375,557191,614957,4,2022-04-10T13:30:00Z,2022-04-10T22:30:00Z,1,502.1430435093137,59.63390052872285,48.12172835637871,28.36365303697803,10.443201257324219,3.031616345214842
56C,16,17,18.5625,102.3125,19.4375,105.5625,560156,616197,5,2022-04-10T13:30:00Z,2022-04-10T22:30:00Z,1,355.63291818388194,73.67143314536958,37.9068997922721,11.170256458046723,6.897357116699218,3.689208923339845
56C,16,17,16.5625,101.6875,16.9375,104.0625,558932,613241,6,2022-04-10T13:30:00Z,2022-04-10T22:30:00Z,1,256.61264471044575,80.35225472408814,28.101270428021287,4.805579590116955,5.469215319824219,0.3178804077148427
56C,16,17,16.8125,101.1875,17.8125,106.3125,557938,617698,7,2022-04-10T13:30:00Z,2022-04-10T22:30:00Z,1,555.9299023434693,77.76212285452294,60.34743447568889,13.165053512201524,8.790796960449216,1.5077112670898416
56C,16,17,16.4375,101.9375,18.0625,104.8125,559429,614720,8,2022-04-10T13:30:00Z,2022-04-10T22:30:00Z,1,354.6957852717595,59.114691182317756,33.8112206217533,20.347138330599428,8.33195946044922,0.8454741577148424
56C,16,17,16.8125,100.8125,16.9375,103.6875,557194,612497,9,2022-04-10T13:30:00Z,2022-04-10T22:30:00Z,1,306.6583772577572,86.99768959115272,34.01671748315772,1.7936023018481777,7.219891882324216,4.516954626464843
56C,16,17,19.5625,101.4375,17.0625,102.1875,558412,609520,10,2022-04-10T13:30:00Z,2022-04-10T22:30:00Z,1,287.8433531769328,163.89178832827452,8.87110561892137,-30.90343540179726,10.369051257324214,3.4404827514648435
56C,17,18,17.6875,106.1875,20.3125,105.8125,617451,666286,1,2022-04-11T14:30:00Z,2022-04-11T21:30:00Z,1,293.2369173610651,352.3219775754362,-5.594643313230888,41.75063805007077,14.54768355102539,9.49022946166992
56C,17,18,18.5625,104.4375,21.5625,105.3125,613972,665284,2,2022-04-11T14:30:00Z,2022-04-11T21:30:00Z,1,344.49375869602176,15.259834664965183,12.946986217778486,47.741461074677936,19.372971776471825,6.910714952741347
56C,17,18,17.3125,103.8125,21.8125,106.0625,612742,666770,3,2022-04-11T14:30:00Z,2022-04-11T21:30:00Z,1,551.2288070201774,24.990350259913896,33.25271388371929,71.77317988221864,18.30780018048968,8.39034709559849
56C,17,18,19.4375,104.9375,22.3125,105.8125,614957,666270,4,2022-04-11T14:30:00Z,2022-04-11T21:30:00Z,1,331.06956607787055,15.80873330916262,12.878422148660245,45.75478164959864,19.666277356828964,9.73398331211635
56C,17,18,19.4375,105.5625,18.9375,105.6875,616197,666049,5,2022-04-11T14:30:00Z,2022-04-11T21:30:00Z,1,56.88710229777648,166.61749143588486,1.8802758061196123,-7.950715276161033,17.67618399745396,8.92742410452706
56C,17,18,16.9375,104.0625,20.6875,105.5625,613241,665787,6,2022-04-11T14:30:00Z,2022-04-11T21:30:00Z,1,444.1689157497844,20.61514213566869,22.33176084609618,59.72671112963833,19.180951854596817,6.569966013009205
56C,17,18,17.8125,106.3125,19.9375,105.9375,617698,666537,7,2022-04-11T14:30:00Z,2022-04-11T21:30:00Z,1,238.51304332162908,350.5241034277562,-5.6074012648595835,33.79924624728224,14.235377524239675,10.977100276402066
56C,17,18,18.0625,104.8125,20.9375,105.4375,614720,665537,8,2022-04-11T14:30:00Z,2022-04-11T21:30:00Z,1,324.9478793012016,11.545222732313732,9.286836189854018,45.737015720452355,18.460455147007536,6.540460879080633
56C,17,18,16.9375,103.6875,20.0625,105.5625,612497,665792,9,2022-04-11T14:30:00Z,2022-04-11T21:30:00Z,1,398.5421833927741,29.496255181184097,28.021737935911844,49.837765384264735,18.684337178257532,6.48276746390206
56C,17,18,17.0625,102.1875,20.4375,105.8125,609520,666285,10,2022-04-11T14:30:00Z,2022-04-11T21:30:00Z,1,534.4274729552794,45.08811798819386,54.04640661341064,54.205832971964234,17.035428193882538,8.400303345598488
56C,18,19,20.3125,105.8125,21.1875,106.8125,666286,717863,1,2022-04-12T16:30:00Z,2022-04-12T20:30:00Z,1,142.23226874322737,46.89452690411002,25.949490973860907,24.43083235347778,13.822184289550782,-0.6631913726806613
56C,18,19,21.5625,105.3125,20.6875,105.3125,665284,714891,2,2022-04-12T16:30:00Z,2022-04-12T20:30:00Z,1,96.87883786476074,180,-4.473231593338451e-15,-24.351138611028578,10.048702258300782,-4.652761294555663
56C,18,19,21.8125,106.0625,21.4375,106.5625,666770,717365,3,2022-04-12T16:30:00Z,2022-04-12T20:30:00Z,1,66.36073243942205,128.641202480507,12.952326741369488,-10.41531722936957,12.09109053955078,-3.835619302368164
56C,18,19,22.3125,105.8125,21.4375,105.9375,666270,716125,4,2022-04-12T16:30:00Z,2022-04-12T20:30:00Z,1,97.74502820853621,172.38158051159894,3.238189660971091,-24.349814173461027,10.52474425048828,-5.8228193023681625
56C,18,19,18.9375,105.6875,21.5625,105.9375,666049,716124,5,2022-04-12T16:30:00Z,2022-04-12T20:30:00Z,1,291.7785931188898,5.093201365209836,6.472826951767235,73.05820280383647,12.14802608642578,-1.635360122680664
56C,18,19,20.6875,105.5625,21.6875,105.4375,665787,715131,6,2022-04-12T16:30:00Z,2022-04-12T20:30:00Z,1,111.47771314213266,353.3360571948436,-3.2326494703749002,27.831137620767727,11.893990539550783,-4.986963638305661
56C,18,19,19.9375,105.9375,21.6875,105.8125,666537,715875,7,2022-04-12T16:30:00Z,2022-04-12T20:30:00Z,1,194.1870872282739,356.17979726196415,-3.2329880111827887,48.7035135449494,13.124594641113283,-1.199821646118163
56C,18,19,20.9375,105.4375,22.0625,105.0625,665537,714384,8,2022-04-12T16:30:00Z,2022-04-12T20:30:00Z,1,130.48389269127046,342.7431713305321,-9.672620141446336,31.32011170949581,8.883121398925782,-4.944721646118162
56C,18,19,20.0625,105.5625,21.5625,107.8125,665792,719844,9,2022-04-12T16:30:00Z,2022-04-12T20:30:00Z,1,287.11592106668894,54.26667897397488,58.239849280845505,42.14651976575289,16.18621182861328,-0.5123710601806623
56C,18,19,20.4375,105.8125,21.5625,106.6875,666285,717612,10,2022-04-12T16:30:00Z,2022-04-12T20:30:00Z,1,154.24088898453715,35.98793093595572,22.648320496032014,31.370056212731615,13.815935266113279,-1.7018388336181614
56C,19,20,21.1875,106.8125,24.1875,106.8125,717863,767439,1,2022-04-14T15:30:00Z,2022-04-14T21:30:00Z,1,332.21953360766184,0,3.408176452067394e-15,55.6597453966368,14.201818203735352,17.84508397521972
56C,19,20,20.6875,105.3125,23.6875,106.0625,714891,765955,2,2022-04-14T15:30:00Z,2022-04-14T21:30:00Z,1,341.08101994303814,12.96636577983503,12.74837894232835,55.69058464683453,17.987236953735355,14.031041006469724
56C,19,20,21.4375,106.5625,23.6875,107.0625,717365,767939,3,2022-04-14T15:30:00Z,2022-04-14T21:30:00Z,1,254.41110990066016,11.566543368525174,8.49723899830561,41.75881176849181,13.818098281860353,18.579117178344717
56C,19,20,21.4375,105.9375,23.6875,107.0625,716125,767939,4,2022-04-14T15:30:00Z,2022-04-14T21:30:00Z,1,274.7112261642418,24.695622785098237,19.118642529175194,41.815699131962944,15.783943203735346,17.574038662719722
56C,19,20,21.5625,105.9375,24.0625,106.6875,716124,767192,5,2022-04-14T15:30:00Z,2022-04-14T21:30:00Z,1,287.3590489698468,15.398080731721961,12.70972349674021,46.41481876354108,17.599385000610354,16.842033975219717
56C,19,20,21.6875,105.4375,23.9375,106.5625,715131,766945,6,2022-04-14T15:30:00Z,2022-04-14T21:30:00Z,1,274.6300118747484,24.6529993222847,19.081859367256012,41.81631903625081,19.13478617248535,16.04472889709472
56C,19,20,21.6875,105.8125,23.1875,107.6875,715875,769183,7,2022-04-14T15:30:00Z,2022-04-14T21:30:00Z,1,254.64200518918875,48.931204192783866,31.9800846387615,28.027506222323368,13.609775234985346,16.75845936584472
56C,19,20,22.0625,105.0625,23.8125,108.1875,714384,770170,8,2022-04-14T15:30:00Z,2022-04-14T21:30:00Z,1,374.54262396722834,58.23993652362162,53.047501108868964,33.025360891519384,12.560311953735349,19.805007412719714
56C,19,20,21.5625,107.8125,23.8125,107.1875,719844,768186,9,2022-04-14T15:30:00Z,2022-04-14T21:30:00Z,1,257.306691739946,345.66593009790944,-10.61134595091334,41.76678423637696,9.280553750610352,22.28922538146972
56C,19,20,21.5625,106.6875,23.8125,107.9375,717612,769674,10,2022-04-14T15:30:00Z,2022-04-14T21:30:00Z,1,280.31777877919774,27.032754324585653,21.222503944662535,41.83271166809912,9.775839688110349,21.899745693969717
56C,20,21,24.1875,106.8125,28.0625,111.0625,767439,825440,1,2022-04-19T13:30:00Z,2022-04-19T22:30:00Z,1,604.0205250570177,43.7960919562974,46.414542835533204,48.670294716996324,8.970541125488277,-1.2284898925781247
56C,20,21,23.6875,106.0625,22.0625,106.5625,765955,816560,2,2022-04-19T13:30:00Z,2022-04-19T22:30:00Z,1,187.12704729453222,163.98853382154607,5.7323177126201195,-20.089520489349088,14.03417589111328,13.040039794921878
56C,20,21,23.6875,107.0625,22.6875,105.6875,767939,814819,3,2022-04-19T13:30:00Z,2022-04-19T22:30:00Z,1,179.11153359810805,232.08015006468924,-15.691733122974291,-12.294187848906281,13.50381612548828,10.495302294921874
56C,20,21,23.6875,107.0625,25.4375,106.9375,767939,817277,4,2022-04-19T13:30:00Z,2022-04-19T22:30:00Z,1,194.25445273821902,356.28818740164235,-1.396432914707142,21.646082717726742,6.578251672363278,7.290639013671875
56C,20,21,24.0625,106.6875,23.6875,108.9375,767192,821259,5,2022-04-19T13:30:00Z,2022-04-19T22:30:00Z,1,232.89247159312185,99.81615068136034,25.484321939097132,-4.435260045799549,9.94230753173828,6.593457373046873
56C,20,21,23.9375,106.5625,25.0625,109.8125,766945,822984,6,2022-04-19T13:30:00Z,2022-04-19T22:30:00Z,1,352.16993854765866,68.61001621675678,36.4128258171413,14.340247036047689,9.051511047363277,4.569339404296875
56C,20,21,23.1875,107.6875,23.5625,110.6875,769183,824732,7,2022-04-19T13:30:00Z,2022-04-19T22:30:00Z,1,309.5041331333029,81.695154216460935,34.01052211613114,4.99076312336596,12.758261437988278,6.917223388671876
56C,20,21,23.8125,108.1875,25.4375,107.0625,770170,817525,8,2022-04-19T13:30:00Z,2022-04-19T22:30:00Z,1,213.00979810763874,327.9050419310628,-12.567488510622786,20.150235800957745,7.82203878173828,8.575875341796873
56C,20,21,23.8125,107.1875,23.6875,110.3125,768186,823987,9,2022-04-19T13:30:00Z,2022-04-19T22:30:00Z,1,318.87970568759965,91.85821433928396,35.3933099989855,-1.1569540719536207,13.53058917236328,7.995156982421873
56C,20,21,23.8125,107.9375,23.5625,111.8125,769674,826964,10,2022-04-19T13:30:00Z,2022-04-19T22:30:00Z,1,396.1904393375173,93.22717845434141,43.92783582683622,-2.4942129289696426,14.756416125488279,4.385781591796874
56C,21,22,28.0625,111.0625,28.3125,111.4375,825440,875782,1,2022-04-20T13:30:00Z,2022-04-20T18:30:00Z,1,46.08069823367166,52.95275054763283,7.350219704611416,5.57732106405177,24.624624572753905,8.897221186523433
56C,21,22,22.0625,106.5625,23.5625,107.1875,816560,867388,2,2022-04-20T13:30:00Z,2022-04-20T18:30:00Z,1,178.07301761739214,20.999791933431766,12.75619149901611,33.422543539141856,9.843226369628907,16.761881733398436
56C,21,22,22.6875,105.6875,24.8125,107.4375,814819,867874,3,2022-04-20T13:30:00Z,2022-04-20T18:30:00Z,1,295.32119910259485,36.81485940990888,35.372314439434945,47.525317500033736,8.187606760253907,18.915756108398433
56C,21,22,25.4375,106.9375,24.8125,107.6875,817277,868370,4,2022-04-20T13:30:00Z,2022-04-20T18:30:00Z,1,102.53799943050373,132.31006540414256,15.156693154829057,-13.872652337750328,4.426237463378908,16.46239407714843
56C,21,22,23.6875,108.9375,24.5625,108.9375,821259,870852,5,2022-04-20T13:30:00Z,2022-04-20T18:30:00Z,1,96.91503704992779,0,1.1928617582235912e-15,19.480910888822933,9.507164260253909,0.1769130615234359
56C,21,22,25.0625,109.8125,26.5625,109.0625,822984,871084,6,2022-04-20T13:30:00Z,2022-04-20T18:30:00Z,1,182.40226363842677,335.81230194396426,-14.937034741039785,33.43803360645588,7.330936838378907,11.603677280273432
56C,21,22,23.5625,110.6875,23.5625,109.1875,824732,871356,7,2022-04-20T13:30:00Z,2022-04-20T18:30:00Z,1,153.13850305155063,270.2998263614455,-30.610894986426015,0.1601869217069269,15.494639963378905,8.950329624023437
56C,21,22,25.4375,107.0625,25.0625,107.3125,817525,867624,8,2022-04-20T13:30:00Z,2022-04-20T18:30:00Z,1,48.57999251648866,148.71839645925422,5.041950210495069,-8.344258757970106,4.083680588378909,17.53185563964843
56C,21,22,23.6875,110.3125,24.0625,107.4375,823987,867880,9,2022-04-20T13:30:00Z,2022-04-20T18:30:00Z,1,295.74333807716425,278.6532732235785,-58.44282763927272,8.94109010563699,11.59686019775391,3.9121043115234375
56C,21,22,23.5625,111.8125,26.6875,110.6875,826964,874307,10,2022-04-20T13:30:00Z,2022-04-20T18:30:00Z,1,364.28173861667034,342.09036744634267,-22.389465000254216,69.66621658140664,13.180159182128905,8.230514545898437
56C,22,23,28.3125,111.4375,31.6875,106.1875,875782,914939,1,2022-04-22T12:30:00Z,2022-04-22T21:30:00Z,1,629.5823949409678,307.73930964585395,-55.26861700571667,42.99040791271165,-3.1154038330078104,5.205126922607421
56C,22,23,23.5625,107.1875,24.0625,106.3125,867388,915248,2,2022-04-22T12:30:00Z,2022-04-22T21:30:00Z,1,104.95872083428051,302.0203214063984,-9.88230934286943,6.2147828194909716,12.781300854492184,12.083046453857419
56C,22,23,24.8125,107.4375,27.9375,104.1875,867874,911001,3,2022-04-22T12:30:00Z,2022-04-22T21:30:00Z,1,474.3660833846975,317.5806936993797,-35.52776357305081,39.092201216297546,0.12899733886718978,10.00551676635742
56C,22,23,24.8125,107.6875,27.1875,106.3125,868370,915223,4,2022-04-22T12:30:00Z,2022-04-22T21:30:00Z,1,296.9494981081776,332.6806870300325,-15.132182208375456,29.45445522488077,5.900820776367189,8.11762379760742
56C,22,23,24.5625,108.9375,27.8125,108.3125,870852,919186,5,2022-04-22T12:30:00Z,2022-04-22T21:30:00Z,1,365.44801762974197,350.2935170338533,-6.84112590258283,40.21485725451778,13.836160229492188,6.588171453857418
56C,22,23,26.5625,109.0625,27.9375,106.0625,871084,914721,6,2022-04-22T12:30:00Z,2022-04-22T21:30:00Z,1,333.8745905753287,297.83072088082287,-32.78208012444477,17.397154142116698,10.688407104492185,3.7606101257324194
56C,22,23,23.5625,109.1875,27.5625,107.5625,871356,917700,7,2022-04-22T12:30:00Z,2022-04-22T21:30:00Z,1,472.2349379878862,340.11735150026897,-17.832245306967415,49.58181907234925,16.128664135742184,10.85956481323242
56C,22,23,25.0625,107.3125,29.3125,109.0625,867624,920662,8,2022-04-22T12:30:00Z,2022-04-22T21:30:00Z,1,501.8154670301556,19.82043493566755,18.890730848176428,52.696218599535506,5.119771557617188,5.549912860107419
56C,22,23,24.0625,107.4375,27.6875,104.6875,867880,911995,9,2022-04-22T12:30:00Z,2022-04-22T21:30:00Z,1,487.0320495329921,326.1294886001405,-30.137379408466572,45.145899236461744,1.2964930419921898,11.25493434448242
56C,22,23,26.6875,110.6875,29.8125,107.3125,874307,917186,10,2022-04-22T12:30:00Z,2022-04-22T21:30:00Z,1,479.142109413182,317.0660029735918,-36.23343935659697,39.149372871785,5.1172520263671855,2.49043004760742
56C,23,26,31.6875,106.1875,37.01987498,101.585549,914939,955320,1,2022-04-23T13:30:00Z,2022-04-26T21:30:00Z,3,727.1859892994847,325.68276407040764,-18.69553269114963,27.614057476086526,-0.15711778564453113,7.897877934681283
56C,23,26,24.0625,106.3125,37.01987498,101.585549,915248,955320,2,2022-04-23T13:30:00Z,2022-04-26T21:30:00Z,3,1505.8104793129135,343.6414697092487,-19.339058730240556,66.16233116573397,5.741688997025921,10.874850058260826
56C,23,26,27.9375,104.1875,37.01987498,101.585549,911001,955320,3,2022-04-23T13:30:00Z,2022-04-26T21:30:00Z,3,1036.3361946788798,347.03611454660086,-10.642957702888516,46.297988844591785,1.5445070367986502,6.50450055541992
56C,23,26,27.1875,106.3125,37.01987498,101.585549,915223,955320,4,2022-04-23T13:30:00Z,2022-04-26T21:30:00Z,3,1177.5980112945595,338.9710244888487,-19.26830865890748,50.37333778470037,3.553492086514557,11.336713375022192
56C,23,26,27.8125,108.3125,37.01987498,101.585549,919186,955320,5,2022-04-23T13:30:00Z,2022-04-26T21:30:00Z,3,1200.3742478110782,329.96661505513674,-27.35520850872975,47.634426550135935,-0.30628255837180446,11.17944508666992
56C,23,26,27.9375,106.0625,37.01987498,101.585549,914721,955320,6,2022-04-23T13:30:00Z,2022-04-26T21:30:00Z,3,1091.1927255868025,338.49882968296305,-18.24146831917693,46.54174866790355,2.141302917480468,10.77017456110174
56C,23,26,27.5625,107.5625,37.01987498,101.585549,917700,955320,7,2022-04-23T13:30:00Z,2022-04-26T21:30:00Z,3,1189.6134307481832,333.3271559045969,-24.325054797251312,48.7222530219313,0.28249737770774064,11.702368417635833
56C,23,26,29.3125,109.0625,37.01987498,101.585549,920662,955320,8,2022-04-23T13:30:00Z,2022-04-26T21:30:00Z,3,1102.3744104276527,322.780503642036,-30.34951959380403,40.26701705501415,-1.6524099376331685,8.252368950306284
56C,23,26,27.6875,104.6875,37.01987498,101.585549,911995,955320,9,2022-04-23T13:30:00Z,2022-04-26T21:30:00Z,3,1075.1094452956452,345.0574527906626,-12.672641811292932,47.614628112691754,2.322979551003196,7.670653502863102
56C,23,26,29.8125,107.3125,37.01987498,101.585549,917186,955320,10,2022-04-23T13:30:00Z,2022-04-26T21:30:00Z,3,960.1186364689968,327.8642165058774,-23.267222236825173,37.308580348341664,-1.0924568481445318,10.93297868041992
5CF,1,2,62.28616,88.97598,60.1,91.69999999999999,984,38725,1,2021-09-07T14:30:00Z,2021-09-07T19:30:00Z,1,284.20808687266333,147.7793960686788,31.073317897428776,-48.31271298677192,-9.827546582940675,-1.2453362399414056
5CF,1,2,62.28616,88.97598,60.3,92.69999999999999,984,39949,2,2021-09-07T14:30:00Z,2021-09-07T19:30:00Z,1,297.96921798295705,136.30426189092475,41.90205578463375,-43.30458788109766,-7.307534997784428,-0.20015812470703107
5CF,1,2,62.28616,88.97598,60.5,92.9,984,40193,3,2021-09-07T14:30:00Z,2021-09-07T19:30:00Z,1,289.02388286990345,131.77250430846243,43.83281578675822,-38.72721802902292,-6.206574255596925,-0.38877327509765547
5CF,1,2,62.28616,88.97598,62.1,91.1,984,37980,4,2021-09-07T14:30:00Z,2021-09-07T19:30:00Z,1,112.51385018713322,99.68490550675631,22.9151115165772,-4.063450952517707,-11.283439836456296,1.230084691699218
5CF,1,2,62.28616,88.97598,61.5,90.9,984,37738,5,2021-09-07T14:30:00Z,2021-09-07T19:30:00Z,1,133.82236297498585,130.0413617968279,21.244160685592977,-17.483600725559974,-11.22668085247192,1.8541801995117153
5CF,1,2,62.28616,88.97598,60.5,94.9,984,42643,6,2021-09-07T14:30:00Z,2021-09-07T19:30:00Z,1,373.72763062889504,119.53451995891021,65.69771878092315,-37.043305824917354,-5.315878175518803,-2.926141730566404
5CF,1,2,62.28616,88.97598,60.3,92.5,984,39704,7,2021-09-07T14:30:00Z,2021-09-07T19:30:00Z,1,290.90624096697553,137.96091973457982,39.698981259078536,-43.42993599799774,-7.304417363800054,-0.23756950634765606
5CF,1,2,62.28616,88.97598,60.9,90.30000000000001,984,37006,8,2021-09-07T14:30:00Z,2021-09-07T19:30:00Z,1,169.7080409154706,154.94604155495904,15.15915098180081,-31.006172113339886,-11.26657676965942,1.7126197151367175
5CF,1,2,62.28616,88.97598,60.1,90.69999999999999,984,37500,9,2021-09-07T14:30:00Z,2021-09-07T19:30:00Z,1,260.6328708537183,158.40553078145354,19.979289175068462,-48.704554045177005,-10.106682915362546,0.28981642763671817
5CF,1,2,62.28616,88.97598,60.5,90.9,984,37743,10,2021-09-07T14:30:00Z,2021-09-07T19:30:00Z,1,224.00507797934904,151.8336077962564,21.926709299408,-39.73801130229901,-10.958856747784422,0.32423967451171726
5CF,2,3,60.1,91.69999999999999,60.9,92.1,38725,73511,1,2021-09-08T13:30:00Z,2021-09-08T17:30:00Z,1,91.80670722896085,13.679597225935538,5.4140032878209325,22.280325064869,-9.94666045793914,16.104663193069452
5CF,2,3,60.3,92.69999999999999,60.5,92.5,39949,74003,2,2021-09-08T13:30:00Z,2021-09-08T17:30:00Z,1,24.86197198063665,333.7628249757914,-2.740818356238292,5.5701325137781135,-10.337309153495784,14.910848814163204
5CF,2,3,60.5,92.9,60.1,90.9,40193,72045,3,2021-09-08T13:30:00Z,2021-09-08T17:30:00Z,1,119.22452120375029,248.92129817367294,-27.741674594510858,-10.711049263620096,-9.743181727958675,12.113678606155393
5CF,2,3,62.1,91.1,60.699999999999996,91.1,37980,72287,4,2021-09-08T13:30:00Z,2021-09-08T17:30:00Z,1,156.0099939121768,180,-7.157170549341536e-15,-38.9618217776458,-10.290861724540704,19.31458001387023
5CF,2,3,61.5,90.9,60.1,91.30000000000001,37738,72535,5,2021-09-08T13:30:00Z,2021-09-08T17:30:00Z,1,157.5082068533418,171.87737338093575,5.549658003349638,-38.94487258819483,-10.97096524089813,14.42301098823547
5CF,2,3,60.5,94.9,59.3,94.1,42643,75969,6,2021-09-08T13:30:00Z,2021-09-08T17:30:00Z,1,140.98847131909602,198.86273502959327,-11.367230078096433,-33.327049050343476,-10.678775648612971,7.629094757522576
5CF,2,3,60.3,92.5,60.1,95.30000000000001,39704,77435,7,2021-09-08T13:30:00Z,2021-09-08T17:30:00Z,1,156.87422973502174,96.94898893165464,38.83241724329277,-4.742152283291578,-8.859788419853206,11.59147199189758
5CF,2,3,60.9,90.30000000000001,60.3,90.9,37006,72044,8,2021-09-08T13:30:00Z,2021-09-08T17:30:00Z,1,74.49721954627195,153.55493073383832,8.273167437677433,-16.66014656979102,-13.008318894706719,19.676014886184678
5CF,2,3,60.1,90.69999999999999,60.1,91.5,37500,72780,9,2021-09-08T13:30:00Z,2021-09-08T17:30:00Z,1,44.50494104383194,89.6532398982082,11.098009268360013,0.06716714244371237,-14.863064980644221,20.08211287471007
5CF,2,3,60.5,90.9,60.5,90.30000000000001,37743,71308,10,2021-09-08T13:30:00Z,2021-09-08T17:30:00Z,1,32.973402446170574,270.2611072883176,-8.222337153259863,0.03747094516565388,-13.188216871513362,23.170011272415152
5CF,3,4,60.9,92.1,59.699999999999996,91.9,73511,107572,1,2021-09-09T14:30:00Z,2021-09-09T19:30:00Z,1,134.15722355222533,184.815301482471,-2.246711133628082,-26.71326482107385,8.573026635330205,30.437590776089486
5CF,3,4,60.5,92.5,58.9,92.9,74003,108801,2,2021-09-09T14:30:00Z,2021-09-09T19:30:00Z,1,179.6676786545738,172.62598549246934,4.600588226847659,-35.608333497182755,11.699091587673957,25.076621025308242
5CF,3,4,60.1,90.9,59.5,93.9,72045,110023,3,2021-09-09T14:30:00Z,2021-09-09T19:30:00Z,1,181.17012602948057,110.34811883401062,33.88839610233892,-12.590599854821972,10.247562034939579,27.130506972964486
5CF,3,4,60.699999999999996,91.1,60.5,93.5,72287,109528,4,2021-09-09T14:30:00Z,2021-09-09T19:30:00Z,1,133.35478439432498,98.57218735280725,26.306056418691472,-3.972554172168711,7.642377231814578,29.467978071011366
5CF,3,4,60.1,91.30000000000001,60.3,92.69999999999999,72535,108549,5,2021-09-09T14:30:00Z,2021-09-09T19:30:00Z,1,80.78033335282102,73.3810951306524,15.44205204630989,4.616446164261284,7.729076435330205,28.862002784683245
5CF,3,4,59.3,94.1,59.9,93.30000000000001,75969,109286,6,2021-09-09T14:30:00Z,2021-09-09T19:30:00Z,1,80.67743434073563,326.2906422131244,-8.932414516202277,13.412071305467412,17.264769553298954,20.773785675698857
5CF,3,4,60.1,95.30000000000001,59.699999999999996,92.5,77435,108307,7,2021-09-09T14:30:00Z,2021-09-09T19:30:00Z,1,162.91024229893472,255.34006569705082,-31.442589684756115,-8.240292268309622,10.090211853298959,18.96361857062073
5CF,3,4,60.3,90.9,59.699999999999996,93.30000000000001,72044,109287,8,2021-09-09T14:30:00Z,2021-09-09T19:30:00Z,1,149.66472672173595,115.48375591471898,26.95318369639691,-12.868895810308373,8.945770985720833,28.863127905776988
5CF,3,4,60.1,91.5,59.699999999999996,94.69999999999999,72780,111002,9,2021-09-09T14:30:00Z,2021-09-09T19:30:00Z,1,184.53928164894464,102.58501148844118,35.931109940931,-8.03666543322931,10.40792042009583,21.78485878858949
5CF,3,4,60.5,90.30000000000001,60.699999999999996,92.69999999999999,71308,108547,10,2021-09-09T14:30:00Z,2021-09-09T19:30:00Z,1,133.35478439432342,79.33682251940627,26.143595532507618,4.92972652251821,2.7693029189239526,35.00832482726136
5CF,4,5,59.699999999999996,91.9,56.699999999999996,94.5,107572,145072,1,2021-09-10T13:30:00Z,2021-09-10T22:30:00Z,1,367.39105490549827,154.30214994344715,17.659693042902614,-36.76401690465006,15.724391539850874,18.271568157272338
5CF,4,5,58.9,92.9,57.3,92.30000000000001,108801,142374,2,2021-09-10T13:30:00Z,2021-09-10T22:30:00Z,1,181.68327874232347,191.48448728347313,-4.009753460657875,-19.772255140357576,18.269859705540977,19.454618488218514
5CF,4,5,59.5,93.9,56.699999999999996,98.1,110023,149482,3,2021-09-10T13:30:00Z,2021-09-10T22:30:00Z,1,398.0820968463501,139.7464018652501,28.514165172130014,-33.740485685582584,16.538364287680736,12.5600237051239
5CF,4,5,60.5,93.5,58.1,98.1,109528,149475,4,2021-09-10T13:30:00Z,2021-09-10T22:30:00Z,1,374.22750286334707,133.5753539357549,30.051255108102612,-28.64299302371017,17.299556122858682,14.512663113110008
5CF,4,5,60.3,92.69999999999999,59.3,96.9,108549,147999,5,2021-09-10T13:30:00Z,2021-09-10T22:30:00Z,1,260.7074583674863,113.46650424644997,26.5058445867346,-11.527389173732569,16.820236951417716,17.617717218470254
5CF,4,5,59.9,93.30000000000001,58.5,99.5,109286,151188,6,2021-09-10T13:30:00Z,2021-09-10T22:30:00Z,1,386.8934459099277,111.07494343482108,40.01499848446018,-15.450318877531524,16.454236975831773,10.944071275544909
5CF,4,5,59.699999999999996,92.5,57.1,97.1,108307,148255,7,2021-09-10T13:30:00Z,2021-09-10T22:30:00Z,1,395.0626112819255,135.1375798826789,30.891297415266223,-31.097200104206163,14.495646957711115,17.818117510028415
5CF,4,5,59.699999999999996,93.30000000000001,57.1,99.30000000000001,109287,150950,8,2021-09-10T13:30:00Z,2021-09-10T22:30:00Z,1,454.62165629427926,126.95400363173451,40.270943405594785,-30.352868802172395,16.19675464000278,11.21876784542338
5CF,4,5,59.699999999999996,94.69999999999999,57.1,99.5,111002,151195,9,2021-09-10T13:30:00Z,2021-09-10T22:30:00Z,1,403.0968254928718,133.83347217558253,32.232162301464875,-31.00289069246721,16.571485765762333,9.092461493426855
5CF,4,5,60.699999999999996,92.69999999999999,57.3,98.9,108547,150459,10,2021-09-10T13:30:00Z,2021-09-10T22:30:00Z,1,519.6065100999867,134.0540811489093,41.39410881033351,-40.12071193911121,18.347106898466325,15.054420720748906
5CF,5,6,56.699999999999996,94.5,57.1,98.30000000000001,145072,184025,1,2021-09-11T13:30:00Z,2021-09-11T17:30:00Z,1,235.7657920175935,77.52326409909267,57.413519796091556,12.726263461555666,0.5796803295173678,22.12216555820848
5CF,5,6,57.3,92.30000000000001,58.699999999999996,96.30000000000001,142374,181567,2,2021-09-11T13:30:00Z,2021-09-11T17:30:00Z,1,283.2319415897639,54.920832881478646,57.804562641933224,40.66936133731792,8.971384102954861,28.621238179790513
5CF,5,6,56.699999999999996,98.1,57.1,98.9,149482,184760,3,2021-09-11T13:30:00Z,2021-09-11T17:30:00Z,1,66.03309381366924,47.24612783061423,12.093003111802282,11.202621202708311,-4.790828751049041,27.213931689067852
5CF,5,6,58.1,98.1,56.9,98.9,149475,184761,4,2021-09-11T13:30:00Z,2021-09-11T17:30:00Z,1,141.98636161096212,159.9191133452664,12.158966305831315,-33.32409377194932,-1.889754345043184,24.897260565288555
5CF,5,6,59.3,96.9,58.699999999999996,96.9,147999,182302,5,2021-09-11T13:30:00Z,2021-09-11T17:30:00Z,1,66.83707309403162,180,-3.067358806860658e-15,-16.69792361899106,-3.7510340984611497,30.51044810996629
5CF,5,6,58.5,99.5,58.1,98.1,151188,183775,6,2021-09-11T13:30:00Z,2021-09-11T17:30:00Z,1,93.400612360951,242.10728614165308,-20.58760436775612,-10.917783909113883,0.27927645573806786,22.573650587261213
5CF,5,6,57.1,97.1,58.5,97.9,148255,183528,7,2021-09-11T13:30:00Z,2021-09-11T17:30:00Z,1,163.0156429824335,16.628219854407064,11.633741760548354,39.03037517619876,-2.3302401519279483,24.9626436683159
5CF,5,6,57.1,99.30000000000001,57.3,98.69999999999999,150950,184514,8,2021-09-11T13:30:00Z,2021-09-11T17:30:00Z,1,42.56035145235418,301.8069624365841,-9.020793433052251,5.60566232097155,-1.5128312456779485,24.25073397007371
5CF,5,6,57.1,99.5,57.5,97.5,151195,183043,9,2021-09-11T13:30:00Z,2021-09-11T17:30:00Z,1,128.5249337488484,291.1178173287779,-29.901901486859277,11.570839716747093,-1.4137246170158415,23.6225316526909
5CF,5,6,57.3,98.9,57.1,98.9,150459,184760,10,2021-09-11T13:30:00Z,2021-09-11T17:30:00Z,1,22.272690432993517,180,-1.0224529356201868e-15,-5.565974539663509,-0.7906037764396676,24.50521313608934
5CF,6,7,57.1,98.30000000000001,54.699999999999996,101.9,184025,222747,1,2021-09-13T12:30:00Z,2021-09-13T18:30:00Z,1,349.35514834277166,138.3755463687936,38.58995203312977,-43.51875635773705,14.591817009948729,-4.351644845184321
5CF,6,7,58.699999999999996,96.30000000000001,56.1,103.9,181567,225190,2,2021-09-13T12:30:00Z,2021-09-13T18:30:00Z,1,540.4486920705806,119.12013998682488,78.50782892688473,-43.823873699569155,24.38184629689534,1.5890411702779177
5CF,6,7,57.1,98.9,55.3,101.69999999999999,184760,222499,3,2021-09-13T12:30:00Z,2021-09-13T18:30:00Z,1,265.2372718098048,137.8993240800898,29.570289554369694,-32.79317988221645,19.562749838073728,-6.105111270477289
5CF,6,7,56.9,98.9,57.3,100.9,184761,221509,4,2021-09-13T12:30:00Z,2021-09-13T18:30:00Z,1,129.13765287837447,68.98514563733272,20.04371864991533,7.71483197852014,25.610043312683104,1.8534029790344244
5CF,6,7,58.699999999999996,96.9,56.9,102.1,182302,222981,5,2021-09-13T12:30:00Z,2021-09-13T18:30:00Z,1,368.350254450913,120.73772772484574,52.64307290375417,-31.36626377736504,27.693581835144037,5.976269584340415
5CF,6,7,58.1,98.1,56.3,103.1,183775,224209,6,2021-09-13T12:30:00Z,2021-09-13T18:30:00Z,1,362.5209352876682,121.43455755824118,51.433119650322496,-31.50180924093965,23.90910830503337,-0.8289899534199995
5CF,6,7,58.5,97.9,57.5,103.1,183528,224203,7,2021-09-13T12:30:00Z,2021-09-13T18:30:00Z,1,326.93742371264324,107.69285856119188,51.78844004652098,-16.555244515796947,26.767711837422684,5.529291486684166
5CF,6,7,57.3,98.69999999999999,55.9,102.9,184514,223966,8,2021-09-13T12:30:00Z,2021-09-13T18:30:00Z,1,301.3422598690731,119.37892695369254,43.66410324554522,-24.63425912692467,21.82316279836019,-5.551055889617914
5CF,6,7,57.5,97.5,55.699999999999996,101.69999999999999,183043,222497,9,2021-09-13T12:30:00Z,2021-09-13T18:30:00Z,1,326.590404798174,126.0783702446746,43.891804582847826,-32.047516546054666,24.366380979675288,-1.1245155370788544
5CF,6,7,57.1,98.9,55.1,101.1,184760,221765,10,2021-09-13T12:30:00Z,2021-09-13T18:30:00Z,1,261.37641858263004,147.49897333703694,23.354149758278986,-36.7328267810239,19.728647506205245,-5.698107431121821
5CF,7,8,54.699999999999996,101.9,51.1,106.69999999999999,222747,262945,1,2021-09-14T12:30:00Z,2021-09-14T21:30:00Z,1,514.3698888448633,139.18612329723663,37.279163527916,-43.27153051828286,10.471154733822294,-2.0126707017432324
5CF,7,8,56.1,103.9,53.1,106.5,225190,262690,2,2021-09-14T12:30:00Z,2021-09-14T21:30:00Z,1,373.77717790236386,152.22283947242374,19.313309582363964,-36.74698620542384,12.360677264204238,-1.0178215655670158
5CF,7,8,55.3,101.69999999999999,53.1,106.69999999999999,222499,262935,3,2021-09-14T12:30:00Z,2021-09-14T21:30:00Z,1,407.8084826739424,124.83920152893415,37.11058428994006,-25.891132966419953,13.83656311913045,-2.431540821643404
5CF,7,8,57.3,100.9,51.9,107.30000000000001,221509,263676,4,2021-09-14T12:30:00Z,2021-09-14T21:30:00Z,1,728.9831589592998,142.81818253018378,48.84951318919072,-64.53982121172602,19.096906121843126,1.521862879311457
5CF,7,8,56.9,102.1,53.5,107.69999999999999,222981,264158,5,2021-09-14T12:30:00Z,2021-09-14T21:30:00Z,1,519.6967314065288,134.38113626608765,41.1805612761446,-40.388573052841686,15.116812081804063,1.3428627738427057
5CF,7,8,56.3,103.1,54.1,105.69999999999999,224209,261705,6,2021-09-14T12:30:00Z,2021-09-14T21:30:00Z,1,295.5791156632184,144.86897889434482,18.857395254636163,-26.858448832735842,12.921440761166043,3.6745128591291634
5CF,7,8,57.5,103.1,51.9,104.30000000000001,224203,260001,7,2021-09-14T12:30:00Z,2021-09-14T21:30:00Z,1,628.1348451296923,172.4322441340305,9.172565817244294,-69.18612868519844,14.277710417090525,3.7856315696326384
5CF,7,8,55.9,102.9,51.3,109.9,223966,266864,8,2021-09-14T12:30:00Z,2021-09-14T21:30:00Z,1,689.8858306923731,134.98594920540518,54.10533729487733,-54.206071835824396,15.505562005740693,-6.1154335322553814
5CF,7,8,55.699999999999996,101.69999999999999,52.9,106.5,222497,262691,9,2021-09-14T12:30:00Z,2021-09-14T21:30:00Z,1,441.1592660127429,132.9546274672424,35.799297201786395,-33.40700040623627,14.879870191287567,-2.3079516819949655
5CF,7,8,55.1,101.1,51.5,108.5,221765,265148,10,2021-09-14T12:30:00Z,2021-09-14T21:30:00Z,1,634.9795361188793,126.06629662504736,56.91383406683162,-41.55338945014327,13.587658788292773,-5.3724017268083335
5CF,8,9,51.1,106.69999999999999,47.9,110.69999999999999,262945,302161,1,2021-09-15T11:30:00Z,2021-09-15T20:30:00Z,1,458.7892778636522,139.31375601380375,33.17122520338414,-38.69231982292293,24.574712933641216,-2.9992553755459253
5CF,8,9,53.1,106.5,49.1,109.69999999999999,262690,300930,2,2021-09-15T11:30:00Z,2021-09-15T20:30:00Z,1,498.14226636174607,152.0087695104537,25.927699176947392,-48.906299540285055,30.147994947855622,-4.223509105580649
5CF,8,9,53.1,106.69999999999999,48.1,110.1,262935,301425,3,2021-09-15T11:30:00Z,2021-09-15T20:30:00Z,1,605.8841065272479,155.26999383544353,28.1108530963728,-61.19155588753383,29.653357093037922,-4.326502107750787
5CF,8,9,51.9,107.30000000000001,48.3,110.1,263676,301424,4,2021-09-15T11:30:00Z,2021-09-15T20:30:00Z,1,447.66419974134936,152.33885556296457,23.048502847793117,-44.091802799468034,26.159640099331323,-3.840459773549396
5CF,8,9,53.5,107.69999999999999,48.699999999999996,109.5,264158,300687,5,2021-09-15T11:30:00Z,2021-09-15T20:30:00Z,1,548.6350621796623,166.00935685847855,14.709943887367029,-59.188478284832236,31.80568989555529,-3.842809666561551
5CF,8,9,54.1,105.69999999999999,49.1,109.9,261705,301175,6,2021-09-15T11:30:00Z,2021-09-15T20:30:00Z,1,627.5513471771644,150.71962424252462,34.03763015305476,-60.85444698863767,30.29108702153184,-4.526254248701306
5CF,8,9,51.9,104.30000000000001,48.1,109.5,260001,300690,7,2021-09-15T11:30:00Z,2021-09-15T20:30:00Z,1,563.3105353347474,136.56803364968124,42.95043435665224,-45.493366069193456,22.90722307600233,-1.917084806969537
5CF,8,9,51.3,109.9,48.1,110.30000000000001,266864,301670,8,2021-09-15T11:30:00Z,2021-09-15T20:30:00Z,1,357.0806417063119,175.2115965858926,3.305826297745684,-39.57139192057713,27.080611088263616,-5.024183591691757
5CF,8,9,52.9,106.5,47.9,109.5,262691,300691,9,2021-09-15T11:30:00Z,2021-09-15T20:30:00Z,1,595.5447743759655,157.85086675865,24.902015334654457,-61.335519321474756,28.871631852478032,-4.764894351023356
5CF,8,9,51.5,108.5,47.5,109.9,265148,301183,10,2021-09-15T11:30:00Z,2021-09-15T20:30:00Z,1,456.2657332545518,166.6230060211626,11.70760071266698,-49.36545594463873,26.77209920501709,-4.936033625654432
5CF,9,10,47.9,110.69999999999999,48.3,110.9,302161,336704,1,2021-09-16T15:30:00Z,2021-09-16T17:30:00Z,1,46.905093016906086,18.44234636152379,7.405362257141055,22.273508219061057,18.772989708656322,10.551842800086979
5CF,9,10,49.1,109.69999999999999,48.5,110.69999999999999,300930,336458,2,2021-09-16T15:30:00Z,2021-09-16T17:30:00Z,1,99.24068328810075,131.87003894559786,36.880877161334574,-33.15330796774845,3.7527375924453725,-5.161045878623962
5CF,9,10,48.1,110.1,48.3,111.5,301425,337439,3,2021-09-16T15:30:00Z,2021-09-16T17:30:00Z,1,106.41896794843566,77.41667615805795,51.83441161965422,11.603819892146626,16.77470190543367,9.534906176063537
5CF,9,10,48.3,110.1,47.699999999999996,110.5,301424,336217,4,2021-09-16T15:30:00Z,2021-09-16T17:30:00Z,1,73.08744179397668,155.7458632048507,14.984088702159346,-33.35691612147436,12.622924060707101,6.828418401649477
5CF,9,10,48.699999999999996,109.5,48.3,110.69999999999999,300687,336459,5,2021-09-16T15:30:00Z,2021-09-16T17:30:00Z,1,99.20987141944495,116.18666924812135,44.43040136132398,-21.915056300530697,7.326794958656312,-0.6105051227645858
5CF,9,10,49.1,109.9,48.3,111.1,301175,336949,6,2021-09-16T15:30:00Z,2021-09-16T17:30:00Z,1,125.36447435853782,134.75181736810123,44.43147280527351,-44.17751390077287,5.266438916175841,-1.5793985026473976
5CF,9,10,48.1,109.5,48.1,110.5,300690,336215,7,2021-09-16T15:30:00Z,2021-09-16T17:30:00Z,1,74.48049787737256,89.62784000079108,37.17034449800811,0.24144028711424254,10.996194450843817,8.755745096961979
5CF,9,10,48.1,110.30000000000001,47.9,111.1,301670,336951,8,2021-09-16T15:30:00Z,2021-09-16T17:30:00Z,1,63.70719164226945,110.13254257250992,29.85214486291334,-10.97698855726203,19.11864848160554,11.17052102371979
5CF,9,10,47.9,109.5,47.699999999999996,110.69999999999999,300691,336462,9,2021-09-16T15:30:00Z,2021-09-16T17:30:00Z,1,92.60446301333857,103.44917390240272,44.949933915219056,-10.783044655057308,14.526962747230542,8.340180509071356
5CF,9,10,47.5,109.9,47.3,110.1,301183,335729,10,2021-09-16T15:30:00Z,2021-09-16T17:30:00Z,1,26.87666268272342,145.75117832797304,7.549245936603643,-11.122245119843033,25.05063832486727,14.200460616493231
5CF,10,11,48.3,110.9,48.9,113.1,336704,373696,1,2021-09-20T11:30:00Z,2021-09-20T14:30:00Z,1,175.4366789748841,66.8253434642445,53.65792397481358,23.0355405943246,-6.67104186443074,25.752657664728805
5CF,10,11,48.5,110.69999999999999,48.1,111.5,336458,371740,2,2021-09-20T11:30:00Z,2021-09-20T14:30:00Z,1,74.1690760712641,126.54815493796434,19.8245432690551,-14.739153970222853,-7.053715761566161,15.16290250001526
5CF,10,11,48.3,111.5,48.1,111.5,337439,371740,3,2021-09-20T11:30:00Z,2021-09-20T14:30:00Z,1,22.23884231510882,180,-1.3632705808269158e-15,-7.4212993862180126,-3.8499922348734508,23.478002599624634
5CF,10,11,47.699999999999996,110.5,47.3,109.9,336217,369784,4,2021-09-20T11:30:00Z,2021-09-20T14:30:00Z,1,63.413931241439045,225.69038731978702,-15.098450465698484,-14.784250294551223,-4.052294004404701,-0.23343417706807346
5CF,10,11,48.3,110.69999999999999,47.9,110.9,336459,371006,5,2021-09-20T11:30:00Z,2021-09-20T14:30:00Z,1,46.905093016906086,161.40879035287594,4.975471474388499,-14.836128525566663,-5.6350794178161605,10.230002819025676
5CF,10,11,48.3,111.1,47.9,110.9,336949,371006,6,2021-09-20T11:30:00Z,2021-09-20T14:30:00Z,1,46.90509301690396,198.59120964712116,-4.975471474387566,-14.836128525566659,-2.8402027954203266,16.373015589859012
5CF,10,11,48.1,110.5,47.5,110.69999999999999,336215,370763,7,2021-09-20T11:30:00Z,2021-09-20T14:30:00Z,1,68.37355186208605,167.26795274216624,5.013843242972256,-22.2574052249863,-4.447810282399493,7.742024354832969
5CF,10,11,47.9,111.1,49.5,112.30000000000001,336951,372713,8,2021-09-20T11:30:00Z,2021-09-20T14:30:00Z,1,198.63963448547693,25.953046046632664,28.92105563904867,59.59700875820168,-8.124529861826575,19.45081668556214
5CF,10,11,47.699999999999996,110.69999999999999,47.1,109.5,336462,369295,9,2021-09-20T11:30:00Z,2021-09-20T14:30:00Z,1,112.4934350519148,234.07434685940495,-30.310353420563782,-22.029869517838545,-3.7082141730244937,-2.4064976568857817
5CF,10,11,47.3,110.1,48.3,111.1,335729,371249,10,2021-09-20T11:30:00Z,2021-09-20T14:30:00Z,1,134.06598076428588,33.601220724950224,24.68493352060247,37.2656637560694,-4.127414064300535,6.513869387385052
5CF,11,12,48.9,113.1,42.1,112.5,373696,407295,1,2021-09-21T11:30:00Z,2021-09-21T22:30:00Z,1,757.2089334049418,183.76702956314094,-4.515808430674391,-68.79848275745412,14.359542229425603,-12.067588925804834
5CF,11,12,48.1,111.5,42.1,113.9,371740,409010,2,2021-09-21T11:30:00Z,2021-09-21T22:30:00Z,1,692.9471379005874,163.3226691210673,18.051349101709906,-60.44710317525965,14.368771849276456,-14.840190121827558
5CF,11,12,48.1,111.5,42.3,114.9,371740,410234,3,2021-09-21T11:30:00Z,2021-09-21T22:30:00Z,1,697.5681736916408,156.26642971298406,25.485071672578677,-58.149807109458116,12.972046622536398,-12.814464985463925
5CF,11,12,47.3,109.9,42.699999999999996,109.9,369784,404107,4,2021-09-21T11:30:00Z,2021-09-21T22:30:00Z,1,511.2061993036916,180,-8.551424552460004e-15,-46.551787059005306,19.064879241854584,-2.3905849888375026
5CF,11,12,47.9,110.9,42.49999999999999,112.9,371006,407783,5,2021-09-21T11:30:00Z,2021-09-21T22:30:00Z,1,620.3049420367903,164.60975322586341,14.943007955804768,-54.45971660797399,15.670986662131574,-12.450376063588923
5CF,11,12,47.9,110.9,39.699999999999996,112.69999999999999,371006,407552,6,2021-09-21T11:30:00Z,2021-09-21T22:30:00Z,1,922.4590172959596,170.33345279080822,14.062163112425685,-82.82678847244061,18.751415239546336,-15.40883503269404
5CF,11,12,47.5,110.69999999999999,38.9,113.69999999999999,370763,408781,7,2021-09-21T11:30:00Z,2021-09-21T22:30:00Z,1,985.8440685494114,164.6381143026805,23.711196695869727,-86.59484677187949,19.279529085249465,-18.02700983223239
5CF,11,12,49.5,112.30000000000001,42.3,112.1,372713,406804,8,2021-09-21T11:30:00Z,2021-09-21T22:30:00Z,1,800.4248380727533,181.18371788833906,-1.5009521439268212,-72.86174603760037,14.80375330328924,-11.710927371650008
5CF,11,12,47.1,109.5,41.1,114.30000000000001,369295,409505,9,2021-09-21T11:30:00Z,2021-09-21T22:30:00Z,1,769.1750513132833,148.33816566297753,36.651073334243925,-59.63096958735951,17.007478158757987,-13.836539134789206
5CF,11,12,48.3,111.1,39.9,111.5,371249,406081,10,2021-09-21T11:30:00Z,2021-09-21T22:30:00Z,1,933.9055096670359,177.89337932588387,3.1166106865562333,-84.99984260269686,18.33858007530629,-10.55330924150085
5CF,12,13,42.1,112.5,39.3,111.69999999999999,407295,440629,1,2021-09-22T11:30:00Z,2021-09-22T18:30:00Z,1,318.1963738108341,192.5301825130177,-9.848754760226107,-44.48253004844924,21.671534129813057,-4.1969982468850295
5CF,12,13,42.1,113.9,40.3,113.5,409010,442829,2,2021-09-22T11:30:00Z,2021-09-22T18:30:00Z,1,202.69942077812576,189.65995487325438,-4.852201018767223,-28.61378821585601,18.912811695521764,-0.5638298810926168
5CF,12,13,42.3,114.9,39.49999999999999,112.69999999999999,410234,441853,3,2021-09-22T11:30:00Z,2021-09-22T18:30:00Z,1,361.9774698718667,211.52820489889717,-27.00405602745124,-44.185084709049264,17.528593126604356,1.214314983862742
5CF,12,13,42.699999999999996,109.9,39.3,112.69999999999999,404107,441854,4,2021-09-22T11:30:00Z,2021-09-22T18:30:00Z,1,444.9814068299114,147.1117123510994,34.471717235808484,-53.51038770244687,18.58373279694475,4.839039428059169
5CF,12,13,42.49999999999999,112.9,39.3,112.1,407783,441119,5,2021-09-22T11:30:00Z,2021-09-22T18:30:00Z,1,361.69810841034365,191.00436671790445,-9.84995396148642,-50.84339599888491,18.21625177546038,-4.21247079850333
5CF,12,13,39.699999999999996,112.69999999999999,38.699999999999996,111.5,407552,440387,6,2021-09-22T11:30:00Z,2021-09-22T18:30:00Z,1,151.88606171151298,223.41684277867265,-14.893540945306585,-15.803853637911056,6.641241690499441,3.179141252277921
5CF,12,13,38.9,113.69999999999999,40.3,112.1,408781,441114,7,2021-09-22T11:30:00Z,2021-09-22T18:30:00Z,1,207.4678126054846,319.0272424616179,-19.406586084824074,22.435784302553664,15.451502170828688,-1.7352811938716355
5CF,12,13,42.3,112.1,39.699999999999996,112.30000000000001,406804,441362,8,2021-09-22T11:30:00Z,2021-09-22T18:30:00Z,1,289.2298615231464,176.59881866432738,2.4479569659028386,-41.34441180113081,23.14067801764788,-4.705992707543509
5CF,12,13,41.1,114.30000000000001,39.1,112.5,409505,441610,9,2021-09-22T11:30:00Z,2021-09-22T18:30:00Z,1,269.9364302202389,215.23340860112864,-22.21733255487013,-31.57919370198598,17.169324221191403,0.9921169551239043
5CF,12,13,39.9,111.5,38.699999999999996,114.1,406081,443572,10,2021-09-22T11:30:00Z,2021-09-22T18:30:00Z,1,260.842960571033,119.88322781603199,32.26655779911418,-18.617574185025294,7.766045083356586,3.150300384532387
5CF,13,14,39.3,111.69999999999999,37.699999999999996,111.1,440629,474202,1,2021-09-25T11:30:00Z,2021-09-25T20:30:00Z,1,185.15957986827203,196.60709483534333,-5.87262835705414,-19.770877189986376,-5.8353333817477795,6.666236883285527
5CF,13,14,40.3,113.5,36.49999999999999,111.1,442829,474208,2,2021-09-25T11:30:00Z,2021-09-25T20:30:00Z,1,470.99015860129555,207.1812318589438,-23.877454728896613,-46.68649935734515,-6.018445271721734,8.166770165837608
5CF,13,14,39.49999999999999,112.69999999999999,35.3,112.5,441853,475929,3,2021-09-25T11:30:00Z,2021-09-25T20:30:00Z,1,466.4740547876022,182.23688186345618,-2.0207415238538005,-51.946918863409,-11.592576148240834,4.08969043667094
5CF,13,14,39.3,112.69999999999999,37.3,110.69999999999999,441854,473714,4,2021-09-25T11:30:00Z,2021-09-25T20:30:00Z,1,282.6344468003234,218.86341922785502,-19.68061694502325,-24.523174994623542,-6.614205126105415,11.630032065577184
5CF,13,14,39.3,112.1,36.1,109.30000000000001,441119,472005,5,2021-09-25T11:30:00Z,2021-09-25T20:30:00Z,1,432.5177156275356,215.67395210009107,-27.993277123167573,-39.15680018998049,-7.280007294725206,5.6881579453515005
5CF,13,14,38.699999999999996,111.5,38.1,110.9,440387,473955,6,2021-09-25T11:30:00Z,2021-09-25T20:30:00Z,1,84.75148553398674,218.3872549691317,-5.8401459512358915,-7.402263263565312,-6.687125559265139,9.542434249821987
5CF,13,14,40.3,112.1,36.49999999999999,110.9,441114,473963,7,2021-09-25T11:30:00Z,2021-09-25T20:30:00Z,1,434.6318210593787,194.33145262428184,-11.939739134344382,-46.922798830935555,-6.154179054490834,6.534985566879278
5CF,13,14,39.699999999999996,112.30000000000001,37.49999999999999,109.69999999999999,441362,472488,8,2021-09-25T11:30:00Z,2021-09-25T20:30:00Z,1,333.0444570013719,223.66125681188805,-25.51628097595646,-26.847258515823388,-3.115250037563747,8.578202063624063
5CF,13,14,39.1,112.5,36.1,110.5,441610,473475,9,2021-09-25T11:30:00Z,2021-09-25T20:30:00Z,1,376.8803085120629,208.5581469634167,-19.995405539798448,-36.89110608953898,-11.560944129360628,8.803628243745589
5CF,13,14,38.699999999999996,114.1,35.699999999999996,111.69999999999999,443572,474947,10,2021-09-25T11:30:00Z,2021-09-25T20:30:00Z,1,395.2452839102164,213.34968406181065,-24.115298075100018,-36.797541790286765,-12.969497451192227,0.4421418804643438
5CF,14,15,37.699999999999996,111.1,35.699999999999996,110.5,474202,507777,1,2021-09-26T12:30:00Z,2021-09-26T17:30:00Z,1,228.32671821127576,193.7610961237771,-10.850219434679694,-44.49357723386899,-0.4944220189086918,-17.797121276467895
5CF,14,15,36.49999999999999,111.1,34.3,109.69999999999999,474208,506804,2,2021-09-26T12:30:00Z,2021-09-26T17:30:00Z,1,275.2213825927509,207.92949192519103,-25.75450346322822,-48.79664312474507,-3.5426047989868166,-14.830295685842895
5CF,14,15,35.3,112.5,34.49999999999999,110.30000000000001,475929,507538,3,2021-09-26T12:30:00Z,2021-09-26T17:30:00Z,1,219.78593771575362,246.81669248715247,-40.36423932921581,-17.366203885674263,2.829514378356928,-13.712573963186648
5CF,14,15,37.3,110.69999999999999,35.49999999999999,111.30000000000001,473714,508758,4,2021-09-26T12:30:00Z,2021-09-26T17:30:00Z,1,206.8629335696287,164.74001143421162,10.876950077289209,-40.04097882838996,0.0275645443725588,-16.487925056155397
5CF,14,15,36.1,109.30000000000001,34.9,110.5,472005,507781,5,2021-09-26T12:30:00Z,2021-09-26T17:30:00Z,1,171.9847945159664,140.37537083035932,21.91279509450031,-26.58276431160207,-2.3147971204711904,-14.029194882717897
5CF,14,15,38.1,110.9,34.9,108.30000000000001,473955,505086,6,2021-09-26T12:30:00Z,2021-09-26T17:30:00Z,1,424.6341302825574,214.04548489766097,-47.49433898851678,-70.59522847368024,-1.642040514611818,-18.200728110061647
5CF,14,15,36.49999999999999,110.9,34.9,110.30000000000001,473963,507536,7,2021-09-26T12:30:00Z,2021-09-26T17:30:00Z,1,185.64366886629608,197.18380856265063,-10.957222557511209,-35.588539958958044,-0.03487638336181495,-14.640806417874149
5CF,14,15,37.49999999999999,109.69999999999999,34.49999999999999,110.9,472488,508273,8,2021-09-26T12:30:00Z,2021-09-26T17:30:00Z,1,350.00951529680117,161.63878175360787,22.027420781278487,-66.65446071329177,-0.7864806876586895,-17.907394108889765
5CF,14,15,36.1,110.5,34.9,111.1,473475,508516,9,2021-09-26T12:30:00Z,2021-09-26T17:30:00Z,1,143.83796456808992,157.5867635647204,10.95660016959042,-26.683199717067172,-0.6662238958618169,-15.569711505374139
5CF,14,15,35.699999999999996,111.69999999999999,35.1,109.30000000000001,474947,506310,10,2021-09-26T12:30:00Z,2021-09-26T17:30:00Z,1,227.94896509128122,253.71846683806197,-43.712993024108755,-12.826611228650226,-2.6973168692993172,-16.076166376467892
5CF,15,16,35.699999999999996,110.5,34.49999999999999,110.30000000000001,507777,541838,1,2021-09-28T13:30:00Z,2021-09-28T16:30:00Z,1,134.3738709086441,187.85711178763617,-6.116530229276853,-44.5216273238488,2.8906294261728904,-3.2199430055338545
5CF,15,16,34.3,109.69999999999999,34.9,109.30000000000001,506804,540611,2,2021-09-28T13:30:00Z,2021-09-28T16:30:00Z,1,76.00332379369672,331.24702441535305,-12.173375832121586,22.287966759237783,-0.960268599868776,-2.9246751396484387
5CF,15,16,34.49999999999999,110.30000000000001,34.9,109.30000000000001,507538,540611,3,2021-09-28T13:30:00Z,2021-09-28T16:30:00Z,1,101.79953242374614,296.12616492078587,-30.432709528976577,14.993535551768494,1.0521149593760166,-3.3056803427734396
5CF,15,16,35.49999999999999,111.30000000000001,35.3,109.69999999999999,508758,541099,4,2021-09-28T13:30:00Z,2021-09-28T16:30:00Z,1,147.02902112827994,261.7838798927372,-48.45239615003249,-7.029055806047881,8.373359228907267,-5.727115323242186
5CF,15,16,34.9,110.5,34.699999999999996,110.69999999999999,507781,542327,5,2021-09-28T13:30:00Z,2021-09-28T16:30:00Z,1,28.761785210626847,140.4243188583564,6.101385421864607,-7.415216802889913,3.849049849349975,-5.485880098632814
5CF,15,16,34.9,108.30000000000001,34.49999999999999,110.30000000000001,505086,541838,6,2021-09-28T13:30:00Z,2021-09-28T16:30:00Z,1,188.53271560156412,103.0421863522447,61.15734288462952,-14.233867450236602,-1.4747882177073173,-1.870666527669275
5CF,15,16,34.9,110.30000000000001,34.49999999999999,109.69999999999999,507536,541103,7,2021-09-28T13:30:00Z,2021-09-28T16:30:00Z,1,70.646609029524015,231.26025526915538,-18.348301895536437,-14.787814729794862,-0.4385028856760662,-3.6369993063151043
5CF,15,16,34.49999999999999,110.9,34.49999999999999,110.1,508273,541593,8,2021-09-28T13:30:00Z,2021-09-28T16:30:00Z,1,73.47179364987613,270.22656500617455,-24.464093687509084,0.0967389953373083,-0.880286551040651,-3.83701265201823
5CF,15,16,34.9,111.1,34.9,109.30000000000001,508516,540611,9,2021-09-28T13:30:00Z,2021-09-28T16:30:00Z,1,164.51614827307125,270.51495990431374,-54.776383564827675,0.4923293471573927,3.705494863672892,-3.5724394488932285
5CF,15,16,35.1,109.30000000000001,34.699999999999996,108.9,506310,540122,10,2021-09-28T13:30:00Z,2021-09-28T16:30:00Z,1,57.495884419332576,219.59868208799233,-12.202820809940402,-14.818186917973321,1.434110893620808,-1.8906510712890672
5CF,16,17,34.49999999999999,110.30000000000001,33.1,108.9,541838,574430,1,2021-10-09T16:30:00Z,2021-10-09T22:30:00Z,1,202.28301421467356,220.2484125032256,-21.76085999863679,-25.825740867074686,2.952154505254105,-21.281666872286486
5CF,16,17,34.9,109.30000000000001,32.9,110.1,540611,575901,2,2021-10-09T16:30:00Z,2021-10-09T22:30:00Z,1,233.85329150427648,161.32980361592797,12.464545884429207,-37.0575390890557,3.1814037624155653,-22.733988674044305
5CF,16,17,34.9,109.30000000000001,32.1,110.1,540611,575905,3,2021-10-09T16:30:00Z,2021-10-09T22:30:00Z,1,319.32690852583744,166.3161155204582,12.578372260725681,-51.9000261022564,-2.042623497024541,-16.117654802950547
5CF,16,17,35.3,109.69999999999999,32.3,109.1,541099,574679,4,2021-10-09T16:30:00Z,2021-10-09T22:30:00Z,1,337.3607507538106,189.64731365169175,-9.413659180370766,-55.63196488189775,-0.9829723533070919,-18.586640994519552
5CF,16,17,34.699999999999996,110.69999999999999,31.499999999999996,109.69999999999999,542327,575418,5,2021-10-09T16:30:00Z,2021-10-09T22:30:00Z,1,366.96432205838175,195.01175186756186,-15.827232065460993,-59.293879486463176,-0.7484216890818313,-11.506134631889353
5CF,16,17,34.49999999999999,110.30000000000001,32.3,110.1,541838,575904,6,2021-10-09T16:30:00Z,2021-10-09T22:30:00Z,1,244.71376764921644,184.4157872205608,-3.137239471538198,-40.81410301655126,-0.8165341228383416,-13.650532772677115
5CF,16,17,34.49999999999999,109.69999999999999,32.49999999999999,107.5,541103,572718,7,2021-10-09T16:30:00Z,2021-10-09T22:30:00Z,1,301.6408898111765,223.2750337926211,-34.42924555579939,-36.73839964319361,-4.565706915318806,-12.117388264050806
5CF,16,17,34.49999999999999,110.1,32.49999999999999,111.1,541593,577128,8,2021-10-09T16:30:00Z,2021-10-09T22:30:00Z,1,240.4987738910771,156.99380211416906,15.650587047968196,-37.03044663181023,1.755906625534049,-16.671250169161492
5CF,16,17,34.9,109.30000000000001,31.499999999999996,110.69999999999999,540611,576643,9,2021-10-09T16:30:00Z,2021-10-09T22:30:00Z,1,399.02853305812914,160.51850060065772,22.15928419479007,-62.930535187386134,-0.5398153477732368,-12.012309856661483
5CF,16,17,34.699999999999996,108.9,32.9,108.69999999999999,540122,574186,10,2021-10-09T16:30:00Z,2021-10-09T22:30:00Z,1,200.51083693614177,185.35551728649764,-3.116045777821472,-33.392798019415416,-1.949902163365684,-15.670778783093777
5CF,17,18,33.1,108.9,32.49999999999999,108.69999999999999,574430,608488,1,2021-10-11T12:30:00Z,2021-10-11T18:30:00Z,1,69.12706285539234,195.7773888462246,-3.1295855438010958,-11.128982154065277,-4.858092148946122,14.434887449971518
5CF,17,18,32.9,110.1,30.9,110.5,575901,610701,2,2021-10-11T12:30:00Z,2021-10-11T18:30:00Z,1,224.9743250752076,170.21127150750544,6.36923548272251,-37.094637799621545,-2.927580483256023,9.5653592715861
5CF,17,18,32.1,110.1,30.9,110.30000000000001,575905,610456,3,2021-10-11T12:30:00Z,2021-10-11T18:30:00Z,1,134.403449151941,171.82053715002132,3.1842093002646794,-22.260977779601966,-4.210060153828938,8.1752380762736
5CF,17,18,32.3,109.1,30.9,109.9,574679,609966,4,2021-10-11T12:30:00Z,2021-10-11T18:30:00Z,1,172.80118618053012,153.7271119750535,12.737066881604994,-25.92764388799447,-3.9826129588419588,10.174644819112146
5CF,17,18,31.499999999999996,109.69999999999999,31.299999999999997,108.69999999999999,575418,608494,5,2021-10-11T12:30:00Z,2021-10-11T18:30:00Z,1,97.65396428458045,257.13567005311575,-15.852800688269095,-3.6385017270316267,-6.623728175313313,8.365038875101726
5CF,17,18,32.3,110.1,30.699999999999996,110.30000000000001,575904,610457,6,2021-10-11T12:30:00Z,2021-10-11T18:30:00Z,1,178.41946397196216,173.83434616183376,3.1910235198674535,-29.682265349560268,-5.925972565938315,8.934392450948078
5CF,17,18,32.49999999999999,107.5,31.499999999999996,107.1,572718,606533,7,2021-10-11T12:30:00Z,2021-10-11T18:30:00Z,1,117.15135299673959,198.92864032242355,-6.328004758156558,-18.541488443418995,0.4406336336059597,18.803136161234537
5CF,17,18,32.49999999999999,111.1,30.299999999999997,110.69999999999999,577128,610949,8,2021-10-11T12:30:00Z,2021-10-11T18:30:00Z,1,246.87588373051145,188.9688265340129,-6.409077487464092,-40.805367683345644,-7.588355813659671,8.654433965596512
5CF,17,18,31.499999999999996,110.69999999999999,32.49999999999999,107.69999999999999,576643,607263,9,2021-10-11T12:30:00Z,2021-10-11T18:30:00Z,1,304.37950682299083,292.1539692052834,-46.93931079071103,19.20157478061224,-1.3300869939982116,7.919509859802249
5CF,17,18,32.9,108.69999999999999,31.499999999999996,109.30000000000001,574186,609228,10,2021-10-11T12:30:00Z,2021-10-11T18:30:00Z,1,165.23182362124274,159.81755283738028,9.492442172461605,-25.947890491092206,-0.04331033742268718,10.376945897562663
5CF,18,19,32.49999999999999,108.69999999999999,30.699999999999996,109.5,608488,643777,1,2021-10-12T13:30:00Z,2021-10-12T20:30:00Z,1,213.53365322600027,158.96269071699726,10.940938234463495,-28.584645811645466,-5.319218378764561,8.442223296140396
5CF,18,19,30.9,110.5,31.499999999999996,107.69999999999999,610701,641568,2,2021-10-12T13:30:00Z,2021-10-12T20:30:00Z,1,275.00969949361297,284.7205906176225,-37.96282506563585,10.020908941535184,-10.376908556498934,8.938645805347987
5CF,18,19,30.9,110.30000000000001,30.9,106.1,610456,639611,3,2021-10-12T13:30:00Z,2021-10-12T20:30:00Z,1,401.51215185562336,271.07879406506186,-57.298065791405186,1.0789628517383525,-8.00387489229693,9.22171612761361
5CF,18,19,30.9,109.9,30.699999999999996,108.69999999999999,609966,642797,4,2021-10-12T13:30:00Z,2021-10-12T20:30:00Z,1,116.9638851897916,259.37982128910164,-16.4085731296705,-3.09248333451134,-12.217861617743356,9.624074909142632
5CF,18,19,31.299999999999997,108.69999999999999,29.699999999999996,106.9,608494,640597,5,2021-10-12T13:30:00Z,2021-10-12T20:30:00Z,1,247.62342857228782,224.71088604111804,-24.86676533604664,-25.244618185342752,-7.432352104769026,9.001082236291069
5CF,18,19,30.699999999999996,110.30000000000001,30.099999999999994,107.1,610457,640840,6,2021-10-12T13:30:00Z,2021-10-12T20:30:00Z,1,314.60908747226426,258.6077246805369,-44.02155434476812,-8.917581036206153,-11.29168120967974,6.783095602781021
5CF,18,19,31.499999999999996,107.1,30.5,107.30000000000001,606533,641083,7,2021-10-12T13:30:00Z,2021-10-12T20:30:00Z,1,112.50273002663738,170.1732729800426,2.7405982145546486,-15.900308884822355,-3.4070825278996053,10.7851503008837
5CF,18,19,30.299999999999997,110.69999999999999,30.099999999999994,107.69999999999999,610949,641575,8,2021-10-12T13:30:00Z,2021-10-12T20:30:00Z,1,289.71759932745874,266.3668417881982,-41.27026000666373,-2.6363997347133985,-14.272772530829291,5.744044307998656
5CF,18,19,32.49999999999999,107.69999999999999,29.699999999999996,106.69999999999999,607263,640352,9,2021-10-12T13:30:00Z,2021-10-12T20:30:00Z,1,324.76285206223906,197.3435924598971,-13.81897219955908,-44.46465705361453,-1.3201506333683548,11.958428281352449
5CF,18,19,31.499999999999996,109.30000000000001,30.9,107.9,609228,641816,10,2021-10-12T13:30:00Z,2021-10-12T20:30:00Z,1,149.08840896362136,243.86389976770974,-19.10370865041683,-9.420410285119413,-7.133105678429739,10.858955671419414
5CF,19,20,30.699999999999996,109.5,30.099999999999994,108.1,643777,676365,1,2021-10-13T15:30:00Z,2021-10-13T18:30:00Z,1,150.07872699376745,244.04733250772534,-44.943510050937306,-21.98519911539866,-7.07001474237569,-2.8497328702596048
5CF,19,20,31.499999999999996,107.69999999999999,30.9,107.30000000000001,641568,675381,2,2021-10-13T15:30:00Z,2021-10-13T18:30:00Z,1,76.67233402554244,209.91888439185323,-12.736118130177571,-22.240801435464114,-6.307963587427776,1.3750299129435202
5CF,19,20,30.9,106.1,30.299999999999997,106.69999999999999,639611,674649,3,2021-10-13T15:30:00Z,2021-10-13T18:30:00Z,1,87.95117451345584,138.98578802066595,19.22281090153982,-22.21251102759268,-4.340310049016318,-10.02873950469971
5CF,19,20,30.699999999999996,108.69999999999999,29.9,107.5,642797,675631,4,2021-10-13T15:30:00Z,2021-10-13T18:30:00Z,1,145.56643192918105,232.76942339427035,-38.60153769358044,-29.48042882926632,-8.024502454940796,-1.0022559991658548
5CF,19,20,29.699999999999996,106.9,29.299999999999997,106.5,640597,674409,5,2021-10-13T15:30:00Z,2021-10-13T18:30:00Z,1,58.90844752142079,221.27806314091117,-12.943853960934115,-14.820303916324981,-2.9316937739512117,-9.162591065246584
5CF,19,20,30.099999999999994,107.1,29.9,106.9,640840,674896,6,2021-10-13T15:30:00Z,2021-10-13T18:30:00Z,1,29.392410681968546,221.08644661922813,-6.433510109567254,-7.415679423634233,-3.193151352727254,-5.1613166306762706
5CF,19,20,30.5,107.30000000000001,29.5,107.5,641083,675633,7,2021-10-13T15:30:00Z,2021-10-13T18:30:00Z,1,112.51947509276988,170.07474573940203,6.459494853254338,-37.1008314802799,-4.829692926946001,-2.2922116827596026
5CF,19,20,30.099999999999994,107.69999999999999,29.699999999999996,106.9,641575,674897,8,2021-10-13T15:30:00Z,2021-10-13T18:30:00Z,1,89.08462678859497,240.349911951833,-25.785499357289694,-14.75267941142119,-4.454247411321004,-3.759592909647626
5CF,19,20,29.699999999999996,106.69999999999999,29.9,106.30000000000001,640352,674161,9,2021-10-13T15:30:00Z,2021-10-13T18:30:00Z,1,44.57571095686686,299.92420404229574,-12.867000936669022,7.443598054070792,-3.655429540878296,-10.463596569478353
5CF,19,20,30.9,107.9,29.699999999999996,107.30000000000001,641816,675387,10,2021-10-13T15:30:00Z,2021-10-13T18:30:00Z,1,145.0093310290225,203.60634234275997,-19.340447502901256,-44.476398048979505,-5.653443302597044,-0.3981060948689797
5CF,20,21,30.099999999999994,108.1,25.699999999999996,104.9,676365,706767,1,2021-10-22T13:30:00Z,2021-10-22T22:30:00Z,1,580.4424798680668,213.62982863967127,-35.69587236132534,-53.94490985822027,-4.3995308913642015,1.657760359336003
5CF,20,21,30.9,107.30000000000001,28.9,103.5,675381,705036,2,2021-10-22T13:30:00Z,2021-10-22T22:30:00Z,1,428.73305919582924,239.82333390634693,-41.14905482833264,-24.050284069231427,-6.060221196268717,8.064060902413262
5CF,20,21,30.299999999999997,106.69999999999999,27.099999999999994,106.5,674649,708720,3,2021-10-22T13:30:00Z,2021-10-22T22:30:00Z,1,355.1969796444716,183.2025866902382,-2.2033228335375625,-39.57838504295353,-7.804427252475314,5.21010018377177
5CF,20,21,29.9,107.5,28.299999999999997,107.5,675631,709939,4,2021-10-22T13:30:00Z,2021-10-22T22:30:00Z,1,177.33992794642543,180,-3.63538821553855e-15,-19.790131696581955,-13.036618591342505,7.121137828194512
5CF,20,21,29.299999999999997,106.5,27.099999999999994,106.30000000000001,674409,708475,5,2021-10-22T13:30:00Z,2021-10-22T22:30:00Z,1,244.59933101388566,184.65208393975857,-2.202718803609773,-27.209592579985248,-4.6851342041897235,3.2303383025868735
5CF,20,21,29.9,106.9,30.299999999999997,109.1,674896,711889,6,2021-10-22T13:30:00Z,2021-10-22T22:30:00Z,1,216.63900341717297,77.6391843343684,23.492967110859606,5.173304811654758,-7.972137001281739,3.4475715837283674
5CF,20,21,29.5,107.5,27.5,104.1,675633,705778,7,2021-10-22T13:30:00Z,2021-10-22T22:30:00Z,1,399.88440491740687,237.16159891419431,-37.304967207321454,-24.203674805446067,-4.479338685960556,3.4017148067101357
5CF,20,21,29.699999999999996,106.9,26.099999999999994,106.69999999999999,674897,708970,8,2021-10-22T13:30:00Z,2021-10-22T22:30:00Z,1,399.43031056333837,182.87289747712495,-2.2229718780939627,-44.52594462853284,-4.89783865102132,0.48161930009121257
5CF,20,21,29.9,106.30000000000001,29.5,103.5,674161,705033,9,2021-10-22T13:30:00Z,2021-10-22T22:30:00Z,1,274.56649738866463,261.40262682563207,-30.140093086681052,-4.581828960598682,-5.013309656663681,6.518315802152846
5CF,20,21,29.699999999999996,107.30000000000001,27.9,103.9,675387,705531,10,2021-10-22T13:30:00Z,2021-10-22T22:30:00Z,1,387.23517927123,239.82063134762268,-37.16695384183774,-21.727398518357514,-6.694463052931042,2.98787133036465
5CF,21,22,25.699999999999996,104.9,23.699999999999996,103.9,706767,739852,1,2021-10-23T11:30:00Z,2021-10-23T20:30:00Z,1,243.55102554754234,204.76060764011646,-11.327876929385448,-24.695830993379325,-1.4374469189995718,3.3795342486199305
5CF,21,22,28.9,103.5,28.099999999999994,106.9,705036,743505,2,2021-10-23T11:30:00Z,2021-10-23T20:30:00Z,1,344.4637206567308,104.098961902866,37.09323560201805,-9.367505727171663,-2.4570073365342884,0.47999983759561954
5CF,21,22,27.099999999999994,106.5,23.099999999999994,105.9,708720,742305,3,2021-10-23T11:30:00Z,2021-10-23T20:30:00Z,1,447.2099617255552,187.90660018394416,-6.831796432482731,-49.4597749964391,1.1335002344292526,-6.198686151336669
5CF,21,22,28.299999999999997,107.5,26.5,105.30000000000001,709939,741553,4,2021-10-23T11:30:00Z,2021-10-23T20:30:00Z,1,295.15665711293116,227.9995740098227,-24.35518286814823,-22.046506216738948,0.05778339501953152,-3.01667929760403
5CF,21,22,27.099999999999994,106.30000000000001,24.299999999999997,104.9,708475,741074,5,2021-10-23T11:30:00Z,2021-10-23T20:30:00Z,1,340.52754417543247,204.67753236871388,-15.788179899161557,-34.547654270672005,-2.2033633491210964,-1.4467166964755558
5CF,21,22,30.299999999999997,109.1,27.099999999999994,103.69999999999999,711889,739590,6,2021-10-23T11:30:00Z,2021-10-23T20:30:00Z,1,635.6465889334594,237.41561153152585,-59.469395795354785,-38.21041132277036,-5.266680675509982,-3.3180493125779877
5CF,21,22,27.5,104.1,24.099999999999994,101.69999999999999,705778,737155,7,2021-10-23T11:30:00Z,2021-10-23T20:30:00Z,1,446.96764284071986,213.10829851334643,-27.11206899330643,-41.80176217756484,-4.188872280110674,2.0307260563456206
5CF,21,22,26.099999999999994,106.69999999999999,23.699999999999996,105.30000000000001,708970,741567,8,2021-10-23T11:30:00Z,2021-10-23T20:30:00Z,1,301.1288478420835,208.31256463861118,-15.860305685213858,-29.602376303946734,1.7646084989691826,-5.03432220602417
5CF,21,22,29.5,103.5,25.9,99.1,705033,733961,9,2021-10-23T11:30:00Z,2021-10-23T20:30:00Z,1,589.3704966725984,228.45199761390907,-48.9783122585714,-43.63558596803917,-2.2813195535481756,-0.18509687855021206
5CF,21,22,27.9,103.9,23.499999999999993,103.30000000000001,705531,739118,10,2021-10-23T11:30:00Z,2021-10-23T20:30:00Z,1,491.1514963620502,187.17492661153787,-6.812447902929836,-54.406978285516395,-6.2741691051974815,2.7122968788282593
5CF,22,23,23.699999999999996,103.9,23.299999999999997,102.5,739852,772439,1,2021-10-24T14:30:00Z,2021-10-24T18:30:00Z,1,149.70139024948102,253.06706677831897,-35.784068674212534,-10.957146485729462,6.156702477119448,9.504126808380127
5CF,22,23,28.099999999999994,106.9,26.9,107.5,743505,778546,2,2021-10-24T14:30:00Z,2021-10-24T18:30:00Z,1,145.5910742998911,155.830850005569,14.892197712832152,-33.35959980291074,2.6031018306350746,4.323898568634036
5CF,22,23,23.099999999999994,105.9,22.299999999999997,105.1,742305,775629,3,2021-10-24T14:30:00Z,2021-10-24T18:30:00Z,1,120.85063251500773,223.01113165141453,-20.599344579278217,-22.208090704302684,-1.5903072391891473,7.324988265899656
5CF,22,23,26.5,105.30000000000001,26.299999999999997,105.5,741553,776099,4,2021-10-24T14:30:00Z,2021-10-24T18:30:00Z,1,29.8198727248704,137.95071833604942,4.989828776563336,-5.562097714824955,4.162778212471013,20.23734473464966
5CF,22,23,24.299999999999997,104.9,24.9,106.5,741074,777331,5,2021-10-24T14:30:00Z,2021-10-24T18:30:00Z,1,175.1369512191508,67.36742117490837,40.388499529884434,16.93179817957139,4.863382323310853,12.506528240020753
5CF,22,23,27.099999999999994,103.69999999999999,25.5,102.9,739590,772918,6,2021-10-24T14:30:00Z,2021-10-24T18:30:00Z,1,194.43674158904784,204.43798865705526,-20.097550614581042,-44.46504170939026,3.748764620674134,7.8268194138488765
5CF,22,23,24.099999999999994,101.69999999999999,25.5,101.69999999999999,737155,771448,7,2021-10-24T14:30:00Z,2021-10-24T18:30:00Z,1,155.0779344287145,0,2.3857235164471837e-15,38.96182177764589,10.131657347724916,17.58105236013794
5CF,22,23,23.699999999999996,105.30000000000001,24.499999999999993,104.69999999999999,741567,775128,8,2021-10-24T14:30:00Z,2021-10-24T18:30:00Z,1,107.5764512885834,325.5757875584387,-15.194911206334895,22.296216634287592,5.7571209487991375,13.544389350860593
5CF,22,23,25.9,99.1,25.299999999999997,99.1,733961,768264,9,2021-10-24T14:30:00Z,2021-10-24T18:30:00Z,1,66.46914289197345,180,-3.067358806860658e-15,-16.69792361899106,5.96939305280304,2.4324114197082514
5CF,22,23,23.499999999999993,103.30000000000001,23.699999999999996,102.30000000000001,739118,772192,10,2021-10-24T14:30:00Z,2021-10-24T18:30:00Z,1,104.43948170198229,282.4446550765967,-25.482617787262157,5.654887023852918,6.760538178291323,10.816287639923095
5CF,23,26,23.299999999999997,102.5,19.9,103.69999999999999,772439,808226,1,2021-10-27T12:30:00Z,2021-10-29T15:30:00Z,3,396.43395754545844,161.5095440002658,9.667644331428276,-29.076121895157513,-13.564096374088056,2.378117351353892
5CF,23,26,26.9,107.5,20.499999999999993,103.30000000000001,778546,807733,2,2021-10-27T12:30:00Z,2021-10-29T15:30:00Z,3,828.0115328465138,212.01448619865164,-33.752436468549035,-54.28462408493348,-11.824127830308976,4.141688870153395
5CF,23,26,22.299999999999997,105.1,20.299999999999997,101.5,775629,805529,3,2021-10-27T12:30:00Z,2021-10-29T15:30:00Z,3,434.2146893336216,240.00341979854554,-28.915601349217788,-16.791044579922396,-18.25608619277336,4.888219520496453
5CF,23,26,26.299999999999997,105.5,19.9,101.30000000000001,776099,805286,4,2021-10-27T12:30:00Z,2021-10-29T15:30:00Z,3,828.969969012899,212.1106752510277,-33.88296713437145,-54.294468379257815,-9.556670383743386,2.084724296791857
5CF,23,26,24.9,106.5,20.699999999999996,101.1,777331,805037,5,2021-10-27T12:30:00Z,2021-10-29T15:30:00Z,3,723.5220135958687,231.0815928597793,-43.28441943411829,-35.15059101026181,-10.423485035279997,3.748974298865301
5CF,23,26,25.5,102.9,21.099999999999994,102.1,772918,806260,6,2021-10-27T12:30:00Z,2021-10-29T15:30:00Z,3,494.11257197106505,189.69399383060065,-6.397386646653224,-37.65917056325228,-7.2355924029514425,5.600052689632839
5CF,23,26,25.5,101.69999999999999,21.299999999999997,100.5,771448,804299,7,2021-10-27T12:30:00Z,2021-10-29T15:30:00Z,3,481.04023446669436,195.01487348224512,-9.58219725800448,-35.92377148071478,-3.1944701258003794,5.395154692207116
5CF,23,26,24.499999999999993,104.69999999999999,20.699999999999996,102.69999999999999,775128,806997,8,2021-10-27T12:30:00Z,2021-10-29T15:30:00Z,3,468.3419007733639,206.43522479143112,-16.03175432455014,-32.429128935105055,-9.241953346492279,2.2399086583791665
5CF,23,26,25.299999999999997,99.1,20.099999999999994,101.9,768264,806020,9,2021-10-27T12:30:00Z,2021-10-29T15:30:00Z,3,643.6472612349279,152.9001218308822,22.545798165982447,-44.307398667042804,-7.3440295722412765,4.528708584290771
5CF,23,26,23.699999999999996,102.30000000000001,23.499999999999993,99.9,772192,803553,10,2021-10-27T12:30:00Z,2021-10-29T15:30:00Z,3,245.94954119541748,265.3141763821185,-18.84592281368033,-1.5543529252122612,0.2354499958632037,3.515306736130971
5CF,26,27,19.9,103.69999999999999,22.9,107.30000000000001,808226,846921,1,2022-04-12T13:30:00Z,2022-04-12T22:30:00Z,1,499.625801293089,47.69132645162887,41.0335043534235,37.566595429932484,21.146822039794916,-10.509837765502935
5CF,26,27,20.499999999999993,103.30000000000001,23.099999999999994,103.1,807733,841775,2,2022-04-12T13:30:00Z,2022-04-12T22:30:00Z,1,288.6337750168132,355.92790524164366,-2.2762040514373667,32.160411580644464,14.88354801635742,0.9510861277262304
5CF,26,27,20.299999999999997,101.5,22.9,106.1,805529,845451,3,2022-04-12T13:30:00Z,2022-04-12T22:30:00Z,1,556.498939143204,58.02035245454806,52.42269169050859,32.91932135572159,16.80695504760742,-3.0923279347737687
5CF,26,27,19.9,101.30000000000001,22.699999999999996,105.5,805286,844717,4,2022-04-12T13:30:00Z,2022-04-12T22:30:00Z,1,534.7568366851846,53.82404757151687,47.9384262687899,35.25799035527772,17.97914476114908,-2.1732173227946032
5CF,26,27,20.699999999999996,101.1,22.299999999999997,105.30000000000001,805037,844474,5,2022-04-12T13:30:00Z,2022-04-12T22:30:00Z,1,469.8497418221425,67.08997038646174,48.06426753318277,20.428458337553725,16.456128289794922,-2.037498312377936
5CF,26,27,21.099999999999994,102.1,23.9,106.5,806260,845936,6,2022-04-12T13:30:00Z,2022-04-12T22:30:00Z,1,548.6711906773386,54.76776092450575,49.768951253869616,35.350085455212145,13.867765985107422,-1.7627263071696018
5CF,26,27,21.299999999999997,100.5,24.099999999999994,105.69999999999999,804299,844955,7,2022-04-12T13:30:00Z,2022-04-12T22:30:00Z,1,617.650907292088,58.88678425054371,58.72294879928954,35.6418606540125,11.86351871948242,0.5276897084554005
5CF,26,27,20.699999999999996,102.69999999999999,21.099999999999994,104.5,806997,843500,8,2022-04-12T13:30:00Z,2022-04-12T22:30:00Z,1,192.4348329635891,76.37498903855845,20.77091633045506,5.063580548443353,19.950305698649085,-2.3986556691487695
5CF,26,27,20.099999999999994,101.9,22.699999999999996,104.30000000000001,806020,843247,9,2022-04-12T13:30:00Z,2022-04-12T22:30:00Z,1,380.5095922472592,40.410517652481985,27.39405893595994,32.36431674595159,16.87954827677408,-1.0700205128987705
5CF,26,27,23.499999999999993,99.9,24.9,106.30000000000001,803553,845686,10,2022-04-12T13:30:00Z,2022-04-12T22:30:00Z,1,668.3554394047596,75.28699915409823,71.78409317074528,18.946675010220076,3.0588081075032547,4.294998888142903
5CF,27,28,22.9,107.30000000000001,27.299999999999997,111.69999999999999,846921,886589,1,2022-04-13T12:30:00Z,2022-04-13T22:30:00Z,1,659.0644123429391,41.40675098913857,43.56006820818792,49.67122144390369,4.969449298095701,4.860232260131834
5CF,27,28,23.099999999999994,103.1,26.9,109.1,841775,883406,2,2022-04-13T12:30:00Z,2022-04-13T22:30:00Z,1,737.4143722471013,53.96221183169871,59.58884724482022,43.59018573041995,21.353443516845704,19.18770339294433
5CF,27,28,22.9,106.1,28.299999999999997,108.30000000000001,845451,882419,3,2022-04-13T12:30:00Z,2022-04-13T22:30:00Z,1,637.6926254335125,19.808717393639824,21.594106299616747,60.285873604595984,18.76580734497071,22.507812299194335
5CF,27,28,22.699999999999996,105.5,27.299999999999997,109.30000000000001,844717,883649,4,2022-04-13T12:30:00Z,2022-04-13T22:30:00Z,1,637.7030281049692,36.18711525250171,37.62523115172064,51.71946962346422,18.34097675903321,17.56832308044433
5CF,27,28,22.299999999999997,105.30000000000001,28.299999999999997,109.1,844474,883399,5,2022-04-13T12:30:00Z,2022-04-13T22:30:00Z,1,766.8048216801843,29.13752136651169,37.30857498987848,67.30133466745968,17.547000274658217,19.109014330444335
5CF,27,28,23.9,106.5,27.299999999999997,109.9,845936,884384,6,2022-04-13T12:30:00Z,2022-04-13T22:30:00Z,1,508.390372814354,41.47839640945148,33.64899616689258,38.27129960239829,15.808564493408205,17.47907636169434
5CF,27,28,24.099999999999994,105.69999999999999,27.299999999999997,109.69999999999999,844955,884139,7,2022-04-13T12:30:00Z,2022-04-13T22:30:00Z,1,535.5189383823458,47.70290992399623,39.5826882249275,36.21015327632766,17.6271724621582,19.459421010131834
5CF,27,28,21.099999999999994,104.5,26.099999999999994,108.9,843500,883165,8,2022-04-13T12:30:00Z,2022-04-13T22:30:00Z,1,712.8197729876086,38.181277053902704,44.03482521448357,56.31467275226327,19.38488359497071,10.970060971069337
5CF,27,28,22.699999999999996,104.30000000000001,25.9,108.5,843247,882676,9,2022-04-13T12:30:00Z,2022-04-13T22:30:00Z,1,554.3663906305284,49.414131010598624,42.07357251658998,36.244106601785795,21.104287305908205,16.509461361694328
5CF,27,28,24.9,106.30000000000001,26.299999999999997,110.30000000000001,845686,884879,10,2022-04-13T12:30:00Z,2022-04-13T22:30:00Z,1,430.6805478363152,68.03805424834138,39.91647864362461,16.18191615637077,16.743555509033204,18.623851869506844
5CF,28,29,27.299999999999997,111.69999999999999,27.299999999999997,110.30000000000001,886589,919174,1,2022-04-18T13:30:00Z,2022-04-18T19:30:00Z,1,138.58547442864145,270.3210673693559,-23.080947647857286,0.1293396341712341,-11.298800706481932,-5.997465432739255
5CF,28,29,26.9,109.1,27.299999999999997,110.9,883406,919909,2,2022-04-18T13:30:00Z,2022-04-18T19:30:00Z,1,183.91872045414812,75.64646952295169,29.675353266863826,7.633181849242863,-6.248260179138184,-6.814485940551755
5CF,28,29,28.299999999999997,108.30000000000001,29.299999999999997,108.1,882419,916469,3,2022-04-18T13:30:00Z,2022-04-18T19:30:00Z,1,112.53912317537578,350.0568604044819,-3.236106346045275,18.555955084521248,-5.149959104919438,-4.3419893585205065
5CF,28,29,27.299999999999997,109.30000000000001,27.9,109.69999999999999,883649,918436,4,2022-04-18T13:30:00Z,2022-04-18T19:30:00Z,1,77.33039623287982,30.61487708111798,6.558797766907225,11.142520701330511,-14.580917015075686,-4.573398440551755
5CF,28,29,28.299999999999997,109.1,29.5,108.30000000000001,883399,916713,5,2022-04-18T13:30:00Z,2022-04-18T19:30:00Z,1,154.19750369327755,329.7941262161798,-12.919186809118074,22.30721269627031,-5.423222386169439,-2.948189065551757
5CF,28,29,27.299999999999997,109.9,29.299999999999997,108.9,884384,917449,6,2022-04-18T13:30:00Z,2022-04-18T19:30:00Z,1,242.3789578273109,336.3642509006451,-16.182819368469147,37.17273019728474,-7.4479420150756885,-3.061395901489255
5CF,28,29,27.299999999999997,109.69999999999999,27.299999999999997,110.9,884139,919909,7,2022-04-18T13:30:00Z,2022-04-18T19:30:00Z,1,118.78771444666717,89.72480228155706,19.783779296147177,0.09502431073094343,-9.163885569763185,-6.488851370239254
5CF,28,29,26.099999999999994,108.9,27.9,108.69999999999999,883165,917211,8,2022-04-18T13:30:00Z,2022-04-18T19:30:00Z,1,200.43174351135502,354.3612201597521,-3.279882783510483,33.39841949876299,-1.801947972106933,-7.401024319458009
5CF,28,29,25.9,108.5,27.299999999999997,108.9,882676,917459,9,2022-04-18T13:30:00Z,2022-04-18T19:30:00Z,1,160.15068346206306,14.315821247818064,6.595340052993417,25.984772663611,0.5092390396118166,-7.865125393676757
5CF,28,29,26.299999999999997,110.30000000000001,27.5,111.5,884879,920643,10,2022-04-18T13:30:00Z,2022-04-18T19:30:00Z,1,178.5755799643688,41.60875548344512,19.749467082169524,22.356830181314148,-4.578680882263182,-8.237396194458007
5CF,29,30,27.299999999999997,110.30000000000001,27.699999999999996,110.1,919174,953227,1,2022-04-19T16:30:00Z,2022-04-19T20:30:00Z,1,48.53059431262633,336.01606813765795,-4.928116276339222,11.13591179975439,-2.055390554809571,1.9512060905456532
5CF,29,30,27.299999999999997,110.9,29.099999999999994,110.30000000000001,919909,953465,2,2022-04-19T16:30:00Z,2022-04-19T20:30:00Z,1,207.99574164061258,343.68885669902284,-14.592522529630914,50.1295259383901,-0.7661430450439449,2.006062584686279
5CF,29,30,29.299999999999997,108.1,31.299999999999997,109.69999999999999,916469,952719,3,2022-04-19T16:30:00Z,2022-04-19T20:30:00Z,1,269.89094322829646,34.3672313378579,38.05363685133182,55.92517766765062,4.7594743377685536,5.208328649139404
5CF,29,30,27.9,109.69999999999999,28.9,109.9,918436,952976,4,2022-04-19T16:30:00Z,2022-04-19T20:30:00Z,1,112.54555890709011,9.98147008877578,4.873058428189176,27.833896218422602,1.1072221893310545,1.1917998893737791
5CF,29,30,29.5,108.30000000000001,28.5,110.30000000000001,916713,953468,5,2022-04-19T16:30:00Z,2022-04-19T20:30:00Z,1,224.18558085926696,119.14115450861789,48.914884803052686,-27.413758834554862,4.334161935424803,2.6782068717956555
5CF,29,30,29.299999999999997,108.9,28.5,109.5,917449,952488,6,2022-04-19T16:30:00Z,2022-04-19T20:30:00Z,1,106.23705305950116,146.43014968299303,14.67483519318689,-22.226606884038294,4.7883231170654295,4.73946629562378
5CF,29,30,27.299999999999997,110.9,28.5,109.9,919909,952978,7,2022-04-19T16:30:00Z,2022-04-19T20:30:00Z,1,165.45771492613707,323.7184747610076,-24.458884551755617,33.4950699635128,-2.9921055450439455,0.682686119842528
5CF,29,30,27.9,108.69999999999999,28.299999999999997,111.1,917211,954449,8,2022-04-19T16:30:00Z,2022-04-19T20:30:00Z,1,239.9752082398241,78.79161495593252,58.80523599097607,11.710875712984597,0.05328161315917973,3.5815971061706553
5CF,29,30,27.299999999999997,108.9,28.9,110.1,917459,953221,9,2022-04-19T16:30:00Z,2022-04-19T20:30:00Z,1,212.94297993676858,33.34563889507808,29.24020547504514,44.67077423739318,-0.9263395294189438,1.3383991081237805
5CF,29,30,27.5,111.5,28.9,111.30000000000001,920643,954691,10,2022-04-19T16:30:00Z,2022-04-19T20:30:00Z,1,156.3893063450982,352.8341002582436,-4.873295976716527,38.96581063854661,1.176495236206053,4.186175328826905
5CF,30,31,27.699999999999996,110.1,29.9,110.30000000000001,953227,987761,1,2022-04-20T14:30:00Z,2022-04-20T18:30:00Z,1,244.6119236177941,4.530370422618887,4.826308813854744,61.22973100278014,6.281605178833008,6.360590679931642
5CF,30,31,29.099999999999994,110.30000000000001,30.099999999999994,111.1,953465,988740,2,2022-04-20T14:30:00Z,2022-04-20T18:30:00Z,1,135.248635611128,34.76212573134217,19.26246833839008,27.895958508144027,9.493051565551756,2.260575347900391
5CF,30,31,31.299999999999997,109.69999999999999,30.5,109.9,952719,987268,3,2022-04-20T14:30:00Z,2022-04-20T18:30:00Z,1,90.73176303323206,167.78286252340195,4.79595923232583,-22.25958279365762,1.445434817504882,3.01295952758789
5CF,30,31,28.9,109.9,30.099999999999994,111.1,952976,988740,4,2022-04-20T14:30:00Z,2022-04-20T18:30:00Z,1,176.72261805914883,40.88547247839517,28.894064747967562,33.54393263765302,8.127525833129884,3.7233133850097664
5CF,30,31,28.5,110.30000000000001,29.5,110.69999999999999,953468,988253,5,2022-04-20T14:30:00Z,2022-04-20T18:30:00Z,1,117.48867635805937,19.27762842961164,9.689228698390368,27.84618405336413,10.256732913208007,7.127449859619146
5CF,30,31,28.5,109.5,30.099999999999994,111.1,952488,988740,6,2022-04-20T14:30:00Z,2022-04-20T18:30:00Z,1,235.8232172899747,40.84701280956881,38.52709391242247,44.78889680965202,6.376346292114256,4.6265928771972655
5CF,30,31,28.5,109.9,29.699999999999996,111.1,952978,988742,7,2022-04-20T14:30:00Z,2022-04-20T18:30:00Z,1,177.01619681822243,41.00152901560671,29.01030450739511,33.54267509567553,10.240642044067382,7.6647848693847696
5CF,30,31,28.299999999999997,111.1,29.699999999999996,111.30000000000001,954449,988987,8,2022-04-20T14:30:00Z,2022-04-20T18:30:00Z,1,156.38894116895972,7.109981903631876,4.835259719960443,38.96588319167608,17.15105576477051,11.475810552978517
5CF,30,31,28.9,110.1,30.099999999999994,110.69999999999999,953221,988250,9,2022-04-20T14:30:00Z,2022-04-20T18:30:00Z,1,145.17942845074575,23.47737698538947,14.447224494146973,33.432868061384625,7.371111868286134,3.616150103759768
5CF,30,31,28.9,111.30000000000001,29.699999999999996,111.5,954691,989232,10,2022-04-20T14:30:00Z,2022-04-20T18:30:00Z,1,90.77659305408196,12.31129047773021,4.834935639847994,22.26801075177694,20.399440237426763,16.30518770141601
5CF,31,32,29.9,110.30000000000001,31.499999999999996,112.9,987761,1025238,1,2022-04-26T13:30:00Z,2022-04-26T20:30:00Z,1,305.7727927150572,53.88554855022943,35.25574392846437,25.849734247288318,-11.89387019609724,6.684386276681085
5CF,31,32,30.099999999999994,111.1,31.499999999999996,112.9,988740,1025238,2,2022-04-26T13:30:00Z,2022-04-26T20:30:00Z,1,231.86762262253077,47.52304484322639,24.40821070472646,22.45889689893322,-14.001016373552597,5.66125686819894
5CF,31,32,30.5,109.9,31.9,113.69999999999999,987268,1026216,3,2022-04-26T13:30:00Z,2022-04-26T20:30:00Z,1,393.9856079512395,65.82333273770303,24.40821070472646,22.45889689893322,-14.001016373552597,5.66125686819894
5CF,31,32,30.099999999999994,111.1,31.299999999999997,112.9,988740,1025239,4,2022-04-26T13:30:00Z,2022-04-26T20:30:00Z,1,217.79068146804607,51.89366737301151,51.29885742852205,23.13955026939219,-22.946603706141882,5.943112057931085
5CF,31,32,29.5,110.69999999999999,31.299999999999997,112.9,988253,1025239,5,2022-04-26T13:30:00Z,2022-04-26T20:30:00Z,1,290.69847185569967,46.101910728030816,24.45963342172227,19.2783639916829,-11.21929073181152,4.922481589181085
5CF,31,32,30.099999999999994,111.1,31.499999999999996,112.9,988740,1025238,6,2022-04-26T13:30:00Z,2022-04-26T20:30:00Z,1,231.86762262253077,47.52304484322639,29.897239819504275,28.9129234626627,-7.66230775190081,6.0293269016810855
5CF,31,32,29.699999999999996,111.1,31.299999999999997,112.9,988742,1025239,7,2022-04-26T13:30:00Z,2022-04-26T20:30:00Z,1,247.62342857228992,43.79717156552624,24.461036544325946,25.63794954318532,-7.65484550301688,5.3608497253418
5CF,31,32,29.699999999999996,111.30000000000001,31.499999999999996,112.9,988987,1025238,8,2022-04-26T13:30:00Z,2022-04-26T20:30:00Z,1,251.7162441839965,37.153165170559305,21.69780237586307,28.77788128643196,-7.365959398106165,4.953714903913227
5CF,31,32,30.099999999999994,110.69999999999999,31.9,113.69999999999999,988250,1026216,9,2022-04-26T13:30:00Z,2022-04-26T20:30:00Z,1,349.13717683873557,54.376043425149305,40.504791612010195,29.166552587407118,-19.66851015145438,4.357337169538226
5CF,31,32,29.699999999999996,111.5,31.299999999999997,112.9,989232,1025239,10,2022-04-26T13:30:00Z,2022-04-26T20:30:00Z,1,222.53788864476442,36.7980482347441,19.025569262386988,25.561505408182185,-8.401903008597237,4.469606812395372
5CF,32,33,31.499999999999996,112.9,35.3,109.69999999999999,1025238,1055599,1,2022-05-02T12:30:00Z,2022-05-02T21:30:00Z,1,515.918649042866,325.63478944258117,-32.32153404688979,47.4903102742092,18.28852128702799,1.2917294647216793
5CF,32,33,31.499999999999996,112.9,35.49999999999999,110.5,1025238,1056578,2,2022-05-02T12:30:00Z,2022-05-02T21:30:00Z,1,496.5031696168074,333.9673082473979,-24.184664423834107,49.75008066860917,19.359298630777992,0.011287342325846448
5CF,32,33,31.9,113.69999999999999,35.49999999999999,111.1,1026216,1057313,3,2022-05-02T12:30:00Z,2022-05-02T21:30:00Z,1,466.3637013168229,329.59569403643815,-26.19557442081273,44.85250544821512,18.218885089111325,-0.6038596628824862
5CF,32,33,31.299999999999997,112.9,35.49999999999999,111.30000000000001,1025239,1057558,4,2022-05-02T12:30:00Z,2022-05-02T21:30:00Z,1,489.0083998932854,342.7157117305589,-16.125255250829927,52.070776434265916,17.420212953694662,-2.5873784779866527
5CF,32,33,31.299999999999997,112.9,35.9,111.5,1025239,1057801,5,2022-05-02T12:30:00Z,2022-05-02T21:30:00Z,1,526.4776315858129,346.09495205680355,-16.125255250829927,52.070776434265916,17.420212953694662,-2.5873784779866527
5CF,32,33,31.499999999999996,112.9,35.699999999999996,109.5,1025238,1055352,6,2022-05-02T12:30:00Z,2022-05-02T21:30:00Z,1,562.5697637064983,326.81340107121935,-14.0416284690033,56.989681762207674,17.322410219319657,-3.15618791809082
5CF,32,33,31.299999999999997,112.9,35.49999999999999,111.30000000000001,1025239,1057558,7,2022-05-02T12:30:00Z,2022-05-02T21:30:00Z,1,489.0083998932854,342.7157117305589,-34.175834165181186,52.500215339998434,16.47910982869466,1.5076407928466793
5CF,32,33,31.499999999999996,112.9,36.3,111.5,1025238,1057799,8,2022-05-02T12:30:00Z,2022-05-02T21:30:00Z,1,547.9191108765848,346.71683468063884,-13.971652934288732,59.4636543785487,18.372073370361328,-1.9933838816324871
5CF,32,33,31.9,113.69999999999999,36.1,110.30000000000001,1026216,1056330,9,2022-05-02T12:30:00Z,2022-05-02T21:30:00Z,1,561.7737203163261,326.94867637137907,-34.003427727565395,52.503339000170776,18.49310839640299,-0.07322099100748897
5CF,32,33,31.299999999999997,112.9,35.9,110.9,1025239,1057066,10,2022-05-02T12:30:00Z,2022-05-02T21:30:00Z,1,542.8903796965027,340.5541601205807,-20.05883170244375,57.08653689846653,18.139548760986326,-2.607424962361654
5CF,33,34,35.3,109.69999999999999,37.1,110.69999999999999,1055599,1091115,1,2022-05-05T13:30:00Z,2022-05-05T16:30:00Z,1,219.0429798660477,23.94708260713469,29.599890082334188,66.94317124161299,3.171806103515631,23.647694100952144
5CF,33,34,35.49999999999999,110.5,36.9,110.5,1056578,1090871,2,2022-05-05T13:30:00Z,2022-05-05T16:30:00Z,1,155.34782157682284,0,3.1809646885962527e-15,51.94909570352797,3.7504861816406305,28.551180624389637
5CF,33,34,35.49999999999999,111.1,36.49999999999999,110.5,1057313,1090873,3,2022-05-05T13:30:00Z,2022-05-05T16:30:00Z,1,123.44357849012766,334.1842474807404,-17.897782905454996,37.161360464038985,0.25891547851562957,25.026967147827147
5CF,33,34,35.49999999999999,111.30000000000001,37.1,110.5,1057558,1090870,4,2022-05-05T13:30:00Z,2022-05-05T16:30:00Z,1,191.53100815597233,338.2013169695493,-23.679244269773047,59.46764684602683,4.990209619140634,30.13202984313965
5CF,33,34,35.9,111.5,37.49999999999999,110.9,1057801,1091358,5,2022-05-05T13:30:00Z,2022-05-05T16:30:00Z,1,185.4725159471607,343.3760005564212,-23.679244269773047,59.46764684602683,4.990209619140634,30.13202984313965
5CF,33,34,35.699999999999996,109.5,37.1,110.5,1055352,1090870,6,2022-05-05T13:30:00Z,2022-05-05T16:30:00Z,1,179.38961440818105,29.70810710110976,-17.665318518977067,59.42532980502602,10.365972509765639,31.263427304077148
5CF,33,34,35.49999999999999,111.30000000000001,37.1,110.5,1057558,1090870,7,2022-05-05T13:30:00Z,2022-05-05T16:30:00Z,1,191.53100815597233,338.2013169695493,29.597961544315524,52.10153147813613,9.147740869140629,29.547464999389646
5CF,33,34,36.3,111.5,36.699999999999996,110.5,1057799,1090872,8,2022-05-05T13:30:00Z,2022-05-05T16:30:00Z,1,99.98320380405852,296.6526041041924,-29.750792712839758,14.996790823028254,6.090942041015632,28.784363632202158
5CF,33,34,36.1,110.30000000000001,37.1,110.5,1056330,1090870,9,2022-05-05T13:30:00Z,2022-05-05T16:30:00Z,1,112.40370677019757,9.101201090282757,5.919405369096799,37.11263267367106,8.30258461914063,32.46194937438964
5CF,33,34,35.9,110.9,37.1,110.5,1057066,1090870,10,2022-05-05T13:30:00Z,2022-05-05T16:30:00Z,1,137.89936410125995,345.0561302350536,-11.839049727012679,44.55226259994403,6.094002587890627,27.688815390014646
5CF,34,35,37.1,110.69999999999999,39.1,111.30000000000001,1091115,1126140,1,2022-05-14T12:30:00Z,2022-05-14T17:30:00Z,1,228.1478809634644,13.152276389787858,10.368724274979481,44.561048967389546,-1.0070070135497988,-6.837643278808601
5CF,34,35,36.9,110.5,38.9,110.9,1090871,1125651,2,2022-05-14T12:30:00Z,2022-05-14T17:30:00Z,1,224.75884425028855,8.88288469940494,6.932076897624648,44.54255022395994,-3.9257194354248064,-10.598729685058597
5CF,34,35,36.49999999999999,110.5,37.699999999999996,110.9,1090873,1125657,3,2022-05-14T12:30:00Z,2022-05-14T17:30:00Z,1,137.84026737926922,14.828968943229256,7.046782400418316,26.731447295443107,-1.6473352166748028,-9.040617575683605
5CF,34,35,37.1,110.5,37.1,112.5,1090870,1127620,4,2022-05-14T12:30:00Z,2022-05-14T17:30:00Z,1,177.7866529212702,89.39675287995931,35.512030231523546,0.373907394715465,1.9332761114501968,-2.367443825683602
5CF,34,35,37.49999999999999,110.9,39.9,110.9,1091358,1125646,5,2022-05-14T12:30:00Z,2022-05-14T17:30:00Z,1,266.4235205192778,0,3.2718493939847023e-15,53.43335558077139,1.5933662677001974,-8.358080075683604
5CF,34,35,37.1,110.5,36.1,111.30000000000001,1090870,1126155,6,2022-05-14T12:30:00Z,2022-05-14T17:30:00Z,1,132.0522125135974,146.93696631092553,14.391767999970222,-22.203756991045065,2.323190798950197,-4.491809919433604
5CF,34,35,37.1,110.5,38.3,109.9,1090870,1124429,7,2022-05-14T12:30:00Z,2022-05-14T17:30:00Z,1,143.313784470265,338.5159610897826,-10.484003501590133,26.75009633409675,-3.8002667010498086,-10.161834060058597
5CF,34,35,36.699999999999996,110.5,37.9,110.1,1090872,1124676,8,2022-05-14T12:30:00Z,2022-05-14T17:30:00Z,1,137.82048207570753,345.2097016642232,-7.027727889655044,26.73147574832644,-4.431933341674808,-10.153126560058602
5CF,34,35,37.1,110.5,36.3,112.30000000000001,1090870,1127379,9,2022-05-14T12:30:00Z,2022-05-14T17:30:00Z,1,183.7164921749402,118.35570385810024,32.29674102402168,-17.50695971823187,1.4929213458251989,-2.230261560058599
5CF,34,35,37.1,110.5,39.699999999999996,111.30000000000001,1090870,1126137,10,2022-05-14T12:30:00Z,2022-05-14T17:30:00Z,1,296.94653619233685,13.364094099333443,13.708399041461691,57.945019548692876,-2.7124502947998024,-8.333686560058602
5CF,35,36,39.1,111.30000000000001,40.1,113.9,1126140,1163620,1,2022-05-16T12:30:00Z,2022-05-16T16:30:00Z,1,249.37685826641,62.73986554665953,55.34301944768999,28.62761458862966,12.921297534942623,7.2057222930908225
5CF,35,36,38.9,110.9,39.9,113.69999999999999,1125651,1163376,2,2022-05-16T12:30:00Z,2022-05-16T16:30:00Z,1,265.49183063117647,64.39787808428929,59.77374966848129,28.75384020303549,12.05819021072387,8.878359109497072
5CF,35,36,37.699999999999996,110.9,40.1,111.69999999999999,1125657,1160925,3,2022-05-16T12:30:00Z,2022-05-16T16:30:00Z,1,275.31874495471925,14.349586530665306,17.034894977067857,66.8657361464651,4.433963257598872,9.68761877746582
5CF,35,36,37.1,112.5,39.49999999999999,112.69999999999999,1127620,1162153,4,2022-05-16T12:30:00Z,2022-05-16T16:30:00Z,1,266.9788549686875,3.6954665134345532,4.2960956421128955,66.7963009067348,11.478215796661372,5.755073464965823
5CF,35,36,39.9,110.9,40.3,111.9,1125646,1161169,5,2022-05-16T12:30:00Z,2022-05-16T16:30:00Z,1,96.14218191128906,62.164668629548714,21.224687838141424,11.251092296549057,16.195398511505122,2.8474491485595723
5CF,35,36,36.1,111.30000000000001,35.9,112.1,1126155,1161436,6,2022-05-16T12:30:00Z,2022-05-16T16:30:00Z,1,75.46725856571551,106.86564486869628,18.03451875202759,-5.491909118683474,28.951579566192624,22.070981277465826
5CF,35,36,38.3,109.9,39.699999999999996,111.30000000000001,1124429,1160437,7,2022-05-16T12:30:00Z,2022-05-16T16:30:00Z,1,197.13330526804037,37.52672921025328,29.979009775398897,39.1911763664288,18.02390642166137,-0.5632379608154289
5CF,35,36,37.9,110.1,39.49999999999999,112.1,1124676,1161418,8,2022-05-16T12:30:00Z,2022-05-16T16:30:00Z,1,248.61637859955175,43.78637211631951,42.95059926149133,44.9938364151764,13.581552417755129,4.5613242462158174
5CF,35,36,36.3,112.30000000000001,37.3,113.1,1127379,1162654,9,2022-05-16T12:30:00Z,2022-05-16T16:30:00Z,1,131.95505119471457,32.51645552580027,17.71103322313574,27.90365391313988,10.234976245880121,3.5564827423095724
5CF,35,36,39.699999999999996,111.30000000000001,39.699999999999996,110.1,1126137,1158967,10,2022-05-16T12:30:00Z,2022-05-16T16:30:00Z,1,102.91888956907758,270.38326901716715,-25.69398351008585,0.17187747383264493,14.383720777130122,2.369022976684571
5CF,36,37,40.1,113.9,43.1,111.1,1163620,1194475,1,2022-05-17T12:30:00Z,2022-05-17T21:30:00Z,1,406.7708254237604,325.90743928797207,-25.29462880955985,37.51294097464753,-1.151141055297851,-4.152385325113929
5CF,36,37,39.9,113.69999999999999,40.49999999999999,111.5,1163376,1194978,2,2022-05-17T12:30:00Z,2022-05-17T21:30:00Z,1,198.80538154541117,290.28669362113874,-20.68999413609689,7.677190802781512,-10.472653945922856,-11.997069309488928
5CF,36,37,40.1,111.69999999999999,42.49999999999999,111.30000000000001,1160925,1194723,3,2022-05-17T12:30:00Z,2022-05-17T21:30:00Z,1,268.6394131338587,352.9677320432869,-3.6487579072756136,29.69353754966843,-5.01860850321452,-3.088954205322263
5CF,36,37,39.49999999999999,112.69999999999999,42.49999999999999,108.5,1162153,1191293,4,2022-05-17T12:30:00Z,2022-05-17T21:30:00Z,1,485.5390521150462,314.6766998997412,-38.30361061278721,38.01880838025755,-7.556003034464523,-2.673290663655598
5CF,36,37,40.3,111.9,42.1,106.1,1161169,1188355,5,2022-05-17T12:30:00Z,2022-05-17T21:30:00Z,1,525.8304587943993,294.2309467788065,-53.19804497346087,24.02845856023615,-14.414886498006187,2.203976784261075
5CF,36,37,35.9,112.1,40.3,107.69999999999999,1161436,1190324,6,2022-05-17T12:30:00Z,2022-05-17T21:30:00Z,1,622.2856490664034,323.0220562748425,-41.53183808375036,55.39151522973594,5.400928215535481,15.366388503011068
5CF,36,37,39.699999999999996,111.30000000000001,42.1,104.5,1160437,1186395,7,2022-05-17T12:30:00Z,2022-05-17T21:30:00Z,1,631.6830425354367,297.14640316405234,-62.36149238617878,32.09162085834179,-14.79129821675618,3.894229258219402
5CF,36,37,39.49999999999999,112.1,42.699999999999996,112.1,1161418,1195702,8,2022-05-17T12:30:00Z,2022-05-17T21:30:00Z,1,355.37882609590054,0,2.423592143692372e-15,39.58026339316399,-5.89003780008952,-3.54392595011393
5CF,36,37,37.3,113.1,42.1,107.30000000000001,1162654,1189825,9,2022-05-17T12:30:00Z,2022-05-17T21:30:00Z,1,728.6595000478166,318.7953161828544,-53.25385396116861,61.065151351974045,-5.972350300089514,6.684271966552736
5CF,36,37,39.699999999999996,110.1,42.1,105.1,1158967,1187130,10,2022-05-17T12:30:00Z,2022-05-17T21:30:00Z,1,498.4031355746727,303.9372790212896,-45.875296636753674,30.986146217877437,-14.902520221964517,6.743672096761074
5CF,37,38,43.1,111.1,46.9,108.5,1194475,1225571,1,2022-05-18T12:30:00Z,2022-05-18T21:30:00Z,1,469.35947806513263,335.0181661981635,-21.9857156850843,47.350521944463914,-18.341816714477527,9.027453162638338
5CF,37,38,40.49999999999999,111.5,46.1,106.1,1194978,1222635,2,2022-05-18T12:30:00Z,2022-05-18T21:30:00Z,1,760.5531194309079,326.6677575831563,-46.35490309077756,70.7393806711215,3.6606457855224672,9.062461235555011
5CF,37,38,42.49999999999999,111.30000000000001,46.49999999999999,108.69999999999999,1194723,1225818,3,2022-05-18T12:30:00Z,2022-05-18T21:30:00Z,1,490.1580435397775,335.95579164805036,-22.151021543645914,49.82356054545328,-15.60097700093586,12.608782329305
5CF,37,38,42.49999999999999,108.5,45.699999999999996,106.69999999999999,1191293,1223372,4,2022-05-18T12:30:00Z,2022-05-18T21:30:00Z,1,383.6382759489971,338.5572702622984,-15.556293118121904,39.74871765844031,-1.7604952301025307,14.938776469930007
5CF,37,38,42.1,106.1,45.1,105.5,1188355,1221905,5,2022-05-18T12:30:00Z,2022-05-18T21:30:00Z,1,336.8126770222827,351.9361651401902,-5.240833032285427,37.12524966110371,3.52188628031412,10.20418180847167
5CF,37,38,40.3,107.69999999999999,44.1,106.1,1190324,1222645,6,2022-05-18T12:30:00Z,2022-05-18T21:30:00Z,1,442.2696975262928,343.1498876551163,-14.22140314198018,47.13335228490638,11.586245264689133,16.017779464721674
5CF,37,38,42.1,104.5,43.9,106.5,1186395,1223136,7,2022-05-18T12:30:00Z,2022-05-18T21:30:00Z,1,258.0180829311618,38.52062778566176,17.82599963632416,22.474921933517095,13.56995008239746,13.246493397013335
5CF,37,38,42.699999999999996,112.1,47.3,104.69999999999999,1195702,1220914,8,2022-05-18T12:30:00Z,2022-05-18T21:30:00Z,1,775.1099356268298,313.7966149001793,-62.0516554887185,59.69685624959244,-14.415228563435875,8.21617035013835
5CF,37,38,42.1,107.30000000000001,45.3,104.1,1189825,1220189,9,2022-05-18T12:30:00Z,2022-05-18T21:30:00Z,1,439.1741549652052,325.1340728021626,-27.84810748505569,40.112514561514374,1.4040632334391254,8.05992113138834
5CF,37,38,42.1,105.1,43.3,105.30000000000001,1187130,1221669,10,2022-05-18T12:30:00Z,2022-05-18T21:30:00Z,1,134.3076284446094,6.940610177902556,1.800469784444219,14.844721809712913,9.819129118855798,13.627048344930008
5CF,38,39,46.9,108.5,48.9,107.69999999999999,1225571,1258881,1,2022-05-19T12:30:00Z,2022-05-19T21:30:00Z,1,230.27718064415689,345.24064903579955,-6.505976090154564,24.771190474612776,6.498292026774089,-5.077341951497399
5CF,38,39,46.1,106.1,48.1,102.5,1222635,1252515,2,2022-05-19T12:30:00Z,2022-05-19T21:30:00Z,1,352.2470348281098,310.439732561062,-29.732644923963306,25.418477287259876,3.809162599690756,-1.9872920817057276
5CF,38,39,46.49999999999999,108.69999999999999,49.3,109.1,1225818,1260594,3,2022-05-19T12:30:00Z,2022-05-19T21:30:00Z,1,312.75931385541037,5.339407232352471,3.2275484044258747,34.6410291159244,10.806475229899089,-4.328659008789058
5CF,38,39,45.699999999999996,106.69999999999999,50.1,103.69999999999999,1223372,1253975,4,2022-05-19T12:30:00Z,2022-05-19T21:30:00Z,1,538.0861885735276,336.47262225319827,-23.819356535835958,54.880418497628185,5.887564162190755,-2.6203454671223976
5CF,38,39,45.1,105.5,49.1,102.69999999999999,1221905,1252755,5,2022-05-19T12:30:00Z,2022-05-19T21:30:00Z,1,492.79247329395395,335.4700038933108,-22.689038197892756,49.87722131099638,0.9910995788574225,1.3363235432942713
5CF,38,39,44.1,106.1,47.699999999999996,102.69999999999999,1222645,1252762,6,2022-05-19T12:30:00Z,2022-05-19T21:30:00Z,1,479.18662208253704,327.808960549439,-28.312937115459203,45.12522027666961,-9.114337139892577,5.387435652669273
5CF,38,39,43.9,106.5,47.9,102.69999999999999,1223136,1252761,7,2022-05-19T12:30:00Z,2022-05-19T21:30:00Z,1,533.3500832901494,327.7953232992293,-31.52476927221645,50.21802063096642,-8.73976539510091,4.235803881835938
5CF,38,39,47.3,104.69999999999999,48.699999999999996,106.1,1220914,1256922,8,2022-05-19T12:30:00Z,2022-05-19T21:30:00Z,1,187.46816755496297,33.34923175404799,11.429339034668674,17.41976202488826,6.53434788614909,-3.1854160400390614
5CF,38,39,45.3,104.1,48.1,103.69999999999999,1220189,1253985,9,2022-05-19T12:30:00Z,2022-05-19T21:30:00Z,1,312.7603865096653,354.53177387245637,-3.3054248436727294,34.6410640110708,-3.3083452128092428,0.34541429850260436
5CF,38,39,43.3,105.30000000000001,47.3,103.1,1221669,1253254,10,2022-05-19T12:30:00Z,2022-05-19T21:30:00Z,1,476.81180016228734,339.5621572765554,-18.46639781408596,49.72450903938637,-7.8303622701009115,8.70693760579427
5CF,39,40,48.9,107.69999999999999,51.1,102.1,1258881,1286310,1,2022-05-20T13:30:00Z,2022-05-20T21:30:00Z,1,469.9994971113211,303.48569270446507,-48.899434126864776,32.435195009035844,-8.631039248657226,-1.8202742179870584
5CF,39,40,48.1,102.5,50.699999999999996,100.30000000000001,1252515,1284107,2,2022-05-20T13:30:00Z,2022-05-20T21:30:00Z,1,330.2904694069578,331.9218096292888,-19.39350684415243,36.4597592706194,0.11567754821777365,6.162528321075443
5CF,39,40,49.3,109.1,50.699999999999996,102.30000000000001,1260594,1286557,3,2022-05-20T13:30:00Z,2022-05-20T21:30:00Z,1,511.575458436489,290.2999210168554,-59.85483306325474,22.195752503965068,-7.495105947875972,-3.4905926261901863
5CF,39,40,50.1,103.69999999999999,51.1,100.9,1253975,1284840,4,2022-05-20T13:30:00Z,2022-05-20T21:30:00Z,1,227.29480348512178,300.3755210543859,-24.462010717940064,14.37580847197376,-20.28538739318848,7.284458448028567
5CF,39,40,49.1,102.69999999999999,52.3,100.9,1252755,1284834,5,2022-05-20T13:30:00Z,2022-05-20T21:30:00Z,1,377.977388792558,341.0342193806532,-15.323302718624008,44.71267841386298,-14.580793936157228,7.924870410919187
5CF,39,40,47.699999999999996,102.69999999999999,51.5,102.1,1252762,1286308,6,2022-05-20T13:30:00Z,2022-05-20T21:30:00Z,1,424.8564366692974,354.36807144642376,-5.201107932734705,52.897305950132484,-6.109138467407227,5.618531641387941
5CF,39,40,47.9,102.69999999999999,51.3,100.5,1252761,1284349,7,2022-05-20T13:30:00Z,2022-05-20T21:30:00Z,1,410.18468611130174,338.0230628789788,-19.148972084261214,47.588469707316996,-3.7834880767822265,9.105874317169196
5CF,39,40,48.699999999999996,106.1,52.1,101.9,1256922,1286060,8,2022-05-20T13:30:00Z,2022-05-20T21:30:00Z,1,481.7113052142794,323.30935344562397,-35.90246415811838,48.31700260093425,-10.173319033813478,-1.0174935539245593
5CF,39,40,48.1,103.69999999999999,51.5,100.30000000000001,1253985,1284103,9,2022-05-20T13:30:00Z,2022-05-20T21:30:00Z,1,450.35790958185396,328.374032153999,-29.458847174270673,47.97310171268071,-5.689330654907227,7.703881446075445
5CF,39,40,47.3,103.1,51.5,99.69999999999999,1253254,1283368,10,2022-05-20T13:30:00Z,2022-05-20T21:30:00Z,1,528.1558966821306,333.4312911883655,-29.46805904354799,59.09998117148251,-0.9607496978759766,5.266823242950441
5CF,40,41,51.1,102.1,53.9,101.9,1286310,1320351,1,2022-05-21T13:30:00Z,2022-05-21T20:30:00Z,1,311.8705067085272,357.58308494960687,-1.8747162417843237,44.53037620500512,5.50986214730399,2.3667866023472355
5CF,40,41,50.699999999999996,100.30000000000001,54.5,99.30000000000001,1284107,1317163,2,2022-05-21T13:30:00Z,2022-05-21T20:30:00Z,1,428.2405794838979,351.29231908727434,-9.241271079957528,60.494118476940976,6.729472470964706,-0.519245038277765
5CF,40,41,50.699999999999996,102.30000000000001,54.1,102.1,1286557,1320595,3,2022-05-21T13:30:00Z,2022-05-21T20:30:00Z,1,378.5789063673833,358.0183033270115,-1.866083258148624,54.07202811660994,6.125005283464705,1.9964518367222355
5CF,40,41,51.1,100.9,53.3,102.5,1284840,1321089,4,2022-05-21T13:30:00Z,2022-05-21T20:30:00Z,1,268.11033107153685,23.449266696298594,15.208748646070338,35.153106673076856,7.129994904000422,0.30636199297223493
5CF,40,41,52.3,100.9,54.3,94.1,1284834,1310794,5,2022-05-21T13:30:00Z,2022-05-21T20:30:00Z,1,504.7693701267185,298.84914426257376,-63.021031653732734,34.794667650378514,6.03449568525042,-0.11347176818847841
5CF,40,41,51.5,102.1,53.699999999999996,101.5,1286308,1319862,6,2022-05-21T13:30:00Z,2022-05-21T20:30:00Z,1,248.16309566112943,350.8092482925192,-5.650117856176712,35.00951426758084,7.7524967455182745,1.2692829751150925
5CF,40,41,51.3,100.5,53.1,102.9,1284349,1321580,7,2022-05-21T13:30:00Z,2022-05-21T20:30:00Z,1,258.8931005108752,38.383890806431566,22.915632180746638,29.002772671672925,5.832054111589707,0.245686658150806
5CF,40,41,52.1,101.9,54.1,103.5,1286060,1322310,8,2022-05-21T13:30:00Z,2022-05-21T20:30:00Z,1,247.01819363208338,25.07365768799292,14.921714670892747,31.971471737989255,11.44972068525042,1.4962155644008077
5CF,40,41,51.5,100.30000000000001,54.3,100.9,1284103,1319124,9,2022-05-21T13:30:00Z,2022-05-21T20:30:00Z,1,314.19781724746673,7.144431493852949,5.570110090957037,44.5509171160087,9.785048977661134,0.9038066358293763
5CF,40,41,51.5,99.69999999999999,54.1,100.69999999999999,1283368,1318880,10,2022-05-21T13:30:00Z,2022-05-21T20:30:00Z,1,297.0834146762474,12.72493918201394,9.327853646701069,41.41171266710389,8.980964937482566,0.8973932987758063
5CF,41,42,53.9,101.9,54.9,100.30000000000001,1320351,1352686,1,2022-05-22T14:30:00Z,2022-05-22T20:30:00Z,1,152.26945203720405,317.6174112801873,-17.068544200916943,18.74663961040612,-1.635367575073246,-9.285163772583012
5CF,41,42,54.5,99.30000000000001,55.5,97.1,1317163,1348763,2,2022-05-22T14:30:00Z,2022-05-22T20:30:00Z,1,179.46784631751925,309.2315884125693,-23.1164476652162,18.91610011712576,-6.309593942260745,-2.7018006866455093
5CF,41,42,54.1,102.1,55.1,98.9,1320595,1350970,3,2022-05-22T14:30:00Z,2022-05-22T20:30:00Z,1,234.83636852289476,299.58896581248194,-33.95851543142568,19.324847244628227,-1.997483786010747,-9.115748538208013
5CF,41,42,53.3,102.5,55.1,101.9,1321089,1354645,4,2022-05-22T14:30:00Z,2022-05-22T20:30:00Z,1,204.14398319471397,349.18457577906645,-6.370069915992188,33.4227983462986,-1.4284085906982453,-9.937884182739266
5CF,41,42,54.3,94.1,55.1,96.5,1310794,1348030,5,2022-05-22T14:30:00Z,2022-05-22T20:30:00Z,1,178.51307148857788,59.10188410611329,25.472259782698103,15.277349553773641,-3.3624115203857423,-3.0811164093017585
5CF,41,42,53.699999999999996,101.5,54.9,98.30000000000001,1319862,1350236,6,2022-05-22T14:30:00Z,2022-05-22T20:30:00Z,1,247.43711995988525,303.9585236255158,-34.129077733529456,23.036139147403254,-3.4034394500732463,-6.256562893676764
5CF,41,42,53.1,102.9,54.9,99.69999999999999,1321580,1351951,7,2022-05-22T14:30:00Z,2022-05-22T20:30:00Z,1,290.0721178932667,314.9603061409771,-34.13228348910832,34.1642625955665,-3.388956442260745,-9.346604299926765
5CF,41,42,54.1,103.5,55.699999999999996,100.30000000000001,1322310,1352682,8,2022-05-22T14:30:00Z,2022-05-22T20:30:00Z,1,271.73914835094524,312.24670348114444,-33.44946582070279,30.447142469127922,-4.55122206726075,-10.350666702270514
5CF,41,42,54.3,100.9,55.3,99.69999999999999,1319124,1351949,9,2022-05-22T14:30:00Z,2022-05-22T20:30:00Z,1,135.45033362824526,325.7566787358332,-12.674406029314579,18.661487680602693,-3.410455270385746,-8.785218460083012
5CF,41,42,54.1,100.69999999999999,54.699999999999996,99.30000000000001,1318880,1351462,10,2022-05-22T14:30:00Z,2022-05-22T20:30:00Z,1,112.81354942397721,306.8666231579461,-15.00887733941198,11.280867555086527,-4.565463082885743,-7.086321096801763
5CF,42,43,54.9,100.30000000000001,56.1,95.5,1352686,1381100,1,2022-05-23T14:30:00Z,2022-05-23T20:30:00Z,1,331.3649743807539,295.7356298702189,-49.63448024109329,23.974247714314373,-3.3862449798583927,7.227719036865229
5CF,42,43,55.5,97.1,57.3,96.5,1348763,1382319,2,2022-05-23T14:30:00Z,2022-05-23T20:30:00Z,1,203.82140596069704,349.77680140857586,-6.014840815866876,33.42198901809032,-4.300353182983395,11.739866888427738
5CF,42,43,55.1,98.9,56.5,98.9,1350970,1385263,3,2022-05-23T14:30:00Z,2022-05-23T20:30:00Z,1,155.8734352460004,0,1.590482344298119e-15,25.97454785176387,-2.9689777923583978,8.172022064208981
5CF,42,43,55.1,101.9,56.3,99.30000000000001,1354645,1385754,4,2022-05-23T14:30:00Z,2022-05-23T20:30:00Z,1,211.10133655596636,310.3268189214912,-26.760519734780523,22.76438673612414,-2.1356266204834,8.587400091552732
5CF,42,43,55.1,96.5,57.3,95.69999999999999,1348030,1381339,5,2022-05-23T14:30:00Z,2022-05-23T20:30:00Z,1,249.93743304550026,348.8723940077979,-8.020360989966921,40.86347995287662,2.1752014160840717e-4,4.308845111083979
5CF,42,43,54.9,98.30000000000001,56.9,99.1,1350236,1385506,6,2022-05-23T14:30:00Z,2022-05-23T20:30:00Z,1,228.22950895574357,12.33521613541518,8.107037913117086,37.1531818635473,-3.8098076751708967,5.2523480407714835
5CF,42,43,54.9,99.69999999999999,56.1,95.9,1351951,1381590,7,2022-05-23T14:30:00Z,2022-05-23T20:30:00Z,1,274.75114618774904,300.64520394111275,-39.30562838677571,23.33591984456546,-4.074402206420895,7.254891009521482
5CF,42,43,55.699999999999996,100.30000000000001,57.1,96.5,1352682,1382320,8,2022-05-23T14:30:00Z,2022-05-23T20:30:00Z,1,281.6395576315713,305.17178978005853,-38.279400094414,27.029404730760945,5.880952188110351,5.36512675170899
5CF,42,43,55.3,99.69999999999999,56.1,95.5,1351949,1381100,9,2022-05-23T14:30:00Z,2022-05-23T20:30:00Z,1,278.63889799652867,290.3657107276881,-43.43637655230045,16.15628049643954,-2.4883533782958933,7.00420692749023
5CF,42,43,54.699999999999996,99.30000000000001,57.3,97.9,1351462,1384034,10,2022-05-23T14:30:00Z,2022-05-23T20:30:00Z,1,302.36304867733764,343.787804996078,-14.036354635948014,48.379908704963036,-1.0738636322021464,8.189777532958981
5CF,43,44,56.1,95.5,58.9,95.1,1381100,1414896,1,2022-05-24T15:30:00Z,2022-05-24T20:30:00Z,1,312.7516558788896,355.7705340679861,-4.6018230369844355,62.352393679902626,-1.4330281970214855,-4.371190827026369
5CF,43,44,57.3,96.5,56.699999999999996,94.9,1382319,1414662,2,2022-05-24T15:30:00Z,2022-05-24T20:30:00Z,1,117.97446788342619,236.17769017707587,-19.555990453243727,-13.12906176597909,-3.493915228271484,-5.152934342651368
5CF,43,44,56.5,98.9,57.3,95.5,1385263,1415394,3,2022-05-24T15:30:00Z,2022-05-24T20:30:00Z,1,225.48880691576605,294.68556760981994,-40.87919224880361,18.825960753430426,-0.9852538220214824,-2.1679034051513675
5CF,43,44,56.3,99.30000000000001,58.5,95.1,1385754,1414898,4,2022-05-24T15:30:00Z,2022-05-24T20:30:00Z,1,351.70784092230116,315.89253471188516,-48.8389224728931,50.48319389720305,2.640769888916018,-2.7847091473388677
5CF,43,44,57.3,95.69999999999999,58.1,93.69999999999999,1381339,1413185,5,2022-05-24T15:30:00Z,2022-05-24T20:30:00Z,1,148.85145262391856,307.6068861138529,-23.52754473343869,18.15773843973976,-2.014997845458985,-6.247233912963869
5CF,43,44,56.9,99.1,58.9,96.30000000000001,1385506,1416366,6,2022-05-24T15:30:00Z,2022-05-24T20:30:00Z,1,277.77196996763405,324.4795245047422,-32.19746491032284,45.19198859585077,7.555817076416014,-3.5066014910888668
5CF,43,44,56.1,95.9,57.699999999999996,95.1,1381590,1414902,7,2022-05-24T15:30:00Z,2022-05-24T20:30:00Z,1,184.717834982516,345.03278929085644,-9.51843303012437,35.67773828167224,-6.075616790771483,-1.9137513739013667
5CF,43,44,57.1,96.5,58.699999999999996,95.5,1382320,1415387,8,2022-05-24T15:30:00Z,2022-05-24T20:30:00Z,1,187.80281417285158,342.0174495994846,-11.567602493610533,35.7075062228327,4.587800240478514,-6.537515084838871
5CF,43,44,56.1,95.5,56.1,94.1,1381100,1413685,9,2022-05-24T15:30:00Z,2022-05-24T20:30:00Z,1,87.12270494481723,270.58101761096725,-17.38342064485858,0.17628557484442378,-14.38629460327149,2.256355383911134
5CF,43,44,57.3,97.9,58.699999999999996,94.9,1384034,1414652,10,2022-05-24T15:30:00Z,2022-05-24T20:30:00Z,1,236.14661585308562,312.57969668858027,-34.691609073355146,31.93791006935205,7.5593253186035145,-5.350387662963867
5CF,44,45,58.9,95.1,58.699999999999996,93.1,1414896,1446747,1,2022-05-25T15:30:00Z,2022-05-25T20:30:00Z,1,117.73860844100558,259.9497363316097,-23.129650992520478,-4.107321948444737,5.352640363769531,-21.15647660522462
5CF,44,45,56.699999999999996,94.9,57.5,94.5,1414662,1448468,2,2022-05-25T15:30:00Z,2022-05-25T20:30:00Z,1,92.32866365369613,344.94464041612036,-4.785081579837282,17.825121827231616,0.6964055200195282,-30.930401722412128
5CF,44,45,57.3,95.5,57.1,93.1,1415394,1446755,3,2022-05-25T15:30:00Z,2022-05-25T20:30:00Z,1,146.7617350059635,262.28148017207707,-29.017695511251855,-3.941662797173614,-0.7680961596679722,-31.00822617553713
5CF,44,45,58.5,95.1,59.3,93.30000000000001,1414898,1446989,4,2022-05-25T15:30:00Z,2022-05-25T20:30:00Z,1,136.7637964348924,311.4271648802591,-20.4582129653924,18.08592439185882,4.545996730957032,-20.402607425537113
5CF,44,45,58.1,93.69999999999999,58.9,93.9,1413185,1447726,5,2022-05-25T15:30:00Z,2022-05-25T20:30:00Z,1,89.86880956968456,7.370441806760596,2.3000804247465805,17.814536513734456,0.9235835668945332,-25.84095808959962
5CF,44,45,58.9,96.30000000000001,60.1,92.30000000000001,1416366,1445760,6,2022-05-25T15:30:00Z,2022-05-25T20:30:00Z,1,262.99634272426647,302.2562226532764,-44.369589650026185,28.048983053518874,7.6283706372070315,-20.32241812866211
5CF,44,45,57.699999999999996,95.1,59.5,92.5,1414902,1446008,7,2022-05-25T15:30:00Z,2022-05-25T20:30:00Z,1,251.05924212362075,324.08965451229415,-29.37691842846685,40.64224590411509,0.9623987622070322,-24.719666253662126
5CF,44,45,58.699999999999996,95.5,58.5,93.9,1415387,1447728,8,2022-05-25T15:30:00Z,2022-05-25T20:30:00Z,1,95.65255581774987,257.2161085659656,-18.6108430995282,-4.230885705250891,5.78814555908203,-25.788384144287114
5CF,44,45,56.1,94.1,55.699999999999996,89.30000000000001,1413685,1442107,9,2022-05-25T15:30:00Z,2022-05-25T20:30:00Z,1,303.4789726874756,263.5556825962345,-60.17435720606418,-6.815498147543893,-10.61778557373048,-21.20580199584962
5CF,44,45,58.699999999999996,94.9,59.1,92.9,1414652,1446500,10,2022-05-25T15:30:00Z,2022-05-25T20:30:00Z,1,123.58885872395109,291.9859030444163,-22.863641163911474,9.247044604076866,4.6192775903320324,-20.22752273803712
5CF,45,46,58.699999999999996,93.1,60.9,92.1,1446747,1479811,1,2022-05-26T15:30:00Z,2022-05-26T21:30:00Z,1,251.43812742735295,347.53090632825683,-9.024976331207265,40.8849673651275,-12.124602159118647,-0.9200911743164079
5CF,45,46,57.5,94.5,60.5,91.1,1448468,1478588,2,2022-05-26T15:30:00Z,2022-05-26T21:30:00Z,1,387.0109537044542,331.13061462127934,-31.063380213224356,56.4459488440853,-9.277353038024902,-1.4931358032226567
5CF,45,46,57.1,93.1,60.3,90.5,1446755,1477854,3,2022-05-26T15:30:00Z,2022-05-26T21:30:00Z,1,386.93478572501806,338.1827902684878,-23.906589312478715,59.83138991435548,-6.41827676849365,-2.7964317993164065
5CF,45,46,59.3,93.30000000000001,60.9,89.9,1446989,1477116,4,2022-05-26T15:30:00Z,2022-05-26T21:30:00Z,1,259.8514233710507,314.76775079355747,-30.66899610024875,30.472190897917525,-13.829289073181146,-5.001041369628909
5CF,45,46,58.9,93.9,60.699999999999996,90.1,1447726,1477362,5,2022-05-26T15:30:00Z,2022-05-26T21:30:00Z,1,292.6944679481526,314.8617496142782,-34.48938412022587,34.381718085527204,-13.6915032333374,-4.3384436157226585
5CF,45,46,60.1,92.30000000000001,60.1,91.69999999999999,1445760,1479325,6,2022-05-26T15:30:00Z,2022-05-26T21:30:00Z,1,33.37879493064149,270.2600696162419,-5.54906391605318,0.025187768472883995,-10.898804502868654,-6.313451818847658
5CF,45,46,59.5,92.5,60.5,90.30000000000001,1446008,1477608,7,2022-05-26T15:30:00Z,2022-05-26T21:30:00Z,1,165.76336745222187,313.1745236792238,-20.09664047224702,18.886869224512488,-12.874653623962397,-6.8213199829101585
5CF,45,46,58.5,93.9,59.9,90.9,1447728,1478346,8,2022-05-26T15:30:00Z,2022-05-26T21:30:00Z,1,231.71236662033687,313.57653463974464,-27.90732486160617,26.60074955749026,-11.27086934661865,-0.861675158691407
5CF,45,46,55.699999999999996,89.30000000000001,59.5,90.69999999999999,1442107,1478103,9,2022-05-26T15:30:00Z,2022-05-26T21:30:00Z,1,431.3809278880856,10.599335203788769,13.191812203831462,70.63750028705687,-9.740332041931147,-1.5543388305664019
5CF,45,46,59.1,92.9,59.9,91.5,1446500,1479081,10,2022-05-26T15:30:00Z,2022-05-26T21:30:00Z,1,119.28750038947865,318.9409438502406,-13.025975494309536,14.979540396893652,-12.4067686630249,-0.05410992431640795
5CF,46,47,60.9,92.1,62.5,90.30000000000001,1479811,1511898,1,2022-05-27T16:30:00Z,2022-05-27T19:30:00Z,1,202.13019975083859,332.6805955644919,-30.841046895309447,59.7959223126763,-6.453282351684568,23.60047506103515
5CF,46,47,60.5,91.1,61.9,89.69999999999999,1478588,1511166,2,2022-05-27T16:30:00Z,2022-05-27T19:30:00Z,1,173.20654607226163,334.8541701362418,-24.469206090197584,52.210498635633925,-8.825366336059572,20.346589904785148
5CF,46,47,60.3,90.5,61.5,88.69999999999999,1477854,1509943,3,2022-05-27T16:30:00Z,2022-05-27T19:30:00Z,1,165.58985081895887,324.6294005630217,-31.86856900584437,44.964392329720404,-13.638427664184567,21.73086881103515
5CF,46,47,60.9,89.9,62.5,90.5,1477116,1512143,4,2022-05-27T16:30:00Z,2022-05-27T19:30:00Z,1,181.10725995872343,9.83207885070965,10.281514645497328,59.41767779472452,-5.028150320434566,18.44232213134765
5CF,46,47,60.699999999999996,90.1,61.3,90.30000000000001,1477362,1511904,5,2022-05-27T16:30:00Z,2022-05-27T19:30:00Z,1,67.72749430909933,9.106697508850232,3.56394194826623,22.269333280857243,-12.110886843872064,20.615583264160144
5CF,46,47,60.1,91.69999999999999,61.9,90.1,1479325,1511656,6,2022-05-27T16:30:00Z,2022-05-27T19:30:00Z,1,218.44207661572193,337.35140012940303,-27.965980529301053,67.13225987248153,-8.821663796997074,15.187230139160148
5CF,46,47,60.5,90.30000000000001,61.3,88.1,1477608,1509209,7,2022-05-27T16:30:00Z,2022-05-27T19:30:00Z,1,149.0011209938206,307.69957531180324,-39.19662442442547,30.341964025868602,-12.545755203247063,20.942627795410143
5CF,46,47,59.9,90.9,61.5,89.1,1478346,1510433,8,2022-05-27T16:30:00Z,2022-05-27T19:30:00Z,1,203.5705718517515,331.9079321238664,-31.870396479150823,59.80587932800896,-16.236063992309568,20.960937365722646
5CF,46,47,59.5,90.69999999999999,61.5,88.1,1478103,1509208,9,2022-05-27T16:30:00Z,2022-05-27T19:30:00Z,1,264.6701399412214,328.45807809570437,-46.032169838550004,75.11923508658371,-16.241590359497064,20.374255920410143
5CF,46,47,59.9,91.5,61.9,89.9,1479081,1511411,10,2022-05-27T16:30:00Z,2022-05-27T19:30:00Z,1,239.16011135333449,339.4066370287205,-27.967064916334227,74.553131176316,-11.762590750122072,15.19994791259765
5CF,47,48,62.5,90.30000000000001,62.28616,88.97598,1511898,1544484,1,2022-05-28T16:30:00Z,2022-05-28T18:30:00Z,1,72.50796271248453,251.39839648293787,-36.219428689471066,-10.73966164278794,-0.46696868591308527,0.8722291717529301
5CF,47,48,61.9,89.69999999999999,62.28616,88.97598,1511166,1544484,2,2022-05-28T16:30:00Z,2022-05-28T18:30:00Z,1,57.29333693450625,319.0095827630752,-20.698034774174648,22.391525546312995,3.9794461578369194,10.147300460815439
5CF,47,48,61.5,88.69999999999999,62.28616,88.97598,1509943,1544484,3,2022-05-28T16:30:00Z,2022-05-28T18:30:00Z,1,88.8061179028028,9.283035845719212,5.1747579446890954,44.535753557344194,5.540879360961919,8.538119796752934
5CF,47,48,62.5,90.5,62.28616,88.97598,1512143,1544484,4,2022-05-28T16:30:00Z,2022-05-28T18:30:00Z,1,82.34713358826757,253.8534678997307,-41.392642443371756,-10.619578106598809,-0.24540520935058527,0.8591510467529302
5CF,47,48,61.3,90.30000000000001,62.28616,88.97598,1511904,1544484,5,2022-05-28T16:30:00Z,2022-05-28T18:30:00Z,1,130.21113965993348,328.1441316041247,-36.22122505004464,56.04916090276403,5.856752993774421,10.65730690612794
5CF,47,48,61.9,90.1,62.28616,88.97598,1511656,1544484,6,2022-05-28T16:30:00Z,2022-05-28T18:30:00Z,1,72.7981397189981,306.735187565346,-31.046067237167698,22.551056503440265,3.658506509399418,9.771796554565437
5CF,47,48,61.3,88.1,62.28616,88.97598,1509209,1544484,7,2022-05-28T16:30:00Z,2022-05-28T18:30:00Z,1,119.21733944078974,22.420482711596833,20.698920389713443,55.786903837566705,9.093820962524424,5.958851632690431
5CF,47,48,61.5,89.1,62.28616,88.97598,1510433,1544484,8,2022-05-28T16:30:00Z,2022-05-28T18:30:00Z,1,87.85498870605304,355.79787153636516,-5.174757944688419,44.53575355734421,4.412532485961919,10.183467453002937
5CF,47,48,61.5,88.1,62.28616,88.97598,1509208,1544484,9,2022-05-28T16:30:00Z,2022-05-28T18:30:00Z,1,98.98051553903468,27.346525979163403,20.6985411097636,44.655111079420045,8.834754556274422,5.953330343627932
5CF,47,48,61.9,89.9,62.28616,88.97598,1511411,1544484,10,2022-05-28T16:30:00Z,2022-05-28T18:30:00Z,1,64.66769004623363,312.1275118826873,-25.872174120875727,22.463314927674215,3.658506509399418,9.771796554565437
5D6,1,2,37.04525798,101.722533,35.8125,105.0625,13168,69474,1,2021-10-18T13:30:00Z,2021-10-18T18:30:00Z,1,329.2385124575729,113.54954539352332,60.926673857859775,-26.758494468414746,-10.346090689819324,0.9154520199096728
5D6,1,2,37.04525798,101.722533,36.0625,104.9375,13168,69224,2,2021-10-18T13:30:00Z,2021-10-18T18:30:00Z,1,307.7788152865664,109.78822440644097,60.926673857859775,-26.758494468414746,-10.346090689819324,0.9154520199096728
5D6,1,2,37.04525798,101.722533,36.3125,104.6875,13168,68726,3,2021-10-18T13:30:00Z,2021-10-18T18:30:00Z,1,277.20189347582453,106.16791730240539,58.48398990689961,-21.271658486547047,-9.420057866381828,1.350092247253423
5D6,1,2,37.04525798,101.722533,36.0625,105.0625,13168,69472,4,2021-10-18T13:30:00Z,2021-10-18T18:30:00Z,1,318.26669006601765,109.03696191893209,53.813444094584185,-15.853552870599083,-8.336797307006835,0.07375494803467399
5D6,1,2,37.04525798,101.722533,36.1875,104.9375,13168,69223,5,2021-10-18T13:30:00Z,2021-10-18T18:30:00Z,1,302.9236323824259,107.34910524291064,60.73246729500336,-21.19385806731591,-10.513047791381828,1.2222203597534234
5D6,1,2,37.04525798,101.722533,36.4375,104.9375,13168,69221,6,2021-10-18T13:30:00Z,2021-10-18T18:30:00Z,1,294.93384143687047,102.25324553836253,60.73246729500336,-21.19385806731591,-10.513047791381828,1.2222203597534234
5D6,1,2,37.04525798,101.722533,36.0625,105.0625,13168,69472,7,2021-10-18T13:30:00Z,2021-10-18T18:30:00Z,1,318.26669006601765,109.03696191893209,58.39020947577449,-18.48930090896423,-8.98317309528808,0.686780237878423
5D6,1,2,37.04525798,101.722533,36.1875,105.0625,13168,69471,8,2021-10-18T13:30:00Z,2021-10-18T18:30:00Z,1,313.55722408037195,106.66962417338493,58.20209919223875,-12.924604404043972,-7.004292667163083,1.227418773815923
5D6,1,2,37.04525798,101.722533,35.8125,105.0625,13168,69474,9,2021-10-18T13:30:00Z,2021-10-18T18:30:00Z,1,329.2385124575729,113.54954539352332,60.63507873312491,-18.411549904129,-10.076163020288078,0.5589083503784233
5D6,1,2,37.04525798,101.722533,35.8125,104.9375,13168,69226,10,2021-10-18T13:30:00Z,2021-10-18T18:30:00Z,1,319.078690928263,114.42316575795348,58.67100131926549,-26.83639225670712,-9.188456858569326,1.1103725011596723
5D6,2,3,35.8125,105.0625,34.9375,109.3125,69474,127513,1,2021-10-24T13:30:00Z,2021-10-24T23:30:00Z,1,398.1730366961319,102.87322749805071,38.773883931570296,-8.904553434484509,-2.402027699029542,10.043105907760621
5D6,2,3,36.0625,104.9375,34.0625,108.4375,69224,125784,2,2021-10-24T13:30:00Z,2021-10-24T23:30:00Z,1,388.750044909986,123.783185313422,32.27695407963299,-21.692660848539823,-3.9000738669982917,12.607488370651248
5D6,2,3,36.3125,104.6875,34.5625,108.8125,68726,126524,3,2021-10-24T13:30:00Z,2021-10-24T23:30:00Z,1,421.8255479582255,116.1941426424994,37.80978408356768,-18.685733834507875,-3.372237113873293,11.64705070053406
5D6,2,3,36.0625,105.0625,34.6875,108.9375,69472,126771,4,2021-10-24T13:30:00Z,2021-10-24T23:30:00Z,1,383.7058757302215,112.29370438270035,35.463947302785826,-14.607966176524695,-3.0411499742248562,10.516225664987184
5D6,2,3,36.1875,104.9375,34.4375,108.9375,69223,126773,5,2021-10-24T13:30:00Z,2021-10-24T23:30:00Z,1,412.2783407474151,116.92391679558233,36.71974776534875,-18.734352090607988,-3.8171198650451696,10.516944902096556
5D6,2,3,36.4375,104.9375,34.8125,109.6875,69221,128258,6,2021-10-24T13:30:00Z,2021-10-24T23:30:00Z,1,466.46980222547614,111.3375911070674,43.40205626229655,-17.033941156644424,-1.4314849554748572,9.817599666549677
5D6,2,3,36.0625,105.0625,34.0625,109.4375,69472,127768,7,2021-10-24T13:30:00Z,2021-10-24T23:30:00Z,1,456.54456824293516,117.80308203650725,40.34152829445876,-21.37128752065404,-2.969412345318606,10.258105021627811
5D6,2,3,36.1875,105.0625,34.0625,109.3125,69471,127520,8,2021-10-24T13:30:00Z,2021-10-24T23:30:00Z,1,453.4097831611341,120.08746124415086,39.190610815913224,-22.811314804454863,-3.3805216138732925,10.406627414401246
5D6,2,3,35.8125,105.0625,34.5625,108.4375,69474,125780,9,2021-10-24T13:30:00Z,2021-10-24T23:30:00Z,1,337.20062168184705,113.30313827456996,30.935970015219553,-13.387018267853426,-3.3763612337951665,11.84561008569031
5D6,2,3,35.8125,104.9375,34.5625,109.4375,69226,127764,10,2021-10-24T13:30:00Z,2021-10-24T23:30:00Z,1,432.63149772581863,107.38744214500042,41.241792240253766,-12.976345048267696,-3.8472292209045427,11.342023807955934
5D6,3,4,34.9375,109.3125,31.5625,111.1875,127513,180860,1,2021-10-26T13:30:00Z,2021-10-26T22:30:00Z,1,413.0655399863386,154.45782450204513,19.77119621761874,-41.56473563093113,-6.8057982908172665,-3.4467874986267084
5D6,3,4,34.0625,108.4375,30.1875,107.6875,125784,173927,2,2021-10-26T13:30:00Z,2021-10-26T22:30:00Z,1,435.48020796344235,189.55437267974332,-8.024621639247233,-47.90078911431394,-9.04291577128601,1.1351495443420412
5D6,3,4,34.5625,108.8125,32.6875,111.1875,126524,180851,3,2021-10-26T13:30:00Z,2021-10-26T22:30:00Z,1,302.9891101292882,132.6778562370522,24.725903798070078,-22.905400425146592,-5.789071318161013,-4.459316453704832
5D6,3,4,34.6875,108.9375,32.3125,111.3125,126771,181102,4,2021-10-26T13:30:00Z,2021-10-26T22:30:00Z,1,343.62197976979473,139.3822941050551,24.83191005459346,-29.088890267099362,-6.490719865036015,-4.210685512298581
5D6,3,4,34.4375,108.9375,30.9375,110.9375,126773,180369,5,2021-10-26T13:30:00Z,2021-10-26T22:30:00Z,1,431.059225761213,153.6629156939889,21.230145573271404,-43.08757615092922,-6.761406738082887,-1.9027980298767082
5D6,3,4,34.8125,109.6875,31.8125,111.9375,128258,182346,6,2021-10-26T13:30:00Z,2021-10-26T22:30:00Z,1,393.17381371426023,147.1764206841579,23.658178925098593,-36.84792641897813,-8.707467943161017,-4.356764309173583
5D6,3,4,34.0625,109.4375,33.0625,112.1875,127768,182832,7,2021-10-26T13:30:00Z,2021-10-26T22:30:00Z,1,278.3875355244986,112.71347995885424,28.504658753050297,-11.988915114593807,-10.121919493942265,-1.5892030201110827
5D6,3,4,34.0625,109.3125,31.0625,111.0625,127520,180616,8,2021-10-26T13:30:00Z,2021-10-26T22:30:00Z,1,371.0498939606031,153.23567756692398,18.54924430553281,-36.95191890410664,-6.553104275192263,-2.2386256333923344
5D6,3,4,34.5625,108.4375,32.3125,110.4375,125780,179366,9,2021-10-26T13:30:00Z,2021-10-26T22:30:00Z,1,311.21254349027464,142.74908040857645,20.911003692302163,-27.626739890969787,-7.242907866989136,-2.63291982284546
5D6,3,4,34.5625,109.4375,33.1875,111.0625,127764,180599,10,2021-10-26T13:30:00Z,2021-10-26T22:30:00Z,1,214.15281586908335,134.95506743682324,16.821735414629796,-16.873378868207993,-7.915065054489141,-4.337691986907958
5D6,4,5,31.5625,111.1875,31.0625,111.5625,180860,231208,1,2021-10-27T16:30:00Z,2021-10-27T20:30:00Z,1,65.93595197138744,147.12444470415272,8.939798968458504,-13.899695688957589,-0.4150091600875846,-3.3690058468780526
5D6,4,5,30.1875,107.6875,30.9375,110.5625,173927,229225,2,2021-10-27T16:30:00Z,2021-10-27T20:30:00Z,1,288.06912691102804,72.49685761638159,68.62213579868978,21.744790262763875,-3.606513947685241,7.193308450973513
5D6,4,5,32.6875,111.1875,32.0625,109.6875,180851,227480,3,2021-10-27T16:30:00Z,2021-10-27T20:30:00Z,1,157.2544927137338,244.25234171000525,-35.37699689155794,-17.14498189703305,0.27221392975616615,3.5355039558563237
5D6,4,5,32.3125,111.3125,31.6875,114.0625,181102,236163,4,2021-10-27T16:30:00Z,2021-10-27T20:30:00Z,1,268.9297280245604,104.20176063093368,65.11744371399604,-16.562989490777614,-6.669286571708679,-4.5773490109405515
5D6,4,5,30.9375,110.9375,28.5625,110.0625,180369,228252,5,2021-10-27T16:30:00Z,2021-10-27T20:30:00Z,1,276.5313273593219,198.04058552454103,-21.393430982712193,-66.01390037994813,-6.126411915458674,-3.7386760304718014
5D6,4,5,31.8125,111.9375,31.5625,110.9375,182346,229964,6,2021-10-27T16:30:00Z,2021-10-27T20:30:00Z,1,98.7809787863055,253.9656678676486,-23.712734316955885,-6.848638450314363,0.8334215244827284,-1.7134709904327392
5D6,4,5,33.0625,112.1875,32.1875,113.0625,182832,234175,7,2021-10-27T16:30:00Z,2021-10-27T20:30:00Z,1,127.11635344208837,139.52394887389625,20.60916575680802,-24.26595578575345,-7.989369684013366,-2.809939979690551
5D6,4,5,31.0625,111.0625,30.6875,110.0625,180616,228235,8,2021-10-27T16:30:00Z,2021-10-27T20:30:00Z,1,104.27465496962692,246.7598098694297,-23.932529348018697,-10.328828556978369,-1.249243809013366,0.2742240974578856
5D6,4,5,32.3125,110.4375,30.9375,111.1875,179366,230465,9,2021-10-27T16:30:00Z,2021-10-27T20:30:00Z,1,168.2466104462826,154.78297506567196,17.904436449614604,-38.204227061492126,-0.2138558554000851,1.4710788230438216
5D6,4,5,33.1875,111.0625,31.9375,111.0625,180599,230209,10,2021-10-27T16:30:00Z,2021-10-27T20:30:00Z,1,138.62089910018298,180,-6.390330847626388e-15,-34.787340872898135,-0.5752856952438341,4.332812149703978
5D6,5,6,31.0625,111.5625,31.4375,112.4375,231208,282541,1,2021-10-28T16:30:00Z,2021-10-28T19:30:00Z,1,93.14186389727676,63.26131268709514,27.702075422650704,14.024476449597765,-0.4173201062622066,-2.1419783947448727
5D6,5,6,30.9375,110.5625,30.8125,111.3125,229225,280314,2,2021-10-28T16:30:00Z,2021-10-28T19:30:00Z,1,73.04792800351215,100.7436348118411,23.901474335218527,-4.557984995669374,0.7732965382690432,-2.2470673634948732
5D6,5,6,32.0625,109.6875,30.9375,109.9375,227480,277585,3,2021-10-28T16:30:00Z,2021-10-28T19:30:00Z,1,126.97869744670427,169.15420044948746,7.957330405404967,-41.735689767462446,-0.36801773126220677,-0.5993794845886229
5D6,5,6,31.6875,114.0625,31.1875,114.4375,236163,286511,4,2021-10-28T16:30:00Z,2021-10-28T19:30:00Z,1,65.91130529072589,147.15912157946093,11.904039532207717,-18.532881840413154,-5.095354379699708,-1.8693635314636234
5D6,5,6,28.5625,110.0625,30.1875,111.0625,228252,279823,5,2021-10-28T16:30:00Z,2021-10-28T19:30:00Z,1,204.61384896605657,28.081113427564162,32.07819007797821,60.43422721855792,-3.6988871336059566,-2.1924169611511233
5D6,5,6,31.5625,110.9375,30.6875,111.4375,229964,280563,6,2021-10-28T16:30:00Z,2021-10-28T19:30:00Z,1,108.10028855828335,153.69248621368615,15.955685063348826,-32.4320455849958,1.9067669210815423,-2.0730829025573723
5D6,5,6,32.1875,113.0625,31.3125,112.6875,234175,283038,7,2021-10-28T16:30:00Z,2021-10-28T19:30:00Z,1,103.32316469176685,200.21228029115113,-11.888601417928063,-32.44762779618109,-3.854476602355957,0.10623457791137757
5D6,5,6,30.6875,110.0625,30.9375,109.9375,228235,277585,8,2021-10-28T16:30:00Z,2021-10-28T19:30:00Z,1,30.187425746703287,336.688950791895,-3.9784248001865867,9.278844495716049,-1.590847684387207,0.2294547380676269
5D6,5,6,30.9375,111.1875,30.0625,111.5625,230465,280816,9,2021-10-28T16:30:00Z,2021-10-28T19:30:00Z,1,103.46767615117254,159.54383139131062,12.043537764134886,-32.44809481696769,0.35247936639404276,-1.7219087033386227
5D6,5,6,31.9375,111.0625,30.6875,111.5625,230209,280811,10,2021-10-28T16:30:00Z,2021-10-28T19:30:00Z,1,146.53784537101996,160.91615578793233,15.956330019343488,-46.346720673568846,2.974549819519043,-1.820244039276123
5D6,6,7,31.4375,112.4375,30.0625,111.6875,282541,330664,1,2021-10-29T17:30:00Z,2021-10-29T20:30:00Z,1,168.50704402718546,205.41772921202625,-24.08831579137519,-50.940278994363105,3.3872506428222633,-0.7928372380371097
5D6,6,7,30.8125,111.3125,29.1875,111.6875,280314,330671,2,2021-10-29T17:30:00Z,2021-10-29T20:30:00Z,1,183.73270104815467,168.54841649145874,12.149742964883293,-60.27801404303128,4.051575201416011,-4.36130407397461
5D6,6,7,30.9375,109.9375,30.3125,111.1875,277585,329670,3,2021-10-29T17:30:00Z,2021-10-29T20:30:00Z,1,138.431893612998,119.7152242435111,40.04184378661121,-22.96835970870011,4.592018767822268,0.7525227971191372
5D6,6,7,31.1875,114.4375,31.8125,113.6875,286511,334618,4,2021-10-29T17:30:00Z,2021-10-29T20:30:00Z,1,99.39320605268071,314.39932835198465,-23.64949008055421,23.27219742477895,4.305149814697269,-7.608249929443359
5D6,6,7,30.1875,111.0625,30.6875,111.0625,279823,329419,5,2021-10-29T17:30:00Z,2021-10-29T20:30:00Z,1,55.429925944946206,0,1.1360588173557992e-15,18.553248465545618,5.868138177978514,-2.5839996013183577
5D6,6,7,30.6875,111.4375,30.6875,111.4375,280563,330163,6,2021-10-29T17:30:00Z,2021-10-29T20:30:00Z,1,0,,0,0,4.152515474853512,-4.213307517333981
5D6,6,7,31.3125,112.6875,30.4375,113.9375,283038,335125,7,2021-10-29T17:30:00Z,2021-10-29T20:30:00Z,1,153.9441568438398,128.7388285710045,39.991424404856154,-32.2433574945665,6.03256403540039,-6.449367085693358
5D6,6,7,30.9375,109.9375,30.4375,111.4375,277585,330165,8,2021-10-29T17:30:00Z,2021-10-29T20:30:00Z,1,154.03890340328422,110.7072279130989,47.98802767225328,-18.23185771471388,5.912485871337891,0.01460082641601246
5D6,6,7,30.0625,111.5625,30.4375,114.0625,280816,335373,9,2021-10-29T17:30:00Z,2021-10-29T20:30:00Z,1,244.1680050128167,79.56923275652196,79.97553970927558,14.792415801637754,3.3774015900878886,-6.011140281005858
5D6,6,7,30.6875,111.5625,30.5625,111.8125,280811,330908,10,2021-10-29T17:30:00Z,2021-10-29T20:30:00Z,1,27.686683548520538,119.97101018595629,7.987869057947212,-4.6294291270076675,3.980652664306636,-2.4812127224121094
5D6,7,8,30.0625,111.6875,26.6875,111.4375,330664,379795,1,2021-11-07T12:30:00Z,2021-11-07T23:30:00Z,1,374.83816352531824,183.80831220822878,-2.2617733533861637,-34.15245576363172,-14.22881389774392,-57.06312052947443
5D6,7,8,29.1875,111.6875,23.0625,110.5625,330671,378088,2,2021-11-07T12:30:00Z,2021-11-07T23:30:00Z,1,687.8413575674842,189.66687161289124,-10.49488778018698,-61.937676551084095,-17.85605932192716,-46.884472262961665
5D6,7,8,30.3125,111.1875,27.4375,109.8125,329670,376565,3,2021-11-07T12:30:00Z,2021-11-07T23:30:00Z,1,345.71958297773364,203.16460001334028,-12.354607955616109,-29.022182929721986,-7.551281968056421,-23.04774121928267
5D6,7,8,31.8125,113.6875,23.6875,110.1875,334618,377339,4,2021-11-07T12:30:00Z,2021-11-07T23:30:00Z,1,964.0450629073105,201.80735716872636,-32.540275364908695,-81.74053535757024,-10.018111372708406,-51.536463102805406
5D6,7,8,30.6875,111.0625,23.6875,108.8125,329419,374611,5,2021-11-07T12:30:00Z,2021-11-07T23:30:00Z,1,806.9882172621918,196.56297852716884,-20.902374098644362,-70.64458062592104,-12.935756753922895,-28.43328309641336
5D6,7,8,30.6875,111.4375,22.1875,107.4375,330163,371895,6,2021-11-07T12:30:00Z,2021-11-07T23:30:00Z,1,1022.5375920272018,203.87993524054795,-37.61414563569186,-85.40519523149518,-14.653355042275164,-30.551312694247155
5D6,7,8,30.4375,113.9375,24.8125,111.1875,335125,379314,7,2021-11-07T12:30:00Z,2021-11-07T23:30:00Z,1,679.7789790313037,204.18126287314217,-25.299313082795262,-56.634250277448004,-9.00330082885188,-48.924050744850845
5D6,7,8,30.4375,111.4375,25.1875,108.4375,330165,373855,8,2021-11-07T12:30:00Z,2021-11-07T23:30:00Z,1,652.4858301720269,207.64817514752514,-27.508980591796263,-52.783811513268226,-12.737994231195627,-27.21651727627841
5D6,7,8,30.4375,114.0625,25.3125,108.1875,335373,373358,9,2021-11-07T12:30:00Z,2021-11-07T23:30:00Z,1,810.4277436874188,226.94004315772852,-53.79748543030222,-50.53728839339069,-13.08991277132347,-47.94161461843039
5D6,7,8,30.5625,111.8125,23.8125,108.1875,330908,373370,10,2021-11-07T12:30:00Z,2021-11-07T23:30:00Z,1,829.5637177718993,206.5025154123333,-33.63496471468362,-67.80450855328054,-14.223650216458406,-36.30226333806819
5D6,8,9,26.6875,111.4375,21.3125,103.8125,379795,414310,1,2021-11-09T12:30:00Z,2021-11-09T23:30:00Z,1,977.5068946996486,234.10573888818706,-71.95772561087524,-52.37523231383297,-12.936478931363192,-19.669546966452863
5D6,8,9,23.0625,110.5625,19.1875,109.8125,378088,426231,2,2021-11-09T12:30:00Z,2021-11-09T23:30:00Z,1,436.0492339513355,190.42998245163946,-7.173769196628285,-39.19740173617887,-8.18382681328791,-6.786298539783825
5D6,8,9,27.4375,109.8125,20.5625,104.1875,376565,415060,3,2021-11-09T12:30:00Z,2021-11-09T23:30:00Z,1,952.2362043167864,218.1154128216552,-53.41187211061017,-68.45887262216817,-11.743467284878818,-21.915461623235533
5D6,8,9,23.6875,110.1875,21.6875,107.1875,377339,421003,4,2021-11-09T12:30:00Z,2021-11-09T23:30:00Z,1,379.56066532967037,234.8907319641712,-28.21459450770015,-19.950959496693766,-12.752585252030809,-24.065959365067915
5D6,8,9,23.6875,108.8125,20.6875,103.4375,374611,413571,5,2021-11-09T12:30:00Z,2021-11-09T23:30:00Z,1,646.118467312509,240.10264384677976,-50.90002708281464,-29.438186379367448,-15.852379225042174,-22.719130674549454
5D6,8,9,22.1875,107.4375,21.9375,103.3125,371895,413313,6,2021-11-09T12:30:00Z,2021-11-09T23:30:00Z,1,426.6550052120375,267.05658159299105,-38.71754847618728,-2.0053119189160675,-14.323279373657225,-13.880302879094906
5D6,8,9,24.8125,111.1875,19.6875,103.6875,379314,414075,7,2021-11-09T12:30:00Z,2021-11-09T23:30:00Z,1,958.6636511659163,235.18995299318192,-71.52880950782485,-50.02435050088182,-13.706548563287912,-20.40353228729803
5D6,8,9,25.1875,108.4375,22.6875,104.5625,373855,415787,8,2021-11-09T12:30:00Z,2021-11-09T23:30:00Z,1,481.9068381519789,235.73306679262828,-36.18740195735173,-24.79501535793821,-7.53975930032626,-21.037284537830697
5D6,8,9,25.3125,108.1875,20.0625,103.8125,373358,414320,9,2021-11-09T12:30:00Z,2021-11-09T23:30:00Z,1,734.7692965586751,218.58137860120183,-41.64036787663962,-52.49365192611857,-12.653929851995297,-21.882679549904566
5D6,8,9,23.8125,108.1875,18.5625,104.9375,373370,416564,10,2021-11-09T12:30:00Z,2021-11-09T23:30:00Z,1,672.0566343162146,210.7419762694013,-31.220297609950496,-52.79692738769006,-13.38070413697399,-20.886940346424456
5D6,9,12,21.3125,103.8125,15.8125,99.9375,414310,456266,1,2021-11-21T13:30:00Z,2021-12-04T20:30:00Z,3,733.3266875268749,214.53642878831852,-27.70969849791566,-40.50441488525632,-6.333420539831695,-1.1116704498535994
5D6,9,12,19.1875,109.8125,15.9375,100.5625,426231,457505,2,2021-11-21T13:30:00Z,2021-12-04T20:30:00Z,3,1045.5597145858828,251.32472826816095,-66.01751503047204,-22.459431839203372,-16.982255617853372,-4.777554875525682
5D6,9,12,20.5625,104.1875,16.0625,100.3125,415060,457008,3,2021-11-21T13:30:00Z,2021-12-04T20:30:00Z,3,644.8089161299519,220.06342729864988,-27.661196986767404,-33.09013743245172,-8.196059392967356,0.6592208716727957
5D6,9,12,21.6875,107.1875,16.9375,100.3125,421003,457001,4,2021-11-21T13:30:00Z,2021-12-04T20:30:00Z,3,893.3267439999847,235.1347600434722,-48.851353738587136,-34.2422016293225,-9.146444200433464,-2.51323354794699
5D6,9,12,20.6875,103.4375,16.1875,100.3125,413571,457007,5,2021-11-21T13:30:00Z,2021-12-04T20:30:00Z,3,597.4922889932674,214.04401058760936,-22.293925506581513,-33.19591661804217,-6.912953560301389,-0.3858550154983341
5D6,9,12,21.9375,103.3125,15.4375,100.1875,413313,456765,6,2021-11-21T13:30:00Z,2021-12-04T20:30:00Z,3,791.3029607889005,205.13445915309785,-22.40171837432053,-48.03161052452583,-6.746731142214324,-1.8165762670972116
5D6,9,12,19.6875,103.6875,15.8125,100.3125,414075,457010,7,2021-11-21T13:30:00Z,2021-12-04T20:30:00Z,3,558.5533648705562,220.37590302793402,-24.116157534801243,-28.533266909363412,-7.906716608013545,-1.36615313402216
5D6,9,12,22.6875,104.5625,16.9375,100.4375,415787,457249,8,2021-11-21T13:30:00Z,2021-12-04T20:30:00Z,3,769.2430978499048,214.89730243142543,-29.331259844059534,-42.29767766724131,-4.591006842796012,2.1406831704430944
5D6,9,12,20.0625,103.8125,15.9375,100.5625,414320,457505,9,2021-11-21T13:30:00Z,2021-12-04T20:30:00Z,3,571.7016385008206,217.52790486813404,-23.210979015095933,-30.40182269661872,-8.611146684699738,-1.343112673616688
5D6,9,12,18.5625,104.9375,16.4375,100.6875,416564,457749,10,2021-11-21T13:30:00Z,2021-12-04T20:30:00Z,3,508.90816995507095,243.12882985671638,-30.255853100523275,-15.42603800018789,-14.063034250098829,-0.7847156423161643
5D6,12,13,15.8125,99.9375,19.8125,98.8125,456266,503602,1,2022-04-04T13:30:00Z,2022-04-04T22:30:00Z,1,458.49045638296235,345.0911658647643,-13.101828687867098,49.51326100940585,-5.0190239654541005,6.518691354370117
5D6,12,13,15.9375,100.5625,20.1875,102.8125,457505,511535,2,2022-04-04T13:30:00Z,2022-04-04T22:30:00Z,1,527.2363303862231,26.516134892902187,26.14355796799622,52.720720368037476,1.3536656829834008,3.358947994995117
5D6,12,13,16.0625,100.3125,19.9375,100.9375,457008,507817,3,2022-04-04T13:30:00Z,2022-04-04T22:30:00Z,1,433.96287804540253,8.678376689598224,7.272721815718489,47.94106007887944,0.20173794860839722,6.412236666870119
5D6,12,13,16.9375,100.3125,19.1875,101.4375,457001,508815,4,2022-04-04T13:30:00Z,2022-04-04T22:30:00Z,1,276.0433455529923,25.387366574468558,13.145232237286168,27.869086970554935,0.5797514251708978,6.5456569793701185
5D6,12,13,16.1875,100.3125,19.4375,99.8125,457007,505589,5,2022-04-04T13:30:00Z,2022-04-04T22:30:00Z,1,363.58859059487975,351.69226755154506,-5.835057340000934,40.20626531373979,-2.2797987701416003,8.00866752624512
5D6,12,13,15.4375,100.1875,20.8125,99.8125,456765,505578,6,2022-04-04T13:30:00Z,2022-04-04T22:30:00Z,1,596.2392902622518,356.24052271747644,-4.342016725764623,66.48668454312711,-0.9125491607666019,6.615642135620118
5D6,12,13,15.8125,100.3125,19.4375,101.8125,457010,509557,7,2022-04-04T13:30:00Z,2022-04-04T22:30:00Z,1,431.6172607015052,21.41944733232515,17.50730112918203,44.90411904390549,-1.872842324829101,6.261777291870117
5D6,12,13,16.9375,100.4375,21.1875,102.0625,457249,510039,8,2022-04-04T13:30:00Z,2022-04-04T22:30:00Z,1,500.55408491427715,19.719099823043848,18.757617888295485,52.65132981378663,2.524687948608397,5.494393307495119
5D6,12,13,15.9375,100.5625,19.8125,100.5625,457505,507074,9,2022-04-04T13:30:00Z,2022-04-04T22:30:00Z,1,428.882333678125,0,2.9348186115024784e-15,47.92922520265947,-0.9583716217041022,6.163874166870117
5D6,12,13,16.4375,100.6875,21.5625,100.1875,457749,506316,10,2022-04-04T13:30:00Z,2022-04-04T22:30:00Z,1,569.7352362144123,354.77778318748807,-5.759282680603394,63.39809557550395,1.394505331420896,4.452581198120118
5D6,13,14,19.8125,98.8125,22.3125,100.4375,503602,556406,1,2022-04-05T12:30:00Z,2022-04-05T19:30:00Z,1,324.23697078165145,31.10032837613005,23.914325698329776,39.87655397222067,8.976537385777066,5.963333713204517
5D6,13,14,20.1875,102.8125,20.4375,104.0625,511535,563613,2,2022-04-05T12:30:00Z,2022-04-05T19:30:00Z,1,133.44993117352382,77.81371631955994,18.627083713234807,4.046095793371654,2.4643804661342146,1.7696973292759448
5D6,13,14,19.9375,100.9375,22.0625,103.1875,507817,561864,3,2022-04-05T12:30:00Z,2022-04-05T19:30:00Z,1,331.7660451798454,44.43835295200404,33.16767800734498,34.023087543661816,6.593570923723497,6.499265632847375
5D6,13,14,19.1875,101.4375,22.6875,104.3125,508815,564091,4,2022-04-05T12:30:00Z,2022-04-05T19:30:00Z,1,489.43260560738315,37.15339381609982,42.206736112557074,56.02822192921263,3.165732586669927,4.7001405212402325
5D6,13,14,19.4375,99.8125,21.4375,99.6875,505589,554925,5,2022-04-05T12:30:00Z,2022-04-05T19:30:00Z,1,221.8036176961545,356.6501234155594,-1.8506980055620574,31.806262763625504,7.40516249738421,10.178509829275946
5D6,13,14,20.8125,99.8125,22.3125,103.3125,505578,562110,6,2022-04-05T12:30:00Z,2022-04-05T19:30:00Z,1,398.73025526610127,64.74910295374929,51.49388187281622,24.426015826198622,7.448693468366356,7.494154360525945
5D6,13,14,19.4375,101.8125,22.6875,101.3125,509557,558139,7,2022-04-05T12:30:00Z,2022-04-05T19:30:00Z,1,363.56492854076896,351.87149238570794,-7.340054891499174,51.69527844090613,6.333686883544926,7.93819286499023
5D6,13,14,21.1875,102.0625,20.9375,104.6875,510039,564849,8,2022-04-05T12:30:00Z,2022-04-05T19:30:00Z,1,274.20575018787827,95.32068472976664,38.98679385896526,-3.654070191990505,4.195291905866358,1.693214405168803
5D6,13,14,19.8125,100.5625,21.3125,103.5625,507074,562614,9,2022-04-05T12:30:00Z,2022-04-05T19:30:00Z,1,354.14454681558414,61.51589459672482,44.44824269776444,24.25823580790884,5.113504852294925,5.215727016775945
5D6,13,14,21.5625,100.1875,24.4375,101.4375,506316,558373,10,2022-04-05T12:30:00Z,2022-04-05T19:30:00Z,1,343.2050497019487,21.683551755306837,18.105006133534964,45.7961633979187,10.402993189348498,9.829579025704517
5D6,14,15,22.3125,100.4375,22.9375,101.3125,556406,607737,1,2022-04-06T13:30:00Z,2022-04-06T17:30:00Z,1,113.49750572015753,52.25694834781115,22.426022653655306,17.459260754145458,-12.597546382141111,0.6078782455444345
5D6,14,15,20.4375,104.0625,21.3125,103.8125,563613,612710,2,2022-04-06T13:30:00Z,2022-04-06T17:30:00Z,1,100.30791100391927,345.01330039803617,-6.4819098771253865,24.356144023369122,-16.84744130401611,-2.5165104263305667
5D6,14,15,22.0625,103.1875,21.9375,104.1875,561864,613449,3,2022-04-06T13:30:00Z,2022-04-06T17:30:00Z,1,104.18545180680223,97.44693399197894,25.814602027809126,-3.3942665169900414,-12.44240009307861,-7.043204566955566
5D6,14,15,22.6875,104.3125,22.8125,105.3125,564091,615674,4,2022-04-06T13:30:00Z,2022-04-06T17:30:00Z,1,103.63874695282462,82.13117103797953,25.652806304228456,3.565231498300327,-7.024438764953615,-21.74743269195557
5D6,14,15,21.4375,99.6875,21.6875,101.3125,554925,607747,5,2022-04-06T13:30:00Z,2022-04-06T17:30:00Z,1,170.57094921563336,80.36250259597034,42.021686271539366,7.176083161109926,-7.142344038391115,1.5450137924194338
5D6,14,15,22.3125,103.3125,21.8125,102.9375,562110,610970,6,2022-04-06T13:30:00Z,2022-04-06T17:30:00Z,1,67.55375099766061,215.02818190822677,-9.689133333784461,-13.902983585342556,-14.809987202453613,-4.852448121643065
5D6,14,15,22.6875,101.3125,23.3125,101.5625,558139,608230,7,2022-04-06T13:30:00Z,2022-04-06T17:30:00Z,1,73.80810860614197,20.27109960998797,6.389584545132562,17.399093900480175,-13.015860054016116,-7.378032691955568
5D6,14,15,20.9375,104.6875,22.6875,104.4375,564849,613939,8,2022-04-06T13:30:00Z,2022-04-06T17:30:00Z,1,195.49002168557217,352.44777685435463,-6.420110355821889,48.707415640831584,-9.754520210266115,-14.039166481018066
5D6,14,15,21.3125,103.5625,21.3125,101.9375,562614,608990,9,2022-04-06T13:30:00Z,2022-04-06T17:30:00Z,1,168.59699128867206,270.2953240509549,-42.130047293788216,0.2171559980727036,-16.265649311828614,-1.505316481018065
5D6,14,15,24.4375,101.4375,24.1875,99.8125,558373,604751,10,2022-04-06T13:30:00Z,2022-04-06T17:30:00Z,1,167.25196178072179,260.8053136359462,-41.252540169199776,-6.71621438283038,-6.271499116516114,-4.094113746643066
5D6,15,16,22.9375,101.3125,25.9375,106.5625,607737,667729,1,2022-04-08T14:30:00Z,2022-04-08T22:30:00Z,1,627.4585799249414,56.96272637502085,65.7091264794837,42.967328036516435,27.581600373458866,19.512357512283323
5D6,15,16,21.3125,103.8125,26.5625,107.4375,612710,669460,2,2022-04-08T14:30:00Z,2022-04-08T22:30:00Z,1,688.5784300265509,31.681973885559955,45.175600471967186,73.61370288205656,16.395526740646364,12.735365422439573
5D6,15,16,21.9375,104.1875,24.8125,104.3125,613449,663274,3,2022-04-08T14:30:00Z,2022-04-08T22:30:00Z,1,318.6609301342551,2.2738509182897815,1.5794615496509732,40.00611241594106,21.38664505119324,7.667598576736447
5D6,15,16,22.8125,105.3125,26.3125,106.9375,615674,668470,4,2022-04-08T14:30:00Z,2022-04-08T22:30:00Z,1,421.16984715417436,22.67391224614653,20.28110102501719,48.81919283937153,15.536397639083864,18.95142767829895
5D6,15,16,21.6875,101.3125,25.9375,104.6875,607747,664009,5,2022-04-08T14:30:00Z,2022-04-08T22:30:00Z,1,582.8820534164738,35.48443390024147,42.267175339743694,59.627270016012844,20.993638605880744,12.42546791267395
5D6,15,16,21.8125,102.9375,25.5625,105.0625,610970,664756,6,2022-04-08T14:30:00Z,2022-04-08T22:30:00Z,1,468.45116560271896,27.137815910158395,26.69292327132537,52.37498896041713,22.39231946525574,11.147718400955196
5D6,15,16,23.3125,101.5625,27.1875,103.4375,608230,661519,7,2022-04-08T14:30:00Z,2022-04-08T22:30:00Z,1,468.9597472936894,23.357643280842524,23.224870370299083,54.07865249914299,17.44174641838073,11.3343119556427
5D6,15,16,22.6875,104.4375,26.4375,106.3125,613939,667229,8,2022-04-08T14:30:00Z,2022-04-08T22:30:00Z,1,456.72144576452376,24.18987132717291,23.37794047416726,52.33626719802912,20.411936701583866,16.4054709400177
5D6,15,16,21.3125,101.9375,26.9375,105.4375,608990,665489,9,2022-04-08T14:30:00Z,2022-04-08T22:30:00Z,1,717.3417736948861,29.030079393096173,43.48342934365736,78.79491371623843,18.404985041427615,9.879596867752074
5D6,15,16,24.1875,99.8125,26.9375,105.4375,604751,665489,10,2022-04-08T14:30:00Z,2022-04-08T22:30:00Z,1,641.986581984494,60.48302657503575,69.78503501139512,39.72079431192819,15.79395408439636,9.93032689704895
5D6,16,17,25.9375,106.5625,28.9375,105.5625,667729,715321,1,2022-04-10T15:30:00Z,2022-04-10T22:30:00Z,1,346.81645104143826,343.6654158131479,-13.92350145623876,47.763407351084126,9.802840869140622,25.637275524902343
5D6,16,17,26.5625,107.4375,29.5625,106.0625,669460,716308,2,2022-04-10T15:30:00Z,2022-04-10T22:30:00Z,1,358.878405596221,338.19509072512255,-19.02801557697182,47.8140219084546,1.8750241280691926,24.554862801688056
5D6,16,17,24.8125,104.3125,29.0625,105.8125,663274,715816,3,2022-04-10T15:30:00Z,2022-04-10T22:30:00Z,1,493.89301949867087,17.21847181926205,20.869348138445833,67.70761356508223,8.486751583426342,23.260132946777347
5D6,16,17,26.3125,106.9375,29.4375,105.5625,668470,715317,4,2022-04-10T15:30:00Z,2022-04-10T22:30:00Z,1,371.82341392179603,338.9630467818117,-19.052262469443594,49.801268255755296,2.8461517508370515,24.686939308384485
5D6,16,17,25.9375,104.6875,29.3125,105.9375,664009,716062,5,2022-04-10T15:30:00Z,2022-04-10T22:30:00Z,1,393.809985656364,17.970066462886052,17.34302097050744,53.757988853709676,14.393064362444198,27.1972035382952
5D6,16,17,25.5625,105.0625,28.9375,105.1875,664756,714577,6,2022-04-10T15:30:00Z,2022-04-10T22:30:00Z,1,374.1805614981698,1.8675465208888795,1.7406674673783573,53.672750299952945,12.43166352539063,26.569593158830912
5D6,16,17,27.1875,103.4375,29.1875,105.4375,661519,715071,7,2022-04-10T15:30:00Z,2022-04-10T22:30:00Z,1,296.11541816285484,41.07346103662405,27.771548385167453,32.032072628348516,4.994249853515626,11.715742544991633
5D6,16,17,26.4375,106.3125,29.9375,105.8125,667229,715809,8,2022-04-10T15:30:00Z,2022-04-10T22:30:00Z,1,390.97234325481776,352.90320094880934,-6.894708024795183,55.67368809929358,2.9940164271763345,25.515864922223777
5D6,16,17,26.9375,105.4375,29.5625,105.5625,665489,715316,9,2022-04-10T15:30:00Z,2022-04-10T22:30:00Z,1,291.1703806425707,2.3851501186256314,1.729670796391852,41.74568948431656,9.39083422851562,22.074089643205916
5D6,16,17,26.9375,105.4375,29.3125,105.3125,665489,714822,10,2022-04-10T15:30:00Z,2022-04-10T22:30:00Z,1,263.4874877727308,357.3577862412803,-1.7338250961369048,37.76999304590164,11.648050299944193,20.688505993652342
5D6,17,18,28.9375,105.5625,28.8125,104.6875,715321,763186,1,2022-04-12T20:30:00Z,2022-04-12T22:30:00Z,1,86.47816113942883,260.99269321747045,-42.67265816370393,-6.80001282475419,-1.210305734252936,-6.997633950805664
5D6,17,18,29.5625,106.0625,29.0625,105.6875,716308,765168,2,2022-04-12T20:30:00Z,2022-04-12T22:30:00Z,1,66.32114050011302,213.40980686878544,-18.24456754646626,-27.800566742449607,-5.458193234252936,-8.493405825805658
5D6,17,18,29.0625,105.8125,29.5625,105.9375,715816,765660,3,2022-04-12T20:30:00Z,2022-04-12T22:30:00Z,1,56.73517774357832,12.328084418511594,6.051806904584304,27.833096250534336,-0.9878967498779369,-7.28356500549316
5D6,17,18,29.4375,105.5625,29.1875,106.1875,715317,766159,4,2022-04-12T20:30:00Z,2022-04-12T22:30:00Z,1,66.73962466899447,114.37857356387974,30.3702917118509,-13.833735543989539,-3.5615381561279356,-8.301131021118161
5D6,17,18,29.3125,105.9375,29.5625,105.6875,716062,765164,5,2022-04-12T20:30:00Z,2022-04-12T22:30:00Z,1,36.82741978731695,318.86428181097887,-12.103491616008629,13.927897378731915,-4.502456515502936,-7.910262075805658
5D6,17,18,28.9375,105.1875,29.0625,105.9375,714577,765664,6,2022-04-12T20:30:00Z,2022-04-12T22:30:00Z,1,74.3807171347122,79.08351671792963,36.48851842047949,7.0731745811941655,-0.4336110076904332,-6.95766832580566
5D6,17,18,29.1875,105.4375,29.5625,105.5625,715071,764916,7,2022-04-12T20:30:00Z,2022-04-12T22:30:00Z,1,43.30108188236856,16.245204653392477,6.051773294871293,20.875636427593175,-2.7130737030029346,-7.9864140289306595
5D6,17,18,29.9375,105.8125,29.8125,105.8125,715809,765410,8,2022-04-12T20:30:00Z,2022-04-12T22:30:00Z,1,13.8562923456068,180,-1.278066169525258e-15,-6.957468174579519,-1.9521184295654375,-6.6762917633056595
5D6,17,18,29.5625,105.5625,29.5625,106.1875,715316,766156,9,2022-04-12T20:30:00Z,2022-04-12T22:30:00Z,1,60.56660686566721,89.84581987561683,30.258510145609414,0.0814243558571315,-2.579096749877937,-7.48365680236816
5D6,17,18,29.3125,105.3125,30.1875,105.9375,714822,765655,10,2022-04-12T20:30:00Z,2022-04-12T22:30:00Z,1,114.28949196714792,31.78039647267184,30.07066105569471,48.78330086514411,0.014175906372062242,-8.171696255493158
5D6,18,19,28.8125,104.6875,30.3125,103.0625,763186,809550,1,2022-04-19T13:30:00Z,2022-04-19T21:30:00Z,1,228.9969931723002,316.9542354806168,-19.522006354979123,21.007951021568545,5.374520473480225,4.475312711334227
5D6,18,19,29.0625,105.6875,32.8125,106.0625,765168,815482,2,2022-04-19T13:30:00Z,2022-04-19T21:30:00Z,1,417.2977343353259,4.831031849352371,4.388669072717254,52.18826176898099,9.139851088714599,7.940920035552981
5D6,18,19,29.5625,105.9375,32.1875,108.5625,765660,820447,3,2022-04-19T13:30:00Z,2022-04-19T21:30:00Z,1,384.2974647787443,40.112997090539466,30.92086213612284,36.88564622027053,7.3503258934021005,5.263964078521729
5D6,18,19,29.1875,106.1875,32.8125,106.8125,766159,816970,4,2022-04-19T13:30:00Z,2022-04-19T21:30:00Z,1,406.3077758660577,8.28817306345644,7.314081324160908,50.46183330470893,8.807954994964602,5.53693302383423
5D6,18,19,29.5625,105.6875,32.6875,107.0625,765164,817467,5,2022-04-19T13:30:00Z,2022-04-19T21:30:00Z,1,370.45201414862953,20.380258230601328,16.11048496919058,43.582613279864994,9.671620571136476,5.58578966445923
5D6,18,19,29.0625,105.9375,33.4375,105.4375,765664,814237,6,2022-04-19T13:30:00Z,2022-04-19T21:30:00Z,1,487.4040048595413,354.52080107423683,-5.811545419820343,60.89072880455281,7.042468325042724,6.187938004302981
5D6,18,19,29.5625,105.5625,32.1875,106.9375,764916,817223,7,2022-04-19T13:30:00Z,2022-04-19T21:30:00Z,1,319.3425257244494,23.963971643491618,16.197725846077333,36.625186113692045,10.154277211761473,5.551001676177978
5D6,18,19,29.8125,105.8125,32.0625,105.1875,765410,813752,8,2022-04-19T13:30:00Z,2022-04-19T21:30:00Z,1,256.5032416558068,346.6943992353203,-7.372158940213334,31.329054096134637,9.398205580902095,10.465822135162353
5D6,18,19,29.5625,106.1875,32.8125,106.0625,766156,815482,9,2022-04-19T13:30:00Z,2022-04-19T21:30:00Z,1,360.53352238558864,358.1383216564245,-1.4626321550435541,45.22435654881606,8.721769008636477,7.955083609771729
5D6,18,19,30.1875,105.9375,31.6875,104.1875,765655,811771,10,2022-04-19T13:30:00Z,2022-04-19T21:30:00Z,1,235.8438990787288,315.2856140331772,-20.722525705412583,21.033933830107674,7.665300405120847,10.966961734771731
5D6,19,20,30.3125,103.0625,36.3125,102.8125,809550,858606,1,2022-04-20T12:30:00Z,2022-04-20T21:30:00Z,1,665.8688989741129,358.06422521677115,-2.496256029072896,74.21590677426256,4.94908853149414,3.0381740539550774
5D6,19,20,32.8125,106.0625,36.5625,104.0625,815482,861084,2,2022-04-20T12:30:00Z,2022-04-20T21:30:00Z,1,454.5524540542664,336.7881594469869,-19.882361862942865,46.577548881287235,-2.904445062255861,23.487642413330075
5D6,19,20,32.1875,108.5625,36.3125,103.8125,820447,860590,3,2022-04-20T12:30:00Z,2022-04-20T21:30:00Z,1,632.9147130479358,317.59786973311185,-47.36596625147137,52.10783548125931,4.8295393127441395,21.46116897583008
5D6,19,20,32.8125,106.8125,35.8125,103.1875,816970,859354,4,2022-04-20T12:30:00Z,2022-04-20T21:30:00Z,1,471.1729704973544,315.93394156568036,-36.36885823865967,37.747035391373075,3.021195562744142,19.49841975708007
5D6,19,20,32.6875,107.0625,36.0625,103.1875,817467,859352,5,2022-04-20T12:30:00Z,2022-04-20T21:30:00Z,1,516.8071313039186,317.48878107918324,-38.757784540434024,42.474564135163696,2.7374236877441414,19.10884944458008
5D6,19,20,33.4375,105.4375,36.4375,102.9375,814237,858853,6,2022-04-20T12:30:00Z,2022-04-20T21:30:00Z,1,403.6085007826208,326.24942158673497,-24.88575390331018,37.41362007954884,0.07726431274413889,6.7851885070800755
5D6,19,20,32.1875,106.9375,36.0625,103.9375,817223,860840,7,2022-04-20T12:30:00Z,2022-04-20T21:30:00Z,1,511.14700464752815,328.0558842778993,-30.014532749449696,48.36289943311519,4.461642437744142,23.659354522705076
5D6,19,20,32.0625,105.1875,36.6875,103.6875,813752,860339,8,2022-04-20T12:30:00Z,2022-04-20T21:30:00Z,1,531.2512948514992,345.3676899157476,-14.893587629999825,57.31379474717113,-0.15821146850585815,9.860496319580076
5D6,19,20,32.8125,106.0625,36.1875,102.9375,815482,858855,9,2022-04-20T12:30:00Z,2022-04-20T21:30:00Z,1,471.67328466434196,323.402000254475,-31.209171422714213,42.220178961401764,4.507995562744139,13.109867413330074
5D6,19,20,31.6875,104.1875,35.9375,102.3125,811771,857617,10,2022-04-20T12:30:00Z,2022-04-20T21:30:00Z,1,502.3228723007527,340.299429727548,-18.793415018008947,52.735553533927366,2.903371343994141,2.8499326477050784
5D6,20,21,36.3125,102.8125,36.0625,102.1875,858606,906968,1,2022-04-21T16:30:00Z,2022-04-21T18:30:00Z,1,62.69010955524349,243.92108936531278,-28.121123279646365,-13.824287074678944,-4.59648987121582,-1.1520563049316408
5D6,20,21,36.5625,104.0625,37.3125,103.8125,861084,910182,2,2022-04-21T16:30:00Z,2022-04-21T18:30:00Z,1,86.16036523670505,345.0948611487914,-11.0674263268278,41.759277077893465,-4.886085964965821,4.921945257568363
5D6,20,21,36.3125,103.8125,36.6875,102.9375,860590,908451,3,2022-04-21T16:30:00Z,2022-04-21T18:30:00Z,1,88.75184395220452,298.2205381645481,-39.05439034184805,21.04953015497673,-9.832858621215825,-1.7089207580566341
5D6,20,21,35.8125,103.1875,36.5625,103.1875,859354,908948,4,2022-04-21T16:30:00Z,2022-04-21T18:30:00Z,1,83.22186388982493,0,2.5561323390505593e-15,41.74480904747782,-6.070819949340824,-2.398974664306635
5D6,20,21,36.0625,103.1875,36.5625,102.4375,859352,907460,5,2022-04-21T16:30:00Z,2022-04-21T18:30:00Z,1,87.26334061965115,309.7009410420771,-33.529834790496466,27.959574979300136,-5.5368703399658195,-3.07153130493164
5D6,20,21,36.4375,102.9375,36.8125,103.1875,858853,908946,6,2022-04-21T16:30:00Z,2022-04-21T18:30:00Z,1,47.241563744263495,28.17734433080716,11.140374252756999,20.88688277066545,0.03135583190917862,-2.2912313049316384
5D6,20,21,36.0625,103.9375,36.8125,103.1875,860840,908946,7,2022-04-21T16:30:00Z,2022-04-21T18:30:00Z,1,106.99749376948768,321.28342851870127,-33.42153961645147,41.8743496090534,-12.167307449340822,2.0622585388183645
5D6,20,21,36.6875,103.6875,36.5625,102.8125,860339,908204,8,2022-04-21T16:30:00Z,2022-04-21T18:30:00Z,1,79.4854403321327,260.21085626500485,-39.11752572376873,-6.779183979520943,-1.898996511840825,-2.9778504455566357
5D6,20,21,36.1875,102.9375,36.4375,103.1875,858855,908949,9,2022-04-21T16:30:00Z,2022-04-21T18:30:00Z,1,35.6882155525529,38.91016505154073,11.194662177652019,13.929385082398166,-4.831122683715824,-2.0245008361816375
5D6,20,21,35.9375,102.3125,36.1875,102.5625,857617,907711,10,2022-04-21T16:30:00Z,2022-04-21T18:30:00Z,1,35.732317356789494,39.00085294018709,11.230617341323155,13.929345159065294,-3.9196547149658194,-1.1776816955566412
5D6,21,22,36.0625,102.1875,37.04525798,101.722533,906968,955568,1,2022-04-24T13:30:00Z,2022-04-24T18:30:00Z,1,116.73038140368257,339.2456551033599,-8.883467649351545,22.28689819737752,0.4203517401123048,2.299678099365233
5D6,21,22,37.3125,103.8125,37.04525798,101.722533,910182,955568,2,2022-04-24T13:30:00Z,2022-04-24T18:30:00Z,1,187.94545343567566,261.5532088757905,-37.74994826262815,-5.142398385569146,5.301250021362304,9.395872943115233
5D6,21,22,36.6875,102.9375,37.04525798,101.722533,908451,955568,3,2022-04-24T13:30:00Z,2022-04-24T18:30:00Z,1,115.37989625188025,290.49041683178814,-22.207165810252064,8.494119266123178,1.4004672088623038,0.8369980993652331
5D6,21,22,36.5625,103.1875,37.04525798,101.722533,908948,955568,4,2022-04-24T13:30:00Z,2022-04-24T18:30:00Z,1,141.28240876290738,292.7211442775474,-26.648415150356076,11.340571987728076,2.681639708862306,2.4569980993652343
5D6,21,22,36.5625,102.4375,37.04525798,101.722533,907460,955568,5,2022-04-24T13:30:00Z,2022-04-24T18:30:00Z,1,83.31223496427981,310.2327291172402,-13.324617482736352,11.184104174396653,0.6406815838623042,0.37695606811523324
5D6,21,22,36.8125,103.1875,37.04525798,101.722533,908946,955568,6,2022-04-24T13:30:00Z,2022-04-24T18:30:00Z,1,133.05046730429282,281.63395719227213,-26.64815511800757,5.7754071484405705,2.4875968963623047,2.229953411865233
5D6,21,22,36.8125,103.1875,37.04525798,101.722533,908946,955568,7,2022-04-24T13:30:00Z,2022-04-24T18:30:00Z,1,133.05046730429282,281.63395719227213,-26.64815511800757,5.7754071484405705,2.4875968963623047,2.229953411865233
5D6,21,22,36.5625,102.8125,37.04525798,101.722533,908204,955568,8,2022-04-24T13:30:00Z,2022-04-24T18:30:00Z,1,111.04510559353028,299.1708268548291,-19.98667003788722,11.249298635772254,1.198051583862304,0.9701980993652329
5D6,21,22,36.4375,103.1875,37.04525798,101.722533,908949,955568,9,2022-04-24T13:30:00Z,2022-04-24T18:30:00Z,1,147.1970725360071,297.7068346298075,-26.648608579881582,14.1231543987195,2.4784365838623055,2.773179349365235
5D6,21,22,36.1875,102.5625,37.04525798,101.722533,907711,955568,10,2022-04-24T13:30:00Z,2022-04-24T18:30:00Z,1,121.26896155061021,321.9617797664548,-15.545738343150719,19.551486555598302,0.8705022088623035,1.0063302868652324
5D7,1,2,37.04525798,101.722533,36.6875,101.1875,13168,61779,1,2021-10-06T12:30:00Z,2021-10-06T15:30:00Z,1,62.066391970531804,230.39341136811697,-14.877999611280481,-13.875924248196519,-4.26431464049276,1.75120026260376
5D7,1,2,37.04525798,101.722533,36.6875,102.1875,13168,63763,2,2021-10-06T12:30:00Z,2021-10-06T15:30:00Z,1,57.40352411713776,133.61977592449006,14.877999611280844,-13.875924248196537,-7.568541024607345,2.8676241312561066
5D7,1,2,37.04525798,101.722533,36.4375,102.0625,13168,63517,3,2021-10-06T12:30:00Z,2021-10-06T15:30:00Z,1,73.96401527099357,155.66112716063083,11.194832512943329,-23.16958740402916,-9.385392718292241,4.280361951080325
5D7,1,2,37.04525798,101.722533,36.0625,101.0625,13168,61536,4,2021-10-06T12:30:00Z,2021-10-06T15:30:00Z,1,124.03563837190515,208.64820576969754,-18.7483055268313,-37.04534272456668,-6.75277587942505,0.43765278067016644
5D7,1,2,37.04525798,101.722533,36.5625,101.9375,13168,63268,5,2021-10-06T12:30:00Z,2021-10-06T15:30:00Z,1,56.90458794141601,160.23412383780624,-18.7483055268313,-37.04534272456668,-6.75277587942505,0.43765278067016644
5D7,1,2,37.04525798,101.722533,36.0625,101.0625,13168,61536,6,2021-10-06T12:30:00Z,2021-10-06T15:30:00Z,1,124.03563837190515,208.64820576969754,7.45114053400298,-18.543489002975075,-9.147565295440677,4.507927741607668
5D7,1,2,37.04525798,101.722533,36.6875,102.0625,13168,63515,7,2021-10-06T12:30:00Z,2021-10-06T15:30:00Z,1,49.95189313373584,142.53502891927053,11.158522020753262,-13.89299205937117,-7.664985186065677,2.999114021230065
5D7,1,2,37.04525798,101.722533,36.6875,101.9375,13168,63267,8,2021-10-06T12:30:00Z,2021-10-06T15:30:00Z,1,44.08715225097917,154.16448329596528,11.158522020753262,-13.89299205937117,-7.664985186065677,2.999114021230065
5D7,1,2,37.04525798,101.722533,36.6875,102.0625,13168,63515,9,2021-10-06T12:30:00Z,2021-10-06T15:30:00Z,1,49.95189313373584,142.53502891927053,7.439025305356397,-13.905183336873607,-7.668979357940678,3.4068190134175653
5D7,1,2,37.04525798,101.722533,36.6875,101.6875,13168,62771,10,2021-10-06T12:30:00Z,2021-10-06T15:30:00Z,1,39.82494240372285,184.50931130931508,-2.5561323390505593e-15,-13.914936349159275,-7.196244049021406,3.7843073241272
5D7,2,3,36.6875,101.1875,36.6875,101.5625,61779,112123,1,2021-10-07T11:30:00Z,2021-10-07T14:30:00Z,1,33.51545896637921,89.88797782690216,11.158442605374962,0.02181652086741964,-0.9810196713816322,-0.6784546931966147
5D7,2,3,36.6875,102.1875,36.5625,102.0625,63763,113116,2,2021-10-07T11:30:00Z,2021-10-07T14:30:00Z,1,17.816431841410374,218.90754305407512,-3.7255291287842884,-4.635886494376603,-7.791140657058715,2.0141697615559893
5D7,2,3,36.4375,102.0625,35.9375,102.1875,63517,113369,3,2021-10-07T11:30:00Z,2021-10-07T14:30:00Z,1,56.609074275886705,168.50676263747084,3.755491687938752,-18.55082489064334,-7.8375268566029845,0.4312560812174473
5D7,2,3,36.0625,101.0625,36.5625,102.3125,61536,113612,4,2021-10-07T11:30:00Z,2021-10-07T14:30:00Z,1,125.21914248541768,63.330473201578684,37.25470862965907,18.793439701675144,-6.876256465001425,0.02124442187500027
5D7,2,3,36.5625,101.9375,36.0625,101.9375,63268,112872,5,2021-10-07T11:30:00Z,2021-10-07T14:30:00Z,1,55.48240312455389,180,-3.4081764520673973e-15,-18.553248465545618,-8.458368441889442,1.7719924099934885
5D7,2,3,36.0625,101.0625,35.9375,102.3125,61536,113617,6,2021-10-07T11:30:00Z,2021-10-07T14:30:00Z,1,113.55401974542059,96.64811663279761,37.55345110084677,-4.3973989544700665,-6.839009089024861,-0.5471795878906245
5D7,2,3,36.6875,102.0625,35.8125,103.0625,63515,115106,7,2021-10-07T11:30:00Z,2021-10-07T14:30:00Z,1,132.30535081466792,136.91319351010748,30.09163639378063,-32.3123629805472,-9.60496436050923,-0.10401853499348998
5D7,2,3,36.6875,101.9375,36.0625,101.9375,63267,112872,8,2021-10-07T11:30:00Z,2021-10-07T14:30:00Z,1,69.35373162004564,180,-4.2602205650842365e-15,-23.191560581931967,-8.346060641108194,2.2724231466471343
5D7,2,3,36.6875,102.0625,36.5625,101.6875,63515,112372,9,2021-10-07T11:30:00Z,2021-10-07T14:30:00Z,1,36.2976016783577,247.64469403297903,-11.176562142518653,-4.616481498352807,-6.164574994623819,2.6857243873697914
5D7,2,3,36.6875,101.6875,35.8125,102.4375,62771,113866,10,2021-10-07T11:30:00Z,2021-10-07T14:30:00Z,1,118.19799360255358,145.0066043116442,22.56890259103598,-32.3805353239101,-6.665381730626423,1.792694183593749
5D7,3,4,36.6875,101.5625,36.1875,105.5625,112123,169663,1,2021-10-10T12:30:00Z,2021-10-10T23:30:00Z,1,362.8901144654898,97.6021889308496,32.661867621737876,-4.381199415953501,1.8085118309187458,13.227756932583898
5D7,3,4,36.5625,102.0625,35.5625,104.3125,113116,167188,2,2021-10-10T12:30:00Z,2021-10-10T23:30:00Z,1,231.08050246028498,118.03006708178413,18.522181227401667,-9.904980392848312,-1.6320426483071067,8.187268275091004
5D7,3,4,35.9375,102.1875,34.8125,104.4375,113369,167442,3,2021-10-10T12:30:00Z,2021-10-10T23:30:00Z,1,239.53383705463645,120.74797430866732,18.694236838628502,-11.17143704669182,-0.39241459504006043,5.9854188315540675
5D7,3,4,36.5625,102.3125,35.0625,103.6875,113612,165952,4,2021-10-10T12:30:00Z,2021-10-10T23:30:00Z,1,207.70180588666508,142.84863221541923,11.39066227723423,-15.099465705689639,-1.059767361375288,6.297381113070404
5D7,3,4,36.0625,101.9375,36.0625,105.4375,112872,169416,5,2021-10-10T12:30:00Z,2021-10-10T23:30:00Z,1,315.3067217932057,88.96962174915842,28.626350905691993,0.5148568246499167,-2.0070951898554004,13.30156855882679
5D7,3,4,35.9375,102.3125,35.1875,104.1875,113617,166943,6,2021-10-10T12:30:00Z,2021-10-10T23:30:00Z,1,189.25555385882865,115.53568648407054,15.507145879919785,-7.4419307676439015,-2.1393512349548334,6.831900986827505
5D7,3,4,35.8125,103.0625,35.6875,104.1875,115106,166939,7,2021-10-10T12:30:00Z,2021-10-10T23:30:00Z,1,102.69358843341823,97.43286612169663,9.24678235879352,-1.211927482080378,-2.31423626425171,9.374648696344554
5D7,3,4,36.0625,101.9375,36.4375,105.4375,112872,169413,8,2021-10-10T12:30:00Z,2021-10-10T23:30:00Z,1,317.29567855232455,81.43207407595673,28.489450009282027,4.308912468423902,0.7760873122752812,13.919467450073244
5D7,3,4,36.5625,101.6875,34.9375,104.3125,112372,167193,9,2021-10-10T12:30:00Z,2021-10-10T23:30:00Z,1,298.1035805924669,126.44041919943982,21.777600433051997,-16.151485902112974,-2.4173443397133565,5.454071312821823
5D7,3,4,35.8125,102.4375,34.6875,104.1875,113866,166947,10,2021-10-10T12:30:00Z,2021-10-10T23:30:00Z,1,202.34033316374166,127.57721869786451,14.562484914688834,-11.255988536390143,0.5679741132340872,4.874448024291992
5D7,4,5,36.1875,105.5625,34.5625,105.9375,169663,220020,1,2021-10-17T12:30:00Z,2021-10-17T17:30:00Z,1,183.48119348399473,169.18797222028616,6.876340921291456,-36.165719865740606,-1.2868646455566484,-3.780681525607298
5D7,4,5,35.5625,104.3125,35.4375,106.3125,167188,220757,2,2021-10-17T12:30:00Z,2021-10-17T17:30:00Z,1,181.9848089961325,93.78937758522892,36.276498576352246,-2.415093636421351,-1.4325783100097713,-2.997133444747927
5D7,4,5,34.8125,104.4375,35.3125,105.4375,167442,219022,3,2021-10-17T12:30:00Z,2021-10-17T17:30:00Z,1,106.75985876366624,58.40934743196044,18.167523150474175,11.222840242701416,-2.440960032666019,-4.667127973654182
5D7,4,5,35.0625,103.6875,33.8125,104.6875,165952,217546,4,2021-10-17T12:30:00Z,2021-10-17T17:30:00Z,1,166.3541171452634,146.17885297764525,18.499418190154536,-27.738090200838627,-1.1913260541503912,-2.5579068752166756
5D7,4,5,36.0625,105.4375,35.1875,105.9375,169416,220015,5,2021-10-17T12:30:00Z,2021-10-17T17:30:00Z,1,107.12884506733629,154.84252507705082,9.098129577851376,-19.457705139536888,-1.3243734596191463,-4.417334798654173
5D7,4,5,35.1875,104.1875,34.8125,105.1875,166943,218530,6,2021-10-17T12:30:00Z,2021-10-17T17:30:00Z,1,100.32035052269543,114.21277320003304,18.279035022682688,-8.257322929133236,-4.114978633447271,-2.1591761478729317
5D7,4,5,35.6875,104.1875,35.1875,105.1875,166939,218527,7,2021-10-17T12:30:00Z,2021-10-17T17:30:00Z,1,106.4037918522871,121.13232924170859,18.195550595552582,-11.039691775472274,-2.95133788579102,-2.6528923799041797
5D7,4,5,36.4375,105.4375,35.3125,106.1875,169413,220510,8,2021-10-17T12:30:00Z,2021-10-17T17:30:00Z,1,142.01570504899274,151.2957563419355,13.626439632921779,-24.99438335397064,4.247650629833981,-4.336671017404176
5D7,4,5,34.9375,104.3125,33.9375,104.8125,167193,217793,9,2021-10-17T12:30:00Z,2021-10-17T17:30:00Z,1,120.0716225383333,157.35586165812117,9.236020281399314,-22.24101126006172,0.805165587255859,-3.555468279122931
5D7,4,5,34.6875,104.1875,35.1875,105.3125,166947,218775,10,2021-10-17T12:30:00Z,2021-10-17T17:30:00Z,1,116.78942399927003,61.3225977582149,20.469912418503455,11.246801468257747,-2.401144636572267,-4.3979766248260574
5D7,5,6,34.5625,105.9375,33.4375,106.9375,220020,271613,1,2021-10-31T11:30:00Z,2021-10-31T17:30:00Z,1,155.26172099016665,143.20539082058588,15.483201025894017,-20.796478673137194,-7.18517570299021,6.578003499969483
5D7,5,6,35.4375,106.3125,34.3125,106.9375,220757,271606,2,2021-10-31T11:30:00Z,2021-10-31T17:30:00Z,1,137.26377568364308,155.2202663210553,9.578381822328318,-20.84239216172377,-7.026034529324847,5.490853197560629
5D7,5,6,35.3125,105.4375,33.6875,106.1875,219022,270123,3,2021-10-31T11:30:00Z,2021-10-31T17:30:00Z,1,192.9731709419677,158.87447333070781,11.579719008392578,-30.105804051762593,-9.722747773628239,11.833628847462972
5D7,5,6,33.8125,104.6875,33.6875,105.4375,217546,268635,4,2021-10-31T11:30:00Z,2021-10-31T17:30:00Z,1,70.8603686566969,101.0749124217864,11.57817988324098,-2.277031975884715,-4.148870362983705,2.3387122517598495
5D7,5,6,35.1875,105.9375,33.9375,106.1875,220015,270121,5,2021-10-31T11:30:00Z,2021-10-31T17:30:00Z,1,140.55075392573647,170.5341657446255,3.848463380593384,-23.186772222100835,-11.665549904324852,8.938065414845786
5D7,5,6,34.8125,105.1875,33.9375,106.5625,218530,270865,6,2021-10-31T11:30:00Z,2021-10-31T17:30:00Z,1,159.4190555743433,127.11608963025185,21.165066156827827,-16.090161583605784,-9.492788850288392,9.765268654754639
5D7,5,6,35.1875,105.1875,32.9375,105.6875,218527,269137,7,2021-10-31T11:30:00Z,2021-10-31T17:30:00Z,1,253.80927974276534,169.38099642398106,7.787508795114276,-41.725591700858345,-6.971134859728496,8.723013724416097
5D7,5,6,35.3125,106.1875,33.6875,107.3125,220510,272355,8,2021-10-31T11:30:00Z,2021-10-31T17:30:00Z,1,207.769488505575,149.86012647577041,17.369379534271783,-30.051772555387576,-6.671884448758445,5.056835269663493
5D7,5,6,33.9375,104.8125,33.8125,106.0625,217793,269874,9,2021-10-31T11:30:00Z,2021-10-31T17:30:00Z,1,116.47725705855284,96.48779556978548,19.268551940129083,-2.2019331300637486,-5.306300332221985,4.785631688283285
5D7,5,6,35.1875,105.3125,34.3125,106.5625,218775,270862,10,2021-10-31T11:30:00Z,2021-10-31T17:30:00Z,1,150.07271507450986,129.94324381049483,19.155907798274768,-16.114543829473877,-10.860521847521467,11.369716232228596
5D7,6,7,33.4375,106.9375,29.4375,107.9375,271613,323229,1,2021-11-01T14:30:00Z,2021-11-01T23:30:00Z,1,453.57439256936505,167.63822241232765,10.780527215762376,-49.42531607816671,2.9430751137220588,-0.22909375651041947
5D7,6,7,34.3125,106.9375,31.5625,109.6875,271606,326684,2,2021-11-01T14:30:00Z,2021-11-01T23:30:00Z,1,398.90256957453875,139.1047943093763,28.99038168446918,-33.63122963503707,10.176077243170845,-3.023866553493925
5D7,6,7,33.6875,106.1875,31.8125,108.0625,270123,323458,3,2021-11-01T14:30:00Z,2021-11-01T23:30:00Z,1,272.2271591316727,139.28955791645342,19.710159183718087,-23.01558988407604,5.116468180562336,-5.7145802613932295
5D7,6,7,33.6875,105.4375,31.4375,107.5625,268635,322469,4,2021-11-01T14:30:00Z,2021-11-01T23:30:00Z,1,319.4863447511521,140.7704578961136,22.42983845839459,-27.603670323364156,0.3277390570814344,-5.757209332139756
5D7,6,7,33.9375,106.1875,31.0625,109.4375,270121,326192,5,2021-11-01T14:30:00Z,2021-11-01T23:30:00Z,1,441.4554529733978,135.345576579341,34.443526360501316,-35.02843238379814,7.589760281148276,-3.5299138283420115
5D7,6,7,33.9375,106.5625,30.6875,108.0625,270865,323467,6,2021-11-01T14:30:00Z,2021-11-01T23:30:00Z,1,387.07858312878955,158.19283839230445,15.963156615408566,-40.085318785057645,4.648337186855742,-2.437602601996527
5D7,6,7,32.9375,105.6875,31.6875,108.1875,269137,323707,7,2021-11-01T14:30:00Z,2021-11-01T23:30:00Z,1,273.1909049573936,119.81596940328558,26.312094997183273,-15.152375513458965,0.8834648116387264,-3.85380721940104
5D7,6,7,33.6875,107.3125,30.8125,108.5625,272355,324458,8,2021-11-01T14:30:00Z,2021-11-01T23:30:00Z,1,339.8683039224505,159.38546367145705,13.283959817962932,-35.4820331274613,5.780225719516331,-1.5024724931640612
5D7,6,7,33.8125,106.0625,30.0625,107.6875,269874,322728,9,2021-11-01T14:30:00Z,2021-11-01T23:30:00Z,1,443.2824208207665,159.2850525388303,17.40734880887655,-46.250221782138475,2.3759502162611215,-3.5523866526692713
5D7,6,7,34.3125,106.5625,31.3125,109.3125,270862,325942,10,2021-11-01T14:30:00Z,2021-11-01T23:30:00Z,1,420.68995908655467,141.50344234222945,29.069954908191637,-36.723225000577905,8.757642383687338,-3.9494464175347233
5D7,7,8,29.4375,107.9375,29.8125,107.9375,323229,372826,1,2021-11-02T11:30:00Z,2021-11-02T13:30:00Z,1,41.5673058620363,0,1.2780661695252797e-15,20.87240452373891,-5.207850789283751,6.007843612373351
5D7,7,8,31.5625,109.6875,31.4375,108.9375,326684,374797,2,2021-11-02T11:30:00Z,2021-11-02T13:30:00Z,1,72.58704817416229,259.1884809819367,-35.6168229964687,-6.83559368325815,-1.7911200217056251,-0.5176169418258688
5D7,7,8,31.8125,108.0625,31.4375,107.5625,323458,372069,3,2021-11-02T11:30:00Z,2021-11-02T13:30:00Z,1,63.081166131003584,228.896193212892,-23.74480161525217,-20.81798113883554,-4.3875263415298456,-0.9854249115524276
5D7,7,8,31.4375,107.5625,30.9375,108.8125,322469,374553,4,2021-11-02T11:30:00Z,2021-11-02T13:30:00Z,1,131.41020975295518,114.62703245150146,59.67568294999914,-27.491954542750992,-7.094837496315004,1.871484953681947
5D7,7,8,31.0625,109.4375,30.6875,108.3125,326192,373563,5,2021-11-02T11:30:00Z,2021-11-02T13:30:00Z,1,115.33535781006582,249.160244852073,-53.84799978316939,-20.600613967791613,-5.856630345924378,1.39319229108429
5D7,7,8,30.6875,108.0625,30.3125,108.4375,323467,373814,6,2021-11-02T11:30:00Z,2021-11-02T13:30:00Z,1,54.99328727671434,139.01407805320338,18.018938830561485,-20.842421007832463,-5.025814102272035,4.20687488141632
5D7,7,8,31.6875,108.1875,31.3125,109.0625,323707,375046,7,2021-11-02T11:30:00Z,2021-11-02T13:30:00Z,1,92.94542136538301,116.34466230225433,41.60842534463789,-20.706100253157206,-2.841858370338438,0.06610472907256718
5D7,7,8,30.8125,108.5625,31.0625,108.3125,324458,373560,8,2021-11-02T11:30:00Z,2021-11-02T13:30:00Z,1,36.592964748287244,319.30346822613024,-11.919631479721835,13.928289197575129,-7.090817073951725,2.649413416572574
5D7,7,8,30.0625,107.6875,30.5625,107.1875,322728,371332,9,2021-11-02T11:30:00Z,2021-11-02T13:30:00Z,1,73.38321324700516,319.1803034293797,-23.963834571563257,27.882516001130842,-6.310678828346253,6.11582930573273
5D7,7,8,31.3125,109.3125,30.3125,109.3125,325942,375550,10,2021-11-02T11:30:00Z,2021-11-02T13:30:00Z,1,110.86626105629357,180,-1.0224529356202193e-14,-55.65974539663686,-3.5567298312759377,3.2046734903030334
5D7,8,9,29.8125,107.9375,30.8125,108.4375,372826,423410,1,2021-11-02T19:30:00Z,2021-11-02T21:30:00Z,1,120.83909239143406,23.325924002516615,23.90277135646397,55.712124105078296,-3.3669494413528436,1.885583770652772
5D7,8,9,31.4375,108.9375,31.0625,108.6875,374797,423904,2,2021-11-02T19:30:00Z,2021-11-02T21:30:00Z,1,47.914328376019355,209.86679390900508,-11.91967857508379,-20.85888968185223,-2.1907550741653434,-2.5101762566909787
5D7,8,9,31.4375,107.5625,30.6875,108.1875,372069,422915,3,2021-11-02T19:30:00Z,2021-11-02T21:30:00Z,1,102.3355087079258,144.18386513623835,29.91654447182098,-41.66031168539287,-5.09494666254425,-1.8696860770034773
5D7,8,9,30.9375,108.8125,30.6875,108.4375,374553,423411,4,2021-11-02T19:30:00Z,2021-11-02T21:30:00Z,1,45.341619776948896,232.41389166851468,-17.94953218248277,-13.884811276085294,-4.513187739692686,-0.558586806983947
5D7,8,9,30.6875,108.3125,30.8125,108.3125,373563,423162,5,2021-11-02T19:30:00Z,2021-11-02T21:30:00Z,1,13.858147237998349,0,4.2602205650841934e-16,6.957468174579519,-4.698306946235655,-0.5858888260269156
5D7,8,9,30.3125,108.4375,30.1875,107.6875,373814,421927,6,2021-11-02T19:30:00Z,2021-11-02T21:30:00Z,1,73.50053891675694,259.32206463244006,-36.08333396724083,-6.838418557383415,-3.531922636665343,1.869917777000427
5D7,8,9,31.3125,109.0625,30.9375,108.6875,375046,423905,7,2021-11-02T19:30:00Z,2021-11-02T21:30:00Z,1,54.84454134831566,220.80147419680475,-17.902952184508543,-20.842065486922372,-2.7167232494583113,-2.3225427615737906
5D7,8,9,31.0625,108.3125,30.4375,108.1875,373560,422917,8,2021-11-02T19:30:00Z,2021-11-02T21:30:00Z,1,70.31686923571553,189.83238771251473,-5.998723537846414,-34.78398493749214,-5.4699833222122205,0.14475533217620892
5D7,8,9,30.5625,107.1875,30.9375,108.3125,371332,423161,9,2021-11-02T19:30:00Z,2021-11-02T21:30:00Z,1,115.46509429553929,68.60927146094781,53.70805678181491,21.141512753736432,-5.371537536567688,-1.2140225340347286
5D7,8,9,30.3125,109.3125,30.8125,108.1875,375550,422914,10,2021-11-02T19:30:00Z,2021-11-02T21:30:00Z,1,121.33079748539865,297.46952593595086,-53.778468125610836,28.097681481303105,-1.8807000600051853,0.8451321720199598
5D7,9,10,30.8125,108.4375,29.6875,116.0625,423410,488147,1,2021-11-09T11:30:00Z,2021-11-09T22:30:00Z,1,744.2193638055344,97.70783377537873,66.98997534664592,-9.123381170300528,18.547961198009148,-28.40443118619607
5D7,9,10,31.0625,108.6875,24.8125,112.0625,423904,480250,2,2021-11-09T11:30:00Z,2021-11-09T22:30:00Z,1,768.0134196904849,153.5694685770145,31.059480584544406,-62.80610004786789,0.1882486138472126,-18.173704509704592
5D7,9,10,30.6875,108.1875,27.4375,117.3125,422915,490645,3,2021-11-09T11:30:00Z,2021-11-09T22:30:00Z,1,958.4134994343638,109.80096471697959,81.91898025340832,-29.659997946232583,7.991840995061703,-26.426857961409137
5D7,9,10,30.6875,108.4375,26.1875,114.0625,423411,484207,4,2021-11-09T11:30:00Z,2021-11-09T22:30:00Z,1,742.9758139039459,130.775685653893,51.115554069798364,-44.31478764766813,1.8726933487548818,-17.469634701821068
5D7,9,10,30.8125,108.3125,29.5625,118.8125,423162,493604,5,2021-11-09T11:30:00Z,2021-11-09T22:30:00Z,1,1020.2509203279872,95.13554852851229,92.30250161136583,-8.358526688467972,21.372050937000623,-27.351697139676183
5D7,9,10,30.1875,107.6875,30.5625,115.5625,421927,487148,6,2021-11-09T11:30:00Z,2021-11-09T22:30:00Z,1,757.9420842096596,84.86805417410721,68.56820020577025,6.177049659760695,16.39554613195801,-27.68140671602561
5D7,9,10,30.9375,108.6875,25.6875,113.1875,423905,482475,7,2021-11-09T11:30:00Z,2021-11-09T22:30:00Z,1,730.0925045978137,141.72564801640402,41.087116580096364,-52.34215410358682,1.9933802374267584,-18.85073479059948
5D7,9,10,30.4375,108.1875,28.8125,114.1875,422917,484434,8,2021-11-09T11:30:00Z,2021-11-09T22:30:00Z,1,608.2607159064081,105.7229637889618,53.18605239702578,-15.05557900404659,4.218245702270508,-19.788431050542655
5D7,9,10,30.9375,108.3125,28.6875,114.9375,423161,485923,9,2021-11-09T11:30:00Z,2021-11-09T22:30:00Z,1,687.114074271656,109.60693389049538,58.797676975980416,-21.05856666634703,8.134286013705166,-22.079210393227328
5D7,9,10,30.8125,108.1875,26.5625,116.3125,422914,488668,10,2021-11-09T11:30:00Z,2021-11-09T22:30:00Z,1,922.8271356568716,118.67414000159818,73.55599634968213,-40.44485993889081,3.674709743996361,-23.10673795608243
5D7,10,14,29.6875,116.0625,15.8125,102.8125,488147,511570,1,2021-11-30T10:30:00Z,2021-12-12T22:30:00Z,4,2048.9179578728476,224.31770066982756,-46.16685448003945,-47.546839286957955,-19.30729722706843,-23.450657296083357
5D7,10,14,24.8125,112.0625,18.0625,100.6875,480250,507336,2,2021-11-30T10:30:00Z,2021-12-12T22:30:00Z,4,1395.0246999119818,239.8215359888452,-38.889564363863805,-22.75190557595797,-15.438391594859631,-16.391275880047747
5D7,10,14,27.4375,117.3125,16.9375,103.5625,490645,513049,3,2021-11-30T10:30:00Z,2021-12-12T22:30:00Z,4,1831.0539832842114,233.44154711919958,-47.432996856035516,-35.38103841976733,-20.347365996332055,-26.67580268028947
5D7,10,14,26.1875,114.0625,16.5625,102.9375,484207,511812,4,2021-11-30T10:30:00Z,2021-12-12T22:30:00Z,4,1569.0070953382915,229.43518990849327,-38.439913279613165,-33.09946139809709,-22.007954614527403,-22.451904423873234
5D7,10,14,29.5625,118.8125,15.9375,105.1875,493604,516281,5,2021-11-30T10:30:00Z,2021-12-12T22:30:00Z,4,2054.1766910404194,225.71067217388827,-47.42368993064622,-46.52427402786711,-20.90844753844959,-32.08732976915988
5D7,10,14,30.5625,115.5625,17.4375,102.8125,487148,511557,6,2021-11-30T10:30:00Z,2021-12-12T22:30:00Z,4,1945.132411990584,224.54488396062396,-44.003365288988235,-44.95622438797865,-18.589408646421564,-21.812046069880147
5D7,10,14,25.6875,113.1875,15.8125,105.4375,482475,516778,7,2021-11-30T10:30:00Z,2021-12-12T22:30:00Z,4,1358.062930077298,217.89063347473598,-26.89934225718034,-34.76543482645053,-26.160211365498295,-27.0223151383261
5D7,10,14,28.8125,114.1875,15.9375,102.4375,484434,510825,8,2021-11-30T10:30:00Z,2021-12-12T22:30:00Z,4,1867.383258788686,222.7388923183879,-40.87278966328717,-44.48384354664551,-20.144902611603385,-21.409207788131997
5D7,10,14,28.6875,114.9375,16.1875,104.0625,485923,514047,9,2021-11-30T10:30:00Z,2021-12-12T22:30:00Z,4,1778.0140203799717,221.19677286283513,-37.76878041205365,-43.39142850065992,-22.13359308480871,-25.558522619664352
5D7,10,14,26.5625,116.3125,16.0625,102.3125,488668,510576,10,2021-11-30T10:30:00Z,2021-12-12T22:30:00Z,4,1857.8178333548728,234.07132935066485,-48.517033157486736,-35.367896488053034,-23.407012585476092,-26.027245035374847
5D7,14,15,15.8125,102.8125,20.6875,103.5625,511570,562619,1,2022-04-14T13:30:00Z,2022-04-14T22:30:00Z,1,545.3772868845805,8.247335758175268,8.68893357649609,60.315106599846075,5.744833087158202,13.228643231201172
5D7,14,15,18.0625,100.6875,19.6875,103.5625,507336,562627,2,2022-04-14T13:30:00Z,2022-04-14T22:30:00Z,1,352.30141974932644,58.84099839523196,33.48469439234165,20.367437454691053,7.1537143371582035,18.78733541870117
5D7,14,15,16.9375,103.5625,19.9375,104.1875,513049,563865,3,2022-04-14T13:30:00Z,2022-04-14T22:30:00Z,1,338.55549778391696,11.148367599465018,7.27049980213321,37.11871171349654,8.330721368408204,12.888105731201176
5D7,14,15,16.5625,102.9375,22.8125,104.8125,511812,565082,4,2022-04-14T13:30:00Z,2022-04-14T22:30:00Z,1,719.2352073048842,15.554822776692504,21.41950246765393,77.41734396125813,5.073040899658203,11.482389324951171
5D7,14,15,15.9375,105.1875,19.9375,104.0625,516281,563617,5,2022-04-14T13:30:00Z,2022-04-14T22:30:00Z,1,458.4742258877215,345.1025821048098,-13.091498612260208,49.513499030196144,10.106715899658202,10.092294012451173
5D7,14,15,17.4375,102.8125,18.6875,101.1875,511557,557923,6,2022-04-14T13:30:00Z,2022-04-14T22:30:00Z,1,220.76090647689452,309.05595474397063,-19.04098368207863,15.543833952863125,8.071401055908204,11.78524088745117
5D7,14,15,15.8125,105.4375,20.8125,103.8125,516778,563114,7,2022-04-14T13:30:00Z,2022-04-14T22:30:00Z,1,579.4510342019322,343.00431557401856,-18.811450907656443,61.92432689844148,8.841468243408203,9.70021901245117
5D7,14,15,15.9375,102.4375,20.1875,103.8125,510825,563119,8,2022-04-14T13:30:00Z,2022-04-14T22:30:00Z,1,492.3920897306197,16.986231232757746,15.976866718465237,52.62474071730334,6.880724493408201,14.092390106201167
5D7,14,15,16.1875,104.0625,18.9375,104.6875,514047,564865,9,2022-04-14T13:30:00Z,2022-04-14T22:30:00Z,1,311.50481647176684,12.205335736976906,7.314886481627293,34.026024473646125,11.615558087158202,7.722278387451172
5D7,14,15,16.0625,102.3125,19.8125,104.4375,510576,564362,10,2022-04-14T13:30:00Z,2022-04-14T22:30:00Z,1,472.14882541535957,28.155409460444048,24.745073612257872,46.51972462925505,8.536513555908202,11.686375262451172
5D7,15,16,20.6875,103.5625,22.5625,105.3125,562619,615676,1,2022-04-15T12:30:00Z,2022-04-15T20:30:00Z,1,275.5420963641554,40.79194958170285,22.49087897968144,26.215359579800758,16.70667183380127,4.21935510635376
5D7,15,16,19.6875,103.5625,21.0625,106.5625,562627,618168,2,2022-04-15T12:30:00Z,2022-04-15T20:30:00Z,1,348.2122267079647,63.56148796491476,38.957375017242555,19.484394907327445,13.854444831848143,4.715479227447508
5D7,15,16,19.9375,104.1875,22.4375,105.5625,563865,616173,3,2022-04-15T12:30:00Z,2022-04-15T20:30:00Z,1,311.4466426457128,27.040246085053184,17.68998892534706,34.8626282870428,18.186785115051272,6.24794895401001
5D7,15,16,22.8125,104.8125,21.1875,105.9375,565082,616927,4,2022-04-15T12:30:00Z,2022-04-15T20:30:00Z,1,214.17583734935434,146.94065009869462,14.597939646466223,-22.557453208623897,14.886845027160645,13.121110086822506
5D7,15,16,19.9375,104.0625,21.6875,104.4375,563617,613947,5,2022-04-15T12:30:00Z,2022-04-15T20:30:00Z,1,197.64378752831638,11.32542411027157,4.8494781301140275,24.35670207740667,18.15066514434815,3.779934500885008
5D7,15,16,18.6875,101.1875,20.6875,105.3125,557923,615691,6,2022-04-15T12:30:00Z,2022-04-15T20:30:00Z,1,485.85178799402547,62.20848440526936,53.70371686126919,28.470870399708186,11.292259968566896,4.778480985260009
5D7,15,16,20.8125,103.8125,22.5625,104.4375,563114,613940,7,2022-04-15T12:30:00Z,2022-04-15T20:30:00Z,1,204.279293580279,18.343973553854198,8.032419922809726,24.367121916306644,16.352819783020017,5.341074149322512
5D7,15,16,20.1875,103.8125,20.5625,105.6875,563119,616436,8,2022-04-15T12:30:00Z,2022-04-15T20:30:00Z,1,200.09710471625985,77.70008978867918,24.427915295172376,5.3568661213301505,16.02830166778564,3.5371564247131335
5D7,15,16,18.9375,104.6875,21.6875,105.9375,564865,616923,9,2022-04-15T12:30:00Z,2022-04-15T20:30:00Z,1,331.2505151147922,22.995646752053744,16.168480882856084,38.32598554397727,13.662450837707521,4.775133231353758
5D7,15,16,19.8125,104.4375,24.4375,108.9375,564362,622853,10,2022-04-15T12:30:00Z,2022-04-15T20:30:00Z,1,691.1164904297787,41.36734503228297,57.06113984002345,65.17325840952228,18.39768042755127,11.817356815338137
5D7,16,17,22.5625,105.3125,22.4375,105.3125,615676,665277,1,2022-04-16T13:30:00Z,2022-04-16T16:30:00Z,1,13.84213513256828,180,-8.520441130168386e-16,-4.638312116386346,-4.247893194580078,5.135431292724608
5D7,16,17,21.0625,106.5625,21.9375,106.5625,618168,667761,2,2022-04-16T13:30:00Z,2022-04-16T16:30:00Z,1,96.88315333819115,0,1.988102930372645e-15,32.46818481470477,-12.869551007080076,-2.6816440979003913
5D7,16,17,22.4375,105.5625,22.9375,106.0625,616173,666761,3,2022-04-16T13:30:00Z,2022-04-16T16:30:00Z,1,75.53503816034518,42.7625501905361,17.086437494719455,18.581904392998428,-6.1093955383300775,6.645810589599611
5D7,16,17,21.1875,105.9375,22.4375,104.8125,616927,664285,4,2022-04-16T13:30:00Z,2022-04-16T16:30:00Z,1,180.79604580144098,320.1632700227195,-38.587296378310036,46.52261159884699,-12.738863507080081,4.5114781677246105
5D7,16,17,21.6875,104.4375,21.9375,104.0625,613947,662801,5,2022-04-16T13:30:00Z,2022-04-16T16:30:00Z,1,47.64146052256002,305.59374531952193,-12.907410970458372,9.29229069479482,-3.515228741455078,3.123304339599609
5D7,16,17,20.6875,105.3125,22.5625,104.8125,615691,664284,6,2022-04-16T13:30:00Z,2022-04-16T16:30:00Z,1,213.96550596152403,346.0907573351565,-17.13624028351888,69.6018593995375,-8.645609600830081,10.76068910522461
5D7,16,17,22.5625,104.4375,23.0625,104.8125,613940,664280,7,2022-04-16T13:30:00Z,2022-04-16T16:30:00Z,1,67.43931042885754,34.738091852694254,12.802976738679167,18.569436819922842,-3.603871710205078,4.13070668334961
5D7,16,17,20.5625,105.6875,22.4375,105.5625,616436,665773,8,2022-04-16T13:30:00Z,2022-04-16T16:30:00Z,1,208.01047114886202,356.45271317788786,-4.287940152737261,69.57637236609094,-12.29550686645508,1.772482855224607
5D7,16,17,21.6875,105.9375,22.5625,105.3125,616923,665276,9,2022-04-16T13:30:00Z,2022-04-16T16:30:00Z,1,116.38549772305593,326.47279834946437,-21.417286487999515,32.51190542213602,-10.897413116455079,2.72063285522461
5D7,16,17,24.4375,108.9375,24.1875,107.1875,622853,668983,10,2022-04-16T13:30:00Z,2022-04-16T16:30:00Z,1,179.776953897822,261.5006005812821,-59.23420154788933,-8.903558533577248,-7.619624835205077,-5.826458551025391
5D7,17,18,22.4375,105.3125,25.4375,105.4375,665277,715101,1,2022-04-19T12:30:00Z,2022-04-19T19:30:00Z,1,332.5159578195209,2.168076258882593,1.7959551241629141,47.70913254102411,5.2207721819196475,16.732932738385877
5D7,17,18,21.9375,106.5625,24.6875,106.3125,667761,716843,2,2022-04-19T12:30:00Z,2022-04-19T19:30:00Z,1,305.6298031384278,355.24962860410164,-3.6137002795200757,43.735719494647626,7.723450195312501,11.33046225847517
5D7,17,18,22.9375,106.0625,25.3125,105.9375,666761,716094,3,2022-04-19T12:30:00Z,2022-04-19T19:30:00Z,1,263.36196288565253,357.2598825578524,-1.7975078270464846,37.76990206839308,4.42886609933036,13.105789099993023
5D7,17,18,22.4375,104.8125,26.1875,107.0625,664285,718319,4,2022-04-19T12:30:00Z,2022-04-19T19:30:00Z,1,473.97650836486304,28.34796961104854,32.13001826210588,59.88898790542882,4.223027260044648,14.02497838570731
5D7,17,18,21.9375,104.0625,24.4375,105.5625,662801,715357,5,2022-04-19T12:30:00Z,2022-04-19T19:30:00Z,1,316.59627576605965,28.723849226035156,21.723662208338624,39.86704049404219,6.234544838169645,16.50790310668945
5D7,17,18,22.5625,104.8125,27.3125,106.5625,664284,717318,6,2022-04-19T12:30:00Z,2022-04-19T19:30:00Z,1,555.0359444969946,18.20531488822934,24.754980888240958,75.69294410606355,1.4470385323660757,15.68434434552874
5D7,17,18,23.0625,104.8125,25.6875,105.1875,664280,714603,7,2022-04-19T12:30:00Z,2022-04-19T19:30:00Z,1,293.23284669159494,7.378104381758419,5.376050668812665,41.75194813713754,1.74834416852679,18.788966164725167
5D7,17,18,22.4375,105.5625,25.4375,106.8125,665773,717829,8,2022-04-19T12:30:00Z,2022-04-19T19:30:00Z,1,355.79747463206974,20.704675348446244,17.95931882223137,47.78628968107182,5.03368166852679,13.385483687046593
5D7,17,18,22.5625,105.3125,24.8125,105.1875,665276,714610,9,2022-04-19T12:30:00Z,2022-04-19T19:30:00Z,1,249.521977650069,357.09608627883375,-1.8048053448884387,35.782044085613386,6.202070507812505,17.526675483921593
5D7,17,18,24.1875,107.1875,27.0625,106.6875,668983,717568,10,2022-04-19T12:30:00Z,2022-04-19T19:30:00Z,1,322.4325284771356,351.14731790080054,-7.083755814712136,45.73364094963846,-0.30543423549107107,9.870662760707308
5D7,18,19,25.4375,105.4375,30.4375,104.8125,715101,763421,1,2022-04-20T12:30:00Z,2022-04-20T21:30:00Z,1,557.4940791576414,353.809897203247,-6.673555605518698,61.860752506869794,6.147864929199211,20.56810298461914
5D7,18,19,24.6875,106.3125,29.4375,104.9375,716843,763677,2,2022-04-20T12:30:00Z,2022-04-20T21:30:00Z,1,543.6928031427649,345.7795583008695,-14.828076239406473,58.830740167388335,8.082636022949217,18.061996734619136
5D7,18,19,25.3125,105.9375,31.3125,104.8125,716094,763414,3,2022-04-20T12:30:00Z,2022-04-20T21:30:00Z,1,674.0269108375663,350.84137420783253,-11.909745961136212,74.26667917620819,4.789403210449215,22.620795953369143
5D7,18,19,26.1875,107.0625,30.9375,105.3125,718319,764409,4,2022-04-20T12:30:00Z,2022-04-20T21:30:00Z,1,553.5559808689319,342.394844802227,-18.58654938126536,58.8842704588154,1.703111804199216,23.660243609619148
5D7,18,19,24.4375,105.5625,30.0625,105.5625,715357,764912,5,2022-04-20T12:30:00Z,2022-04-20T21:30:00Z,1,623.294945331379,0,4.260220565084242e-15,69.57468174579598,4.199607897949213,25.210609234619138
5D7,18,19,27.3125,106.5625,29.0625,104.5625,717318,762936,6,2022-04-20T12:30:00Z,2022-04-20T21:30:00Z,1,275.9927623361874,315.10986904488834,-21.625335736415717,21.822071872498352,9.142010241699218,21.90492095336915
5D7,18,19,25.6875,105.1875,31.3125,104.9375,714603,763662,7,2022-04-20T12:30:00Z,2022-04-20T21:30:00Z,1,623.8873739527118,357.81045533784805,-2.6460605772212875,69.57735440020971,1.8563344604492131,19.403491265869132
5D7,18,19,25.4375,106.8125,29.9375,104.5625,717829,762929,8,2022-04-20T12:30:00Z,2022-04-20T21:30:00Z,1,545.7857827976599,336.5218979975965,-24.140010515703157,55.87457434677687,10.214555554199217,21.020285015869145
5D7,18,19,24.8125,105.1875,30.5625,105.9375,714610,765652,9,2022-04-20T12:30:00Z,2022-04-20T21:30:00Z,1,641.4601869361766,6.451241653978741,8.00124377107319,71.14435354653388,3.5693852416992127,30.331485015869145
5D7,18,19,27.0625,106.6875,30.8125,106.0625,717568,765898,10,2022-04-20T12:30:00Z,2022-04-20T21:30:00Z,1,420.0711967721324,351.80901907641106,-6.6440547121155875,46.40031234223601,-2.1972686645507844,27.263730328369146
5D7,19,20,30.4375,104.8125,30.9375,104.8125,763421,813017,1,2022-04-22T15:30:00Z,2022-04-22T17:30:00Z,1,55.43205634055934,0,1.7040882260336988e-15,27.82987269831843,-0.8426062957763691,-7.173303057861329
5D7,19,20,29.4375,104.9375,29.6875,105.0625,763677,813523,2,2022-04-22T15:30:00Z,2022-04-22T17:30:00Z,1,30.24313551213457,23.580607338364246,6.044246033983917,13.918185111698216,0.9670142120361318,-8.71628626098633
5D7,19,20,31.3125,104.8125,30.9375,104.4375,763414,812273,3,2022-04-22T15:30:00Z,2022-04-22T17:30:00Z,1,54.84454134831566,220.80147419680475,-17.902952184509136,-20.842065486922387,-0.867934616088868,-4.754978448486333
5D7,19,20,30.9375,105.3125,30.6875,104.6875,764409,812771,4,2022-04-22T15:30:00Z,2022-04-22T17:30:00Z,1,65.91676863961925,245.29559245386065,-29.9157873417654,-13.831255338624182,0.39089468078613177,-6.309807550048831
5D7,19,20,30.0625,105.5625,30.6875,105.6875,764912,814755,5,2022-04-22T15:30:00Z,2022-04-22T17:30:00Z,1,70.32079843199958,9.806409241248957,5.983287062475328,34.79063095453238,0.5707241729736322,-6.05713958129883
5D7,19,20,29.0625,104.5625,29.3125,104.4375,762936,812286,6,2022-04-22T15:30:00Z,2022-04-22T17:30:00Z,1,30.259551333190693,336.3406792993529,-6.0666693443418405,13.918159404735915,5.749572024536128,-7.668856768798829
5D7,19,20,31.3125,104.9375,30.8125,105.1875,763662,813762,7,2022-04-22T15:30:00Z,2022-04-22T17:30:00Z,1,60.352166290545625,156.64736816191373,11.950959154180996,-27.816387218558642,-0.4412660614013697,-10.445499151611333
5D7,19,20,29.9375,104.5625,30.4375,104.4375,762929,812277,8,2022-04-22T15:30:00Z,2022-04-22T17:30:00Z,1,56.71996479097851,347.77793908422575,-5.9986807508599576,27.83315478361377,0.4244706573486304,-8.138015167236329
5D7,19,20,30.5625,105.9375,30.8125,104.9375,765652,813266,9,2022-04-22T15:30:00Z,2022-04-22T17:30:00Z,1,99.74198880798585,286.38825791998585,-47.80278978800645,14.127579857594753,0.25768413391113215,-8.114098370361328
5D7,19,20,30.8125,106.0625,31.0625,104.9375,765898,813264,10,2022-04-22T15:30:00Z,2022-04-22T17:30:00Z,1,111.02701100026023,284.74502941189326,-53.637475675872146,14.185335428345233,-1.5540000457763667,-10.20798704223633
5D7,20,21,30.9375,104.8125,32.6875,105.0625,813017,863099,1,2022-05-01T12:30:00Z,2022-05-01T22:30:00Z,1,195.48447783519495,6.889382659008618,2.342603896216871,19.483582986516776,8.590171008911133,-2.106241408081055
5D7,20,21,29.6875,105.0625,34.5625,106.9375,813523,866804,2,2022-05-01T12:30:00Z,2022-05-01T22:30:00Z,1,568.767111494773,17.630796682623725,17.20847512875066,54.41466041848582,7.7980022589111355,-2.6236429705810558
5D7,20,21,30.9375,104.4375,32.4375,106.4375,812273,865829,3,2022-05-01T12:30:00Z,2022-05-01T22:30:00Z,1,252.22025100224545,48.22389547906414,18.791312273196393,16.86900647946701,9.552524133911133,-6.100511369018556
5D7,20,21,30.6875,104.6875,29.5625,102.5625,812771,858164,4,2022-05-01T12:30:00Z,2022-05-01T22:30:00Z,1,239.75441868713546,239.1946573017379,-20.576019808078712,-12.330835036965986,10.342930852661134,-1.116069845581055
5D7,20,21,30.6875,105.6875,33.1875,105.3125,814755,863591,5,2022-05-01T12:30:00Z,2022-05-01T22:30:00Z,1,279.4723167837483,352.8094128139632,-3.4946570475060885,27.835852323673485,7.266378587036133,-2.4740067205810554
5D7,20,21,29.3125,104.4375,33.1875,106.5625,812286,866071,6,2022-05-01T12:30:00Z,2022-05-01T22:30:00Z,1,474.8951367722711,24.681686610458655,19.81068878288111,43.323403372700085,5.75445311828613,-2.391390587768555
5D7,20,21,30.8125,105.1875,32.9375,104.5625,813762,862105,7,2022-05-01T12:30:00Z,2022-05-01T22:30:00Z,1,242.93604699995274,346.07512713113465,-5.840460372915183,23.672047192524783,8.143631790161134,-0.6125905096435543
5D7,20,21,30.4375,104.4375,31.6875,108.1875,812277,869307,8,2022-05-01T12:30:00Z,2022-05-01T22:30:00Z,1,383.7726585036242,67.87221272026159,35.51779409249838,14.511265634356496,12.365233665161131,-2.6943548455810555
5D7,20,21,30.8125,104.9375,29.4375,102.1875,813266,857421,9,2022-05-01T12:30:00Z,2022-05-01T22:30:00Z,1,305.69657988460153,240.78895076348684,-26.66048443196744,-14.983036141521973,8.983901321411135,0.22434691223144496
5D7,20,21,31.0625,104.9375,32.9375,108.0625,813264,869049,10,2022-05-01T12:30:00Z,2022-05-01T22:30:00Z,1,361.11160658354316,54.030459144360236,29.196912778216557,21.290778327627685,12.197678977661134,0.04261089660644506
5D7,21,22,32.6875,105.0625,35.4375,104.6875,863099,911933,1,2022-05-02T12:30:00Z,2022-05-02T21:30:00Z,1,306.9971597957266,353.62964361800823,-3.7805006253428273,34.02113688698129,4.532164886474607,5.998636614990234
5D7,21,22,34.5625,106.9375,36.8125,105.0625,866804,912666,2,2022-05-02T12:30:00Z,2022-05-02T21:30:00Z,1,301.8568805000833,326.33311345609303,-18.570823164021373,28.00554810320684,13.490700042724603,18.23974833374023
5D7,21,22,32.4375,106.4375,35.3125,104.8125,865829,912182,3,2022-05-02T12:30:00Z,2022-05-02T21:30:00Z,1,352.54269889278663,335.2075366470128,-16.407503574247784,35.688486770308735,4.744685980224609,4.134981146240234
5D7,21,22,29.5625,102.5625,34.1875,105.0625,858164,912687,4,2022-05-02T12:30:00Z,2022-05-02T21:30:00Z,1,564.7093440912175,24.11045252114741,25.604372682611977,57.494573554804354,2.990948480224608,0.6970784118652341
5D7,21,22,33.1875,105.3125,35.6875,103.6875,863591,909947,5,2022-05-02T12:30:00Z,2022-05-02T21:30:00Z,1,314.97057276724433,332.151880642424,-16.329392161611594,31.05166203275693,4.278896917724609,5.322262786865233
5D7,21,22,33.1875,106.5625,36.6875,104.1875,866071,910931,6,2022-05-02T12:30:00Z,2022-05-02T21:30:00Z,1,444.75539230209097,331.47694191530456,-23.569212677237648,43.56666943163602,7.231961761474608,11.941028021240236
5D7,21,22,32.9375,104.5625,35.4375,103.9375,862105,910445,7,2022-05-02T12:30:00Z,2022-05-02T21:30:00Z,1,283.233860811339,348.43814825700053,-6.30038912196767,30.941184620658483,2.391321917724609,2.7132842712402345
5D7,21,22,31.6875,108.1875,34.0625,106.8125,869307,916160,8,2022-05-02T12:30:00Z,2022-05-02T21:30:00Z,1,293.1357641034725,334.3330583176255,-14.092816006002456,29.466796280896965,8.01854144897461,-1.255351666259766
5D7,21,22,29.4375,102.1875,34.6875,104.4375,857421,911443,9,2022-05-02T12:30:00Z,2022-05-02T21:30:00Z,1,619.6653423562841,19.460776787967973,22.914009091210957,65.16949615367692,1.8608320739746094,0.6175799743652343
5D7,21,22,32.9375,108.0625,33.6875,105.3125,869049,913187,10,2022-05-02T12:30:00Z,2022-05-02T21:30:00Z,1,269.24654053229693,288.7468489561269,-28.29997421588706,9.648453217248205,8.292139886474606,1.4263514587402357
5D7,22,23,35.4375,104.6875,36.0625,103.8125,911933,959792,1,2022-05-03T12:30:00Z,2022-05-03T17:30:00Z,1,105.22408520125532,311.48088348289053,-15.747991293188665,13.985015931781174,0.9887045581054685,23.344926405029295
5D7,22,23,36.8125,105.0625,36.8125,104.4375,912666,961026,2,2022-05-03T12:30:00Z,2022-05-03T17:30:00Z,1,55.768498579970355,270.18725065673704,-11.140227973372054,0.03640795869141166,3.4339876831054688,27.28537671752929
5D7,22,23,35.3125,104.8125,36.8125,104.5625,912182,961274,3,2022-05-03T12:30:00Z,2022-05-03T17:30:00Z,1,167.9570748129692,352.3667685193944,-4.45662708815667,33.40153664228561,2.387411433105471,30.836522186279296
5D7,22,23,34.1875,105.0625,36.0625,103.8125,912687,959792,4,2022-05-03T12:30:00Z,2022-05-03T17:30:00Z,1,237.17064668327603,331.6470712266524,-22.50040759543143,41.88494372450446,0.08524799560546907,16.754143436279296
5D7,22,23,35.6875,103.6875,36.4375,104.9375,909947,962021,5,2022-05-03T12:30:00Z,2022-05-03T17:30:00Z,1,140.02578754657267,53.16987029503514,22.389302093029418,16.841269503599865,2.3177542456054674,21.095758905029296
5D7,22,23,36.6875,104.1875,36.6875,104.5625,910931,961275,6,2022-05-03T12:30:00Z,2022-05-03T17:30:00Z,1,33.51545896637921,89.88797782690216,6.695065563224751,0.01308991252045134,-0.4289473168945318,25.5304835925293
5D7,22,23,35.4375,103.9375,36.8125,104.3125,910445,960778,7,2022-05-03T12:30:00Z,2022-05-03T17:30:00Z,1,156.2613858607184,12.366001487802407,6.68480942044085,30.62568661263933,1.6071044018554672,16.369212733154306
5D7,22,23,34.0625,106.8125,36.5625,104.8125,916160,961772,8,2022-05-03T12:30:00Z,2022-05-03T17:30:00Z,1,331.65904167837147,327.31910799576235,-35.77398337554343,56.017015736730656,5.1061919018554685,30.6553472644043
5D7,22,23,34.6875,104.4375,36.4375,104.1875,911443,960533,9,2022-05-03T12:30:00Z,2022-05-03T17:30:00Z,1,195.4822377682382,353.41444659007226,-4.478547138013081,38.96746407983267,-0.39911372314453264,18.4858573425293
5D7,22,23,33.6875,105.3125,36.5625,104.8125,913187,961772,10,2022-05-03T12:30:00Z,2022-05-03T17:30:00Z,1,322.19877876289115,352.0113785554839,-8.944980964079871,64.03089903694976,-0.6302112231445337,29.11949796752929
5D7,23,24,36.0625,103.8125,37.04525798,101.722533,959792,1005168,1,2022-05-04T12:30:00Z,2022-05-04T19:30:00Z,1,216.56567248325476,300.8545383712678,-26.965596777163217,16.19953536046401,7.342414429582869,-1.5665774571010056
5D7,23,24,36.8125,104.4375,37.04525798,101.722533,961026,1005168,2,2022-05-04T12:30:00Z,2022-05-04T19:30:00Z,1,243.25535580238508,276.90992702007463,-26.965596777163217,16.19953536046401,7.342414429582869,-1.5665774571010056
5D7,23,24,36.8125,104.5625,37.04525798,101.722533,961274,1005168,3,2022-05-04T12:30:00Z,2022-05-04T19:30:00Z,1,254.3307568143015,276.68104406881173,-34.89299366552824,4.4785194390821035,-6.947790592738559,-0.47754882986886027
5D7,23,24,36.0625,103.8125,37.04525798,101.722533,959792,1005168,4,2022-05-04T12:30:00Z,2022-05-04T19:30:00Z,1,216.56567248325476,300.8545383712678,-36.47856831866079,4.52527227118455,-8.011180771309984,1.2240136701311377
5D7,23,24,36.4375,104.9375,37.04525798,101.722533,962021,1005168,5,2022-05-04T12:30:00Z,2022-05-04T19:30:00Z,1,294.93384143687047,284.17680437414293,-41.235661008994036,10.637473740125275,-4.3470115748814155,5.788785545131136
5D7,23,24,36.6875,104.5625,37.04525798,101.722533,961275,1005168,6,2022-05-04T12:30:00Z,2022-05-04T19:30:00Z,1,256.3149632217348,279.7606439209722,-36.47872900931557,6.512058148264255,-6.903176307024271,0.7921563040597095
5D7,23,24,36.8125,104.3125,37.04525798,101.722533,960778,1005168,7,2022-05-04T12:30:00Z,2022-05-04T19:30:00Z,1,232.18561130541949,277.1642212482841,-33.30735899150754,4.433844944251133,-5.3977414855957,-1.680009097726003
5D7,23,24,36.5625,104.8125,37.04525798,101.722533,961772,1005168,8,2022-05-04T12:30:00Z,2022-05-04T19:30:00Z,1,280.8900476694158,281.91779515793496,-39.649945143297735,8.598199510193359,-7.731041708809985,4.643587777273994
5D7,23,24,36.4375,104.1875,37.04525798,101.722533,960533,1005168,9,2022-05-04T12:30:00Z,2022-05-04T19:30:00Z,1,230.2425963372484,287.76752074943073,-39.649945143297735,8.598199510193359,-7.731041708809985,4.643587777273994
5D7,23,24,36.5625,104.8125,37.04525798,101.722533,961772,1005168,10,2022-05-04T12:30:00Z,2022-05-04T19:30:00Z,1,280.8900476694158,281.91779515793496,-31.722226995848867,10.352383264152142,0.16337157244001266,-2.061370537458146
5D8,1,2,37.00182899,101.751121,33.6875,104.4375,13416,68251,1,2021-10-24T11:30:00Z,2021-10-24T17:30:00Z,1,441.36533801082135,145.6257093308182,40.54263940898942,-62.07194238215824,-3.0651727814051335,-1.289226133633931
5D8,1,2,37.00182899,101.751121,34.6875,105.8125,13416,70971,2,2021-10-24T11:30:00Z,2021-10-24T17:30:00Z,1,447.76564574201194,123.78450264179673,61.023422041718945,-42.803151762207236,-5.638959856925964,0.7685656254806544
5D8,1,2,37.00182899,101.751121,34.6875,105.8125,13416,70971,3,2021-10-24T11:30:00Z,2021-10-24T17:30:00Z,1,447.76564574201194,123.78450264179673,61.023422041718945,-42.803151762207236,-5.638959856925964,0.7685656254806544
5D8,1,2,37.00182899,101.751121,34.8125,105.6875,13416,70722,4,2021-10-24T11:30:00Z,2021-10-24T17:30:00Z,1,430.36810557644884,123.19132980740068,61.023422041718945,-42.803151762207236,-5.638959856925964,0.7685656254806544
5D8,1,2,37.00182899,101.751121,34.6875,105.4375,13416,70227,5,2021-10-24T11:30:00Z,2021-10-24T17:30:00Z,1,420.47177416153073,126.54361335626254,59.02627263545816,-40.56224017262803,-5.871973571769714,0.6857361723556549
5D8,1,2,37.00182899,101.751121,34.6875,105.4375,13416,70227,6,2021-10-24T11:30:00Z,2021-10-24T17:30:00Z,1,420.47177416153073,126.54361335626254,55.30523735809898,-43.028496029899095,-5.079776428540547,-0.09191134457142748
5D8,1,2,37.00182899,101.751121,34.6875,105.5625,13416,70475,7,2021-10-24T11:30:00Z,2021-10-24T17:30:00Z,1,429.46588303442996,125.58658567041022,55.30523735809898,-43.028496029899095,-5.079776428540547,-0.09191134457142748
5D8,1,2,37.00182899,101.751121,34.6875,105.8125,13416,70971,8,2021-10-24T11:30:00Z,2021-10-24T17:30:00Z,1,447.76564574201194,123.78450264179673,55.30523735809898,-43.028496029899095,-5.079776428540547,-0.09191134457142748
5D8,1,2,37.00182899,101.751121,34.8125,105.5625,13416,70474,9,2021-10-24T11:30:00Z,2021-10-24T17:30:00Z,1,421.1052573756794,124.09490068102525,57.21139365467275,-42.955845152344416,-5.610133681144714,0.38096254865773815
5D8,1,2,37.00182899,101.751121,34.6875,105.4375,13416,70227,10,2021-10-24T11:30:00Z,2021-10-24T17:30:00Z,1,420.47177416153073,126.54361335626254,57.12315278960437,-40.637312577894306,-5.248508806144713,0.6656567986577382
5D8,2,3,33.6875,104.4375,33.6875,110.6875,68251,130251,1,2021-10-26T11:30:00Z,2021-10-26T21:30:00Z,1,579.4222427605081,88.2654821119815,57.85600537440419,1.7520072641718727,-2.155821757518005,-1.9495132008743283
5D8,2,3,34.6875,105.8125,32.8125,108.5625,70971,126042,2,2021-10-26T11:30:00Z,2021-10-26T21:30:00Z,1,328.8732409718363,128.45102960460997,25.73007085551329,-20.526470834966762,-3.03458871103363,-1.2259765325149545
5D8,2,3,34.6875,105.8125,33.3125,109.8125,70971,128518,3,2021-10-26T11:30:00Z,2021-10-26T21:30:00Z,1,399.7351048346938,111.29971114416287,37.20543915764829,-14.575578126833188,-1.1334622418930047,-0.4712789500930797
5D8,2,3,34.8125,105.6875,32.6875,109.3125,70722,127531,4,2021-10-26T11:30:00Z,2021-10-26T21:30:00Z,1,410.2723185349126,124.04157293574212,33.963292314019,-23.0527320855734,-1.837619734275817,-1.1058298274368294
5D8,2,3,34.6875,105.4375,32.6875,110.0625,70227,129019,5,2021-10-26T11:30:00Z,2021-10-26T21:30:00Z,1,482.7398626798874,116.05483857109999,43.32577954500558,-21.284937823933088,-1.7504246153305052,-2.063109596186829
5D8,2,3,34.6875,105.4375,33.1875,109.9375,70227,128767,6,2021-10-26T11:30:00Z,2021-10-26T21:30:00Z,1,448.0152066755949,110.53012217622887,41.91400714230387,-15.772545287859758,-1.1747324819320668,-1.1662631440383926
5D8,2,3,34.6875,105.5625,32.8125,109.1875,70475,127282,7,2021-10-26T11:30:00Z,2021-10-26T21:30:00Z,1,395.0028920178683,120.74859019410451,33.913943931490465,-20.271276829202353,-2.3388880881820677,-1.7046225122024554
5D8,2,3,34.6875,105.8125,33.5625,109.3125,70971,127524,8,2021-10-26T11:30:00Z,2021-10-26T21:30:00Z,1,346.1227921008281,110.14320786045755,32.46196202604566,-11.96434589508123,-0.9077539725570675,-0.31874390009307857
5D8,2,3,34.8125,105.5625,32.6875,110.1875,70474,129267,9,2021-10-26T11:30:00Z,2021-10-26T21:30:00Z,1,488.9890939283826,117.51188129755656,43.32686575114585,-22.674290324678488,-1.1670510545883164,-1.5709090360305782
5D8,2,3,34.6875,105.4375,33.0625,110.6875,70227,130256,10,2021-10-26T11:30:00Z,2021-10-26T21:30:00Z,1,518.0085663894397,108.88124598460013,48.96469945136101,-16.82930896994544,-0.7437049915023805,-1.1062021803665159
5D8,3,4,33.6875,110.6875,32.5625,111.3125,130251,181100,1,2021-10-27T15:30:00Z,2021-10-27T18:30:00Z,1,137.72870675067142,154.774162089304,19.54709974102955,-41.68625487246913,-0.6760279970143611,1.6233795358988392
5D8,3,4,32.8125,108.5625,32.8125,109.5625,126042,177626,2,2021-10-27T15:30:00Z,2021-10-27T18:30:00Z,1,93.65003235709628,89.7290493282726,31.185631071169546,0.14747735393785089,-1.200863196233111,-2.8081796659240736
5D8,3,4,33.3125,109.8125,32.9375,110.5625,128518,179609,3,2021-10-27T15:30:00Z,2021-10-27T18:30:00Z,1,81.41495828982333,120.51430056991501,23.356582789801223,-13.8312577093628,-1.1590274872487358,-2.39525190095012
5D8,3,4,32.6875,109.3125,32.6875,110.3125,127531,179115,4,2021-10-27T15:30:00Z,2021-10-27T18:30:00Z,1,93.78092098271087,89.72996676212563,31.22942750622309,0.14718440368244803,-0.9130284631601934,-2.026581809153239
5D8,3,4,32.6875,110.0625,32.6875,110.5625,129019,179611,5,2021-10-27T15:30:00Z,2021-10-27T18:30:00Z,1,46.89059068229925,89.86498521056427,15.614887173083913,0.03679580902250745,-2.1711924657643586,-1.362644942616783
5D8,3,4,33.1875,109.9375,32.4375,111.3125,128767,181101,6,2021-10-27T15:30:00Z,2021-10-27T18:30:00Z,1,153.29377668903143,122.48559164843118,43.06093446559051,-27.548917651253976,-2.026454178003942,0.6978429284769643
5D8,3,4,32.8125,109.1875,33.0625,110.4375,127282,179360,7,2021-10-27T15:30:00Z,2021-10-27T18:30:00Z,1,120.14093666165208,76.31792631132288,38.871790459130054,9.506927519917314,-1.1052527860768602,-3.0834022258199068
5D8,3,4,33.5625,109.3125,32.9375,109.5625,127524,177625,8,2021-10-27T15:30:00Z,2021-10-27T18:30:00Z,1,73.12825673486985,161.35430925516425,7.785685386949969,-23.18222153462671,0.373061577855428,-2.7193132557678226
5D8,3,4,32.6875,110.1875,32.5625,110.9375,129267,180356,9,2021-10-27T15:30:00Z,2021-10-27T18:30:00Z,1,71.73682199589891,100.9394024217508,23.454975343493256,-4.555499459057744,-2.5199484553476923,0.019487765716553127
5D8,3,4,33.0625,110.6875,32.6875,111.0625,130256,180603,10,2021-10-27T15:30:00Z,2021-10-27T18:30:00Z,1,54.416797433108094,139.73875067138806,11.711267709829425,-13.894097989806633,-2.131423952092486,1.71322834839884
5D8,4,5,32.5625,111.3125,28.3125,111.6875,181100,231478,1,2021-11-09T12:30:00Z,2021-11-09T21:30:00Z,1,472.5292061788911,175.53186093288286,4.0871884692833005,-52.56061728093492,21.084753573835588,-26.286834477606874
5D8,4,5,32.8125,109.5625,27.8125,112.5625,177626,233218,2,2021-11-09T12:30:00Z,2021-11-09T21:30:00Z,1,624.8084911940181,151.72920425615496,32.85778353005373,-61.398959047454426,14.083194065263534,-16.09896602600098
5D8,4,5,32.9375,110.5625,28.8125,111.1875,179609,230482,3,2021-11-09T12:30:00Z,2021-11-09T21:30:00Z,1,461.21413459682793,172.3921625928126,6.779313367857605,-51.00207364850514,19.86977399104478,-20.84025127513292
5D8,4,5,32.6875,110.3125,28.6875,110.4375,179115,228995,4,2021-11-09T12:30:00Z,2021-11-09T21:30:00Z,1,443.6188848692166,178.42072092075932,1.3574232804809208,-49.47455857903579,12.561834436248779,-14.055156326348197
5D8,4,5,32.6875,110.5625,28.6875,110.3125,179611,228747,5,2021-11-09T12:30:00Z,2021-11-09T21:30:00Z,1,444.10323728808413,183.15630803588527,-2.714844875706499,-49.47224659006475,13.820009030975339,-15.369096338066942
5D8,4,5,32.4375,111.3125,28.6875,112.4375,181101,232963,6,2021-11-09T12:30:00Z,2021-11-09T21:30:00Z,1,429.5046596074482,165.15749593088765,12.215406818055342,-46.32100295070462,24.683428323401554,-31.772943240410704
5D8,4,5,33.0625,110.4375,29.1875,113.0625,179360,234199,7,2021-11-09T12:30:00Z,2021-11-09T21:30:00Z,1,497.2053472010855,149.0800443027365,28.36461515921278,-47.586966559096595,26.82527445111423,-32.01525657982042
5D8,4,5,32.9375,109.5625,29.1875,110.5625,177625,229239,8,2021-11-09T12:30:00Z,2021-11-09T21:30:00Z,1,426.57124825829646,166.81069980214204,10.805910059724027,-46.333574214987244,12.668681335879853,-16.62273798910861
5D8,4,5,32.5625,110.9375,31.3125,109.9375,180356,227982,9,2021-11-09T12:30:00Z,2021-11-09T21:30:00Z,1,167.78610425528726,214.56734599917783,-10.567943985731151,-15.41196836140642,23.384170077199293,-22.29939517639159
5D8,4,5,32.6875,111.0625,28.1875,113.0625,180603,234207,10,2021-11-09T12:30:00Z,2021-11-09T21:30:00Z,1,534.5489191962107,158.42393505390623,21.825231659382997,-55.46240265472267,23.451864674313015,-31.579069666408955
5D8,5,12,28.3125,111.6875,13.8125,103.5625,231478,265074,1,2021-11-24T13:30:00Z,2021-12-16T22:30:00Z,7,1812.4319543427835,209.3184562757771,-21.127791616639,-37.83202778630566,-11.80290134974888,-20.940420423235214
5D8,5,12,27.8125,112.5625,14.4375,100.4375,233218,258869,2,2021-11-24T13:30:00Z,2021-12-16T22:30:00Z,7,1941.250230064333,222.75974838685735,-31.375239862705744,-34.12566025305063,-9.63129141671317,-11.629852621895926
5D8,5,12,28.8125,111.1875,13.9375,100.8125,230482,259617,3,2021-11-24T13:30:00Z,2021-12-16T22:30:00Z,7,1964.8403978035578,215.211827147206,-26.971015082557344,-38.432237646809014,-6.53534415108817,-7.5581520080566404
5D8,5,12,28.6875,110.4375,13.6875,103.3125,228995,264579,4,2021-11-24T13:30:00Z,2021-12-16T22:30:00Z,7,1816.9276928680417,205.39934241391666,-18.55311625557867,-39.29136168018216,-8.42572501046317,-14.512853458949497
5D8,5,12,28.6875,110.3125,14.8125,100.6875,228747,259362,5,2021-11-24T13:30:00Z,2021-12-16T22:30:00Z,7,1828.7408427022804,214.86976775219992,-24.88917062135961,-35.918386681692034,-3.0774339948381697,-4.3776414053780695
5D8,5,12,28.6875,112.4375,13.6875,101.3125,232963,260611,6,2021-11-24T13:30:00Z,2021-12-16T22:30:00Z,7,2020.2418484905409,217.01496247642615,-28.95442767820117,-38.620434855594546,-9.290882655552457,-11.18334732055664
5D8,5,12,29.1875,113.0625,14.0625,102.0625,234199,262096,7,2021-11-24T13:30:00Z,2021-12-16T22:30:00Z,7,2022.4372600204206,216.42456816901236,-28.587942941668086,-38.958539466709176,-8.23617422921317,-13.332586996895927
5D8,5,12,29.1875,110.5625,12.8125,104.8125,229239,267562,8,2021-11-24T13:30:00Z,2021-12-16T22:30:00Z,7,1908.1724854418605,199.36246250690877,-15.061603435760881,-43.09574980427458,-9.054645211356027,-15.191222599574498
5D8,5,12,31.3125,109.9375,14.0625,100.6875,227982,259368,9,2021-11-24T13:30:00Z,2021-12-16T22:30:00Z,7,2131.2472774614293,208.39570448213763,-24.129022139413998,-44.87455954411552,-2.8646968296595983,-3.434219251360212
5D8,5,12,28.1875,113.0625,13.5625,100.3125,234207,258628,10,2021-11-24T13:30:00Z,2021-12-16T22:30:00Z,7,2089.877615398748,221.81963287090616,-33.174688062699765,-37.29183196190515,-10.77782461983817,-12.392806025913785
5D8,12,13,13.8125,103.5625,17.0625,105.0625,265074,317624,1,2022-04-14T14:30:00Z,2022-04-14T22:30:00Z,1,394.00368254764174,23.921038998235304,19.96425346237127,45.29073806653835,7.200061537170409,12.044475865173341
5D8,12,13,14.4375,100.4375,17.3125,104.8125,258869,317126,2,2022-04-14T14:30:00Z,2022-04-14T22:30:00Z,1,566.3055867440055,55.24172891997779,58.13999124920497,40.59512771875133,13.275982630920412,12.11120858001709
5D8,12,13,13.9375,100.8125,18.3125,100.1875,259617,307942,3,2022-04-14T14:30:00Z,2022-04-14T22:30:00Z,1,488.7308196128546,352.22266949089067,-8.264417015453459,60.889817608808904,9.38162022857666,8.63261541595459
5D8,12,13,13.6875,103.3125,17.3125,102.3125,264579,312166,4,2022-04-14T14:30:00Z,2022-04-14T22:30:00Z,1,415.2173968911769,345.15541063863,-13.29335122074067,50.47147285051332,7.815763490295411,15.405899400329588
5D8,12,13,14.8125,100.6875,17.0625,104.0625,259362,315640,5,2022-04-14T14:30:00Z,2022-04-14T22:30:00Z,1,438.79825244650686,54.978141382898116,44.905430715727896,31.66357496690924,12.79130626373291,14.734141685485836
5D8,12,13,13.6875,101.3125,18.5625,102.3125,260611,312156,6,2022-04-14T14:30:00Z,2022-04-14T22:30:00Z,1,549.9649984685398,11.07983524371798,13.20691661483656,67.86576460472804,12.459810072326663,11.450745689392091
5D8,12,13,14.0625,102.0625,18.0625,102.5625,262096,312656,7,2022-04-14T14:30:00Z,2022-04-14T22:30:00Z,1,445.85874591425284,6.823951332825743,6.619965981654198,55.66741619471244,9.070585853576656,15.094772740173338
5D8,12,13,12.8125,104.8125,16.0625,102.0625,267562,311680,8,2022-04-14T14:30:00Z,2022-04-14T22:30:00Z,1,466.05017189358693,320.82453074058543,-36.79103144321696,45.43566463585566,10.92903224029541,8.443521372985842
5D8,12,13,14.0625,100.6875,18.5625,102.5625,259368,312652,9,2022-04-14T14:30:00Z,2022-04-14T22:30:00Z,1,536.7576445418464,21.661854091494945,24.7582948522496,62.72594856294634,11.467064369201658,9.75958943939209
5D8,12,13,13.5625,100.3125,19.1875,104.4375,258628,316367,10,2022-04-14T14:30:00Z,2022-04-14T22:30:00Z,1,762.5502332161949,34.73655781947542,54.293916443041546,78.79229512389577,15.323069544982914,10.89610047454834
5D8,13,14,17.0625,105.0625,20.6875,104.4375,317624,365955,1,2022-04-15T14:30:00Z,2022-04-15T21:30:00Z,1,406.6205046890394,350.7788893832999,-9.30455612386423,57.66350737911972,8.777558142961775,3.041037872314454
5D8,13,14,17.3125,104.8125,19.4375,104.6875,317126,366461,2,2022-04-15T14:30:00Z,2022-04-15T21:30:00Z,1,235.57582209456456,356.8049898731361,-1.8749804372951118,33.7940496330482,7.652836379568919,2.8975993678501686
5D8,13,14,18.3125,100.1875,19.9375,105.0625,307942,367201,3,2022-04-15T14:30:00Z,2022-04-15T21:30:00Z,1,543.5031026976386,69.88674587698233,72.87987953975552,26.84463531048221,7.214886937604632,8.732028162493027
5D8,13,14,17.3125,102.3125,19.1875,104.5625,312166,366215,4,2022-04-15T14:30:00Z,2022-04-15T21:30:00Z,1,315.72323736323045,48.55856062373664,33.79872742952621,30.022146058725536,7.876764616176063,5.386058184814455
5D8,13,14,17.0625,104.0625,20.5625,105.0625,315640,367196,5,2022-04-15T14:30:00Z,2022-04-15T21:30:00Z,1,401.4936531523968,15.06207174784248,14.898797394956574,55.70042673822361,8.042807584926061,3.7050741446358826
5D8,13,14,18.5625,102.3125,20.0625,105.1875,312156,367448,6,2022-04-15T14:30:00Z,2022-04-15T21:30:00Z,1,344.75050004032715,60.73923828062186,42.94907170140091,24.206193125449015,8.491602227783202,5.661043341064454
5D8,13,14,18.0625,102.5625,20.5625,104.4375,312656,365956,7,2022-04-15T14:30:00Z,2022-04-15T21:30:00Z,1,339.7135797117545,35.146946271065815,27.9263372434097,39.904970977925444,9.530657250104632,6.418900595528741
5D8,13,14,16.0625,102.0625,19.8125,105.0625,311680,367202,8,2022-04-15T14:30:00Z,2022-04-15T21:30:00Z,1,522.7148928765645,36.9921936495154,44.91445554923694,59.98552539568286,9.969321870640348,4.411516890171597
5D8,13,14,18.5625,102.5625,18.4375,104.5625,312652,366221,9,2022-04-15T14:30:00Z,2022-04-15T21:30:00Z,1,211.65656504714676,93.43030185227411,30.17237094398146,-1.8205545362468818,8.157201000104633,5.0624539437430265
5D8,13,14,19.1875,104.4375,20.8125,104.4375,316367,365954,10,2022-04-15T14:30:00Z,2022-04-15T21:30:00Z,1,179.89456141914383,0,1.5823676384598618e-15,25.842024648438517,13.907095084926059,3.512035193743024
5D8,14,15,20.6875,104.4375,22.8125,104.4375,365955,415538,1,2022-04-17T13:30:00Z,2022-04-17T17:30:00Z,1,235.29489210370022,0,3.6211874803216025e-15,59.13847948392653,-4.918281413269044,3.063460803222658
5D8,14,15,19.4375,104.6875,19.9375,104.4375,366461,415561,2,2022-04-17T13:30:00Z,2022-04-17T17:30:00Z,1,61.24346090564069,334.7004886137858,-6.54055400687832,13.919724005468238,-5.397851335144042,5.234802209472657
5D8,14,15,19.9375,105.0625,21.9375,103.9375,367201,414553,3,2022-04-17T13:30:00Z,2022-04-17T17:30:00Z,1,250.44546380478127,332.3450318530408,-29.047271256662274,55.76010998044205,-5.362934147644043,2.908564123535158
5D8,14,15,19.1875,104.5625,19.1875,103.4375,366215,413583,4,2022-04-17T13:30:00Z,2022-04-17T17:30:00Z,1,118.319997997159,270.18487692190786,-29.56914880380955,0.09541141234734365,-3.1483575851440433,3.1387531860351574
5D8,14,15,20.5625,105.0625,21.4375,103.1875,367196,413069,5,2022-04-17T13:30:00Z,2022-04-17T17:30:00Z,1,217.68576854203755,296.7587572540613,-48.57173660410404,24.63409231550329,-7.2946277023315425,5.124789514160159
5D8,14,15,20.0625,105.1875,20.9375,103.8125,367448,414313,6,2022-04-17T13:30:00Z,2022-04-17T17:30:00Z,1,173.07689099451517,304.2741161049137,-35.74036468020654,24.50031253549732,-5.815913639831542,4.65938931884766
5D8,14,15,20.5625,104.4375,22.1875,103.8125,365956,414303,7,2022-04-17T13:30:00Z,2022-04-17T17:30:00Z,1,191.24147930649298,340.30143687170084,-16.107838174229112,45.25517822974999,-5.408108171081543,2.956482092285157
5D8,14,15,19.8125,105.0625,21.1875,103.9375,367202,414559,8,2022-04-17T13:30:00Z,2022-04-17T17:30:00Z,1,192.20704733040074,322.5668543364447,-29.194800768834416,38.36538298262619,-7.001073014831541,5.636110803222657
5D8,14,15,18.4375,104.5625,18.5625,102.9375,366221,412596,9,2022-04-17T13:30:00Z,2022-04-17T17:30:00Z,1,172.16029999708292,274.8670811040019,-42.870332468217136,3.6714382270423083,-9.406990983581542,2.871175451660157
5D8,14,15,20.8125,104.4375,23.0625,104.1875,365954,415040,10,2022-04-17T13:30:00Z,2022-04-17T17:30:00Z,1,250.47626876812978,354.1279944342415,-6.403056746106128,62.622347968545206,-4.199626139831544,3.6426670532226564
5D8,15,16,22.8125,104.4375,25.9375,107.0625,415538,470321,1,2022-04-19T13:30:00Z,2022-04-19T21:30:00Z,1,436.6990035386,37.041062670978704,32.861765398599964,43.7887130139756,11.796150891494753,14.526115201950075
5D8,15,16,19.9375,104.4375,23.8125,105.9375,415561,468106,2,2022-04-19T13:30:00Z,2022-04-19T21:30:00Z,1,456.20721195018115,19.590140031887984,19.109831726763172,54.01098542426557,8.660193176651005,10.361233366012577
5D8,15,16,21.9375,103.9375,26.1875,107.5625,414553,471311,3,2022-04-19T13:30:00Z,2022-04-19T21:30:00Z,1,597.8264654818237,37.34375518723323,45.3005435530278,59.70692902259192,11.161705383682252,13.633638199996948
5D8,15,16,19.1875,103.4375,23.8125,105.6875,413583,467610,4,2022-04-19T13:30:00Z,2022-04-19T21:30:00Z,1,562.6346257971269,24.074445056717195,28.673493068658885,64.555957168503,8.183506946182252,7.039052555465698
5D8,15,16,21.4375,103.1875,25.3125,105.4375,413069,467102,5,2022-04-19T13:30:00Z,2022-04-19T21:30:00Z,1,486.88460153806983,27.7529166514866,28.323085074789034,54.13533484232107,13.811971594619749,13.562078092575076
5D8,15,16,20.9375,103.8125,23.4375,105.3125,414313,466869,6,2022-04-19T13:30:00Z,2022-04-19T21:30:00Z,1,317.11022064969796,28.91564668358552,19.15608190662581,34.88035917506334,10.083098010635375,8.68012433280945
5D8,15,16,22.1875,103.8125,26.6875,107.3125,414303,470811,7,2022-04-19T13:30:00Z,2022-04-19T21:30:00Z,1,611.8000391199392,34.74343187013562,43.554114391944765,63.15201153938852,11.45806553993225,14.499057194137572
5D8,15,16,21.1875,103.9375,23.4375,105.0625,414559,466373,8,2022-04-19T13:30:00Z,2022-04-19T21:30:00Z,1,274.7917111405064,24.737805219728443,14.366296260924384,31.36130521832686,10.336751672744752,8.50026144218445
5D8,15,16,18.5625,102.9375,23.5625,105.3125,412596,466868,9,2022-04-19T13:30:00Z,2022-04-19T21:30:00Z,1,606.0779528963949,23.612886181593296,30.329942027089004,69.79216848973772,6.047770032119751,3.937278141403198
5D8,15,16,23.0625,104.1875,25.5625,105.4375,415040,467100,10,2022-04-19T13:30:00Z,2022-04-19T21:30:00Z,1,304.58508984323055,24.36273233096466,15.69586215364283,34.85670617301835,11.964664465713502,15.596534684371953
5D8,16,17,25.9375,107.0625,26.1875,106.5625,470321,518927,1,2022-04-20T12:30:00Z,2022-04-20T16:30:00Z,1,57.18707931164767,299.07799593049293,-12.486642143566248,6.981370042613635,1.845971960449218,21.16362735900879
5D8,16,17,23.8125,105.9375,26.3125,105.1875,468106,516198,2,2022-04-20T12:30:00Z,2022-04-20T16:30:00Z,1,287.0853008907463,344.87421198981315,-18.715651542302798,69.62576881085107,-0.9457542114257815,16.77793087463379
5D8,16,17,26.1875,107.5625,27.3125,107.5625,471311,520902,3,2022-04-20T12:30:00Z,2022-04-20T16:30:00Z,1,124.6495740101442,0,1.9170992542879087e-15,31.30860678560819,7.9388102416992155,28.703215640258783
5D8,16,17,23.8125,105.6875,25.6875,105.1875,467610,516203,4,2022-04-20T12:30:00Z,2022-04-20T16:30:00Z,1,213.7609179665209,346.4178797660529,-12.541956133931754,52.203652409492854,-1.6698428833007806,16.517226187133787
5D8,16,17,25.3125,105.4375,25.6875,106.0625,467102,517939,5,2022-04-20T12:30:00Z,2022-04-20T16:30:00Z,1,75.3268417110083,56.395993549707896,15.674736277414134,10.472923956487916,-2.087660852050782,23.64170353088379
5D8,16,17,23.4375,105.3125,26.4375,105.9375,466869,517685,6,2022-04-20T12:30:00Z,2022-04-20T16:30:00Z,1,338.25657736317277,10.625046604656802,15.581713799391707,83.52478226828114,-1.8480956176757815,19.38939337463379
5D8,16,17,26.6875,107.3125,26.4375,108.4375,470811,522645,7,2022-04-20T12:30:00Z,2022-04-20T16:30:00Z,1,115.46183571014224,103.62852975812592,28.034098806347384,-6.834212090530263,9.99131649169922,24.746182827758798
5D8,16,17,23.4375,105.0625,26.0625,105.5625,466373,516944,8,2022-04-20T12:30:00Z,2022-04-20T16:30:00Z,1,295.13408222824967,9.76355792099696,12.504346699353867,73.07588192397563,-3.080853039550781,16.027612124633787
5D8,16,17,23.5625,105.3125,25.9375,105.0625,466868,515953,9,2022-04-20T12:30:00Z,2022-04-20T16:30:00Z,1,264.2893903952594,354.5612489379622,-6.258442842224312,66.10157871232678,-2.155108117675781,15.526530093383787
5D8,16,17,25.5625,105.4375,26.6875,106.0625,467100,517931,10,2022-04-20T12:30:00Z,2022-04-20T16:30:00Z,1,139.43358977874647,26.497077584218175,15.54165101901878,31.345684037427958,-0.44978389892578113,23.550230484008786
5D8,17,18,26.1875,106.5625,30.1875,105.9375,518927,567255,1,2022-04-23T13:30:00Z,2022-04-23T19:30:00Z,1,447.5155926883991,352.26411682376954,-10.031315183394673,74.2382821186963,-0.5494103118896402,41.33138789978025
5D8,17,18,26.3125,105.1875,29.8125,105.5625,516198,566514,2,2022-04-23T13:30:00Z,2022-04-23T19:30:00Z,1,389.61919048799757,5.3418272775494415,6.040442497924639,64.94549274165689,1.9628348052978561,41.54898750915527
5D8,17,18,27.3125,107.5625,29.4375,104.0625,520902,563541,3,2022-04-23T13:30:00Z,2022-04-23T19:30:00Z,1,416.08170494983506,305.29047193756287,-56.55760137770498,40.23751498610335,2.9740328521728525,33.395589852905275
5D8,17,18,25.6875,105.1875,29.9375,105.5625,516203,566513,4,2022-04-23T13:30:00Z,2022-04-23T19:30:00Z,1,472.41704610604637,4.399345721394411,6.034658335613971,78.86030638331312,0.6604685943603544,41.65105489196778
5D8,17,18,25.6875,106.0625,29.5625,104.1875,517939,563788,5,2022-04-23T13:30:00Z,2022-04-23T19:30:00Z,1,467.5583572732749,337.1142654121746,-30.28057197508724,72.11869238061992,2.0304666412353516,32.76612305603027
5D8,17,18,26.4375,105.9375,29.5625,104.6875,517685,564780,6,2022-04-23T13:30:00Z,2022-04-23T19:30:00Z,1,367.48022675925387,340.744019821087,-20.182089163366072,58.080506708677774,4.895500625610353,36.264443563842775
5D8,17,18,26.4375,108.4375,30.1875,104.9375,522645,565271,7,2022-04-23T13:30:00Z,2022-04-23T19:30:00Z,1,538.9466577934471,321.2611469679147,-56.16221530216172,70.37217506537498,-2.736618905639642,36.778560946655276
5D8,17,18,26.0625,105.5625,30.6875,104.9375,516944,565267,8,2022-04-23T13:30:00Z,2022-04-23T19:30:00Z,1,516.2139122522697,353.3311402159143,-9.982742261531758,85.83401257665102,0.8828060943603552,33.18903575134278
5D8,17,18,25.9375,105.0625,28.8125,105.4375,515953,566274,9,2022-04-23T13:30:00Z,2022-04-23T19:30:00Z,1,320.72928436071714,6.556276338770147,6.098694184399722,53.34961902237866,-0.24157925720215068,39.199797079467785
5D8,17,18,26.6875,106.0625,30.8125,104.6875,517931,564770,10,2022-04-23T13:30:00Z,2022-04-23T19:30:00Z,1,476.48337951296566,343.9564383172958,-21.928283270576994,76.65597341312865,1.6968420318603554,31.63498184509278
5D8,18,19,30.1875,105.9375,30.9375,105.8125,567255,616601,1,2022-04-25T13:30:00Z,2022-04-25T17:30:00Z,1,84.0068258716821,351.8245686223156,-2.9838943542140157,20.87405347859949,2.8133293853759795,-3.7378797500610386
5D8,18,19,29.8125,105.5625,30.3125,106.0625,566514,617102,2,2022-04-25T13:30:00Z,2022-04-25T17:30:00Z,1,73.46137246887581,40.893362395092254,12.01267642272693,13.94112771412767,6.084646572875977,-4.333372132873538
5D8,18,19,29.4375,104.0625,30.6875,105.5625,563541,616107,3,2022-04-25T13:30:00Z,2022-04-25T17:30:00Z,1,200.29767562611332,45.85464686814612,35.90083626296304,35.021294301656305,2.28135555725098,-3.7905983047485337
5D8,18,19,29.9375,105.5625,31.8125,106.1875,566513,617338,4,2022-04-25T13:30:00Z,2022-04-25T17:30:00Z,1,216.29630270057945,15.881248796641046,14.78331467832949,52.22201299981859,-1.1448881927490242,-4.609615882873539
5D8,18,19,29.5625,104.1875,30.4375,104.4375,563788,613877,5,2022-04-25T13:30:00Z,2022-04-25T17:30:00Z,1,99.95014401120997,13.90303778260619,5.998834232510115,24.357653549858703,0.43191356506347545,-0.750857972717282
5D8,18,19,29.5625,104.6875,31.1875,105.1875,564780,615359,6,2022-04-25T13:30:00Z,2022-04-25T17:30:00Z,1,186.44556348181004,14.812052474371,11.90546894407503,45.24959992664353,1.236979385375977,-3.896339515686035
5D8,18,19,30.1875,104.9375,30.5625,106.3125,565271,617596,7,2022-04-25T13:30:00Z,2022-04-25T17:30:00Z,1,138.5496629819823,72.19262363317728,32.94938736269889,10.635758986983642,4.215158486938479,-2.7938069961547862
5D8,18,19,30.6875,104.9375,30.4375,104.8125,565267,614621,8,2022-04-25T13:30:00Z,2022-04-25T17:30:00Z,1,30.198686762358843,203.42940384399168,-2.999311810294803,-6.955802515368903,1.217508096313475,-1.2064583633422847
5D8,18,19,28.8125,105.4375,29.4375,106.1875,566274,617357,9,2022-04-25T13:30:00Z,2022-04-25T17:30:00Z,1,100.63009820873185,46.31484809137686,18.177854500493993,17.45138911031799,3.0527030181884776,-12.074921644592282
5D8,18,19,30.8125,104.6875,30.5625,105.3125,564770,615612,10,2022-04-25T13:30:00Z,2022-04-25T17:30:00Z,1,65.98667977679979,114.67635364203994,14.977225093887172,-6.915726690206319,4.807720596313478,-2.750657972717282
5D8,19,20,30.9375,105.8125,34.0625,105.9375,616601,666424,1,2022-04-26T13:30:00Z,2022-04-26T21:30:00Z,1,346.74804207437023,1.9080736513795955,1.4416531165187148,43.48500909712226,-1.1489508613586428,22.02316966323852
5D8,19,20,30.3125,106.0625,33.6875,105.6875,617102,665931,2,2022-04-26T13:30:00Z,2022-04-26T21:30:00Z,1,375.91623557158636,354.68974602608074,-4.344355463173225,46.97032672636743,-3.3896397285461433,15.808907846832273
5D8,19,20,30.6875,105.5625,34.4375,106.4375,616107,667413,3,2022-04-26T13:30:00Z,2022-04-26T21:30:00Z,1,423.8976454432566,10.943920780617987,10.04878181988391,52.22161199120589,-3.5830492012023925,17.290492417144772
5D8,19,20,31.8125,106.1875,33.8125,106.8125,617338,668162,4,2022-04-26T13:30:00Z,2022-04-26T21:30:00Z,1,229.39360114027812,14.614275800875077,7.227304859442356,27.851041990140498,-5.276345587921143,11.169493979644775
5D8,19,20,30.4375,104.4375,33.5625,104.3125,613877,663204,5,2022-04-26T13:30:00Z,2022-04-26T21:30:00Z,1,346.722804869257,358.0806494841868,-1.4501039603755739,43.48500223735951,1.2076727714538578,4.131385874176026
5D8,19,20,31.1875,105.1875,33.6875,106.1875,615359,666923,6,2022-04-26T13:30:00Z,2022-04-26T21:30:00Z,1,292.7468328126551,18.471049318881683,11.581778203331352,34.84093812776279,0.4422166191101072,21.336301792144774
5D8,19,20,30.5625,106.3125,34.0625,105.9375,617596,666424,7,2022-04-26T13:30:00Z,2022-04-26T21:30:00Z,1,389.72571331933625,354.9006090124574,-4.3254971738512245,48.709723083045255,-4.114316388702391,19.84585345230102
5D8,19,20,30.4375,104.8125,33.3125,104.6875,614621,663950,8,2022-04-26T13:30:00Z,2022-04-26T21:30:00Z,1,319.01283214500626,357.90802575055636,-1.454177241930628,40.006268480426236,0.29799161911010774,6.354010581207277
5D8,19,20,29.4375,106.1875,34.5625,106.8125,617357,668156,9,2022-04-26T13:30:00Z,2022-04-26T21:30:00Z,1,571.3526306762715,5.769177407551467,7.171431289427326,71.33428874630228,-9.458250080108645,10.707125131988523
5D8,19,20,30.5625,105.3125,33.8125,107.3125,615612,669154,10,2022-04-26T13:30:00Z,2022-04-26T21:30:00Z,1,406.7328284593846,27.096463443796438,23.13388363760472,45.43544419796033,-6.613012580108642,12.715004917144773
5D8,20,21,34.0625,105.9375,34.4375,105.8125,666424,715773,1,2022-04-27T15:30:00Z,2022-04-27T17:30:00Z,1,43.16172277564772,344.56312668373124,-5.738166537577184,20.875921691088262,1.8013255554199237,-32.163130920410154
5D8,20,21,33.6875,105.6875,32.9375,105.1875,665931,714545,2,2022-04-27T15:30:00Z,2022-04-27T17:30:00Z,1,95.32681676882079,209.37543038642727,-23.35719283439001,-41.68865025055067,5.651887664794925,-44.224691857910166
5D8,20,21,34.4375,106.4375,34.8125,106.3125,667413,716762,3,2022-04-27T15:30:00Z,2022-04-27T17:30:00Z,1,43.15052372127185,344.63004622855436,-5.712292395790097,20.87593949219835,-3.405831866455077,-18.821492248535154
5D8,20,21,33.8125,106.8125,33.5625,106.8125,668162,717764,4,2022-04-27T15:30:00Z,2022-04-27T17:30:00Z,1,27.72918874708139,180,-2.5561323390505806e-15,-13.914936349159392,-4.770302178955083,-46.47176334228516
5D8,20,21,33.5625,104.3125,33.3125,105.0625,663204,714294,5,2022-04-27T15:30:00Z,2022-04-27T17:30:00Z,1,75.05162429434115,111.47488881400102,34.88542594595811,-13.788982877458993,4.702714617919923,-7.233007873535156
5D8,20,21,33.6875,106.1875,32.4375,105.3125,666923,714797,6,2022-04-27T15:30:00Z,2022-04-27T17:30:00Z,1,160.9202964605449,210.75604809212135,-41.106389291654786,-69.40247972914247,-1.197949053955081,-63.74706295166015
5D8,20,21,34.0625,105.9375,33.0625,106.3125,666424,716776,7,2022-04-27T15:30:00Z,2022-04-27T17:30:00Z,1,116.25167723634169,162.466734068312,17.493510410362354,-55.627957118059776,-3.060924444580083,-58.42174185791016
5D8,20,21,33.3125,104.6875,32.5625,104.0625,663950,712316,8,2022-04-27T15:30:00Z,2022-04-27T17:30:00Z,1,101.65978341495637,215.2663489477511,-29.31960469119563,-41.657565902968386,4.958715399169922,-9.558572717285154
5D8,20,21,34.5625,106.8125,33.5625,105.6875,668156,715532,9,2022-04-27T15:30:00Z,2022-04-27T17:30:00Z,1,151.95224620918754,223.4318504213653,-52.17947280995511,-55.37157677374392,-5.54654514770508,-44.14123092041015
5D8,20,21,33.8125,107.3125,34.1875,107.1875,669154,718503,10,2022-04-27T15:30:00Z,2022-04-27T17:30:00Z,1,43.16915493179055,344.51888556207234,-5.755279475725639,20.875909487107617,-7.352458428955076,-27.540671154785155
5D8,21,22,34.4375,105.8125,34.4375,105.3125,715773,764381,1,2022-05-01T12:30:00Z,2022-05-01T17:30:00Z,1,45.95418637543614,270.1413773425556,-9.180965953279633,0.02265408007700735,11.031940524902346,-11.302415068359377
5D8,21,22,32.9375,105.1875,34.6875,105.3125,714545,764379,2,2022-05-01T12:30:00Z,2022-05-01T17:30:00Z,1,194.4529700458819,3.377479758330253,2.2887172608471475,38.963200574811985,8.088525681152344,-5.384628193359375
5D8,21,22,34.8125,106.3125,34.0625,106.5625,716762,766864,3,2022-05-01T12:30:00Z,2022-05-01T17:30:00Z,1,86.31218456728018,164.49037471203098,4.611131120286051,-16.69221650980392,4.286680993652343,-6.820316630859377
5D8,21,22,33.5625,106.8125,34.3125,106.8125,717764,767358,4,2022-05-01T12:30:00Z,2022-05-01T17:30:00Z,1,83.19094778796679,0,1.0224529356202237e-15,16.69792361899113,2.074510524902343,-8.7654064746093745
5D8,21,22,33.3125,105.0625,34.6875,105.5625,714294,764875,5,2022-05-01T12:30:00Z,2022-05-01T17:30:00Z,1,159.3591074542898,16.710366317704825,9.154290268666482,30.635064111159828,10.320740837402345,-7.737689443359378
5D8,21,22,32.4375,105.3125,32.4375,104.6875,714797,763157,6,2022-05-01T12:30:00Z,2022-05-01T17:30:00Z,1,58.775978974688755,270.1676197181929,-11.74381987970703,0.0343568295017877,3.9300714624023443,-5.097255380859377
5D8,21,22,33.0625,106.3125,33.3125,107.4375,716776,768606,7,2022-05-01T12:30:00Z,2022-05-01T17:30:00Z,1,108.5133644983265,74.88846229104632,20.93103406996363,5.678334401919903,6.999608649902344,-9.230107412109376
5D8,21,22,32.5625,104.0625,33.6875,104.4375,712316,762651,8,2022-05-01T12:30:00Z,2022-05-01T17:30:00Z,1,129.5845384135454,15.56554635446588,6.947395240080886,25.059247462881903,1.7163077124023436,-0.9095061621093751
5D8,21,22,33.5625,105.6875,33.4375,104.6875,715532,763149,9,2022-05-01T12:30:00Z,2022-05-01T17:30:00Z,1,93.95073034979877,261.7901773891563,-18.578669776922517,-2.6934505647725624,6.721737868652345,-9.439893193359376
5D8,21,22,34.1875,107.1875,35.8125,105.3125,718503,764370,10,2022-05-01T12:30:00Z,2022-05-01T17:30:00Z,1,248.5803251128201,317.01970041121206,-33.854926122680304,36.49446113630205,2.6753533374023433,-9.316075693359377
5D8,22,23,34.4375,105.3125,36.8125,103.6875,764381,810738,1,2022-05-02T12:30:00Z,2022-05-02T21:30:00Z,1,301.82704076524726,331.28080975716017,-16.09543154297348,29.50766166597028,7.483749938964841,14.572445385742189
5D8,22,23,34.6875,105.3125,36.3125,102.5625,764379,808510,2,2022-05-02T12:30:00Z,2022-05-02T21:30:00Z,1,307.80559468285503,306.6444718978171,-27.40880776547765,20.478872787215206,2.994758532714844,11.771011010742189
5D8,22,23,34.0625,106.5625,36.1875,103.0625,766864,809503,3,2022-05-02T12:30:00Z,2022-05-02T21:30:00Z,1,396.6299358197282,307.46118433207033,-34.94043715229924,26.892622315725557,5.100141345214843,10.218421166992188
5D8,22,23,34.3125,106.8125,35.5625,104.6875,767358,812732,4,2022-05-02T12:30:00Z,2022-05-02T21:30:00Z,1,238.56604946821724,306.14389185593785,-21.38144986805069,15.686957746793889,6.994281188964844,12.862841479492188
5D8,22,23,34.6875,105.5625,35.9375,102.9375,764875,809257,5,2022-05-02T12:30:00Z,2022-05-02T21:30:00Z,1,276.0610018936827,300.90846820361986,-26.287126938524583,15.807397636208172,2.9770022827148432,12.698329760742189
5D8,22,23,32.4375,104.6875,35.8125,102.4375,763157,808266,6,2022-05-02T12:30:00Z,2022-05-02T21:30:00Z,1,428.02314130952664,331.61979820910005,-22.57947848187427,41.98999158114968,2.711574938964843,2.902237573242188
5D8,22,23,33.3125,107.4375,36.3125,102.5625,768606,808510,7,2022-05-02T12:30:00Z,2022-05-02T21:30:00Z,1,556.387453117401,308.10112767157335,-48.59118675270735,38.2726709520516,6.049729626464843,7.355145385742186
5D8,22,23,33.6875,104.4375,36.4375,102.8125,762651,809005,8,2022-05-02T12:30:00Z,2022-05-02T21:30:00Z,1,339.17719376499645,334.55011776249836,-16.175528143353198,34.14458135021235,4.579815563964843,4.758571948242188
5D8,22,23,33.4375,104.6875,35.5625,104.0625,763149,811492,9,2022-05-02T12:30:00Z,2022-05-02T21:30:00Z,1,242.61532970092424,346.4909994410251,-6.290037728872528,26.303026805089708,3.9722757202148444,3.3998352294921874
5D8,22,23,35.8125,105.3125,36.0625,103.0625,764370,809504,10,2022-05-02T12:30:00Z,2022-05-02T21:30:00Z,1,204.9096259056158,278.4393945367491,-22.495062190948577,3.3512101558379697,3.5572679077148432,18.36196804199218
5D8,23,24,36.8125,103.6875,37.00182899,101.751121,810738,856616,1,2022-05-03T13:30:00Z,2022-05-03T18:30:00Z,1,173.84087416432698,277.52258818366226,-33.309420803143524,5.893215915624297,3.2566424194335957,1.140436691894532
5D8,23,24,36.3125,102.5625,37.00182899,101.751121,808510,856616,2,2022-05-03T13:30:00Z,2022-05-03T18:30:00Z,1,105.42385628075496,316.75991376156895,-13.324829680150886,16.749876274718847,4.0992589819335965,-3.0760717456054683
5D8,23,24,36.1875,103.0625,37.00182899,101.751121,809503,856616,3,2022-05-03T13:30:00Z,2022-05-03T18:30:00Z,1,148.1046654242853,307.98902575524534,-13.324829680150886,16.749876274718847,4.0992589819335965,-3.0760717456054683
5D8,23,24,35.5625,104.6875,37.00182899,101.751121,812732,856616,4,2022-05-03T13:30:00Z,2022-05-03T18:30:00Z,1,308.3642992822477,302.0542109137797,-22.207877820210527,19.624943706523513,6.234123669433599,0.5230402075195308
5D8,23,24,35.9375,102.9375,37.00182899,101.751121,809257,856616,5,2022-05-03T13:30:00Z,2022-05-03T18:30:00Z,1,158.9158034877946,318.35463336159495,-51.07589035909825,34.15038194462037,7.429672419433596,11.812139582519528
5D8,23,24,35.8125,102.4375,37.00182899,101.751121,808266,856616,6,2022-05-03T13:30:00Z,2022-05-03T18:30:00Z,1,145.62862686906593,335.19397473913676,-19.98770732054937,25.163096240836854,6.062132263183596,-0.610306589355469
5D8,23,24,36.3125,102.5625,37.00182899,101.751121,808510,856616,7,2022-05-03T13:30:00Z,2022-05-03T18:30:00Z,1,105.42385628075496,316.75991376156895,-11.104624009969106,27.865669697860152,4.438373356933597,-0.6750981518554693
5D8,23,24,36.4375,102.8125,37.00182899,101.751121,809005,856616,8,2022-05-03T13:30:00Z,2022-05-03T18:30:00Z,1,113.63355602437004,303.75944053165006,-17.766142732507227,14.007476866962573,4.285537888183597,-3.002172604980469
5D8,23,24,35.5625,104.0625,37.00182899,101.751121,811492,856616,9,2022-05-03T13:30:00Z,2022-05-03T18:30:00Z,1,261.95848594924246,308.24422563587865,-39.97471704713121,33.85797058558239,6.418255231933595,6.429803488769532
5D8,23,24,36.0625,103.0625,37.00182899,101.751121,809504,856616,10,2022-05-03T13:30:00Z,2022-05-03T18:30:00Z,1,157.02280035341565,311.98028080768256,-22.20814390791649,22.407649800425084,6.025135231933597,1.4027719262695306
5E5,1,2,37.044269,101.725552,32.1875,105.4375,13168,70247,1,2021-10-26T13:30:00Z,2021-10-26T22:30:00Z,1,637.1784212377056,146.64072136006791,39.29279369236479,-59.551943595234,-1.2026868811374238,0.2424693981340194
5E5,1,2,37.044269,101.725552,31.8125,105.4375,13168,70250,2,2021-10-26T13:30:00Z,2021-10-26T22:30:00Z,1,673.0730974799195,148.48067473535144,39.461515005038756,-64.18930466652454,-1.6522386009724934,-0.48794122339375867
5E5,1,2,37.044269,101.725552,33.3125,107.1875,13168,73710,3,2021-10-26T13:30:00Z,2021-10-26T22:30:00Z,1,647.04152068962685,128.1642829280787,56.86217371577111,-44.78458654559404,-2.0598005710245775,2.318132711285061
5E5,1,2,37.044269,101.725552,34.5625,108.4375,13168,76180,4,2021-10-26T13:30:00Z,2021-10-26T22:30:00Z,1,666.0226924369949,112.42147021842095,68.72161542320066,-28.526617089805036,-1.583288564080131,3.9338949176652718
5E5,1,2,37.044269,101.725552,34.8125,108.8125,13168,76922,5,2021-10-26T13:30:00Z,2021-10-26T22:30:00Z,1,685.6011012785016,109.05866045951353,72.30944524412638,-25.16373828974208,-1.6512604247572142,5.159982040495128
5E5,1,2,37.044269,101.725552,32.5625,106.9375,13168,73220,6,2021-10-26T13:30:00Z,2021-10-26T22:30:00Z,1,688.7119027464895,134.67593237422352,54.759945435171616,-54.19913570441942,-0.8521524848700628,0.4658608213111038
5E5,1,2,37.044269,101.725552,34.0625,108.3125,13168,75936,7,2021-10-26T13:30:00Z,2021-10-26T22:30:00Z,1,682.4953208235231,117.03707384047425,67.86397010040648,-34.79395807042406,-1.7189311356947143,4.539689538759019
5E5,1,2,37.044269,101.725552,31.9375,105.5625,13168,70497,8,2021-10-26T13:30:00Z,2021-10-26T22:30:00Z,1,667.017913215735,147.00836502228765,40.71827119801885,-62.59289332819361,-1.4413491886461043,-0.21104640091111937
5E5,1,2,37.044269,101.725552,31.9375,106.1875,13168,71737,9,2021-10-26T13:30:00Z,2021-10-26T22:30:00Z,1,698.9911091181962,142.82890080088987,47.28168898322215,-62.31488379465913,-1.5781628149481877,-0.8849045786454939
5E5,1,2,37.044269,101.725552,32.3125,106.3125,13168,71982,10,2021-10-26T13:30:00Z,2021-10-26T22:30:00Z,1,672.2881129735971,139.98226482615723,48.38560945984584,-57.61745514145025,-1.6423978676825635,0.35435669566006195
5E5,2,3,32.1875,105.4375,31.3125,112.0625,70247,132998,1,2021-10-29T13:30:00Z,2021-10-29T21:30:00Z,1,635.0548331204374,97.03210799129664,78.71347735790386,-9.768355669667686,-0.1381944116344424,2.8814661778430937
5E5,2,3,31.8125,105.4375,30.6875,111.4375,70250,131763,2,2021-10-29T13:30:00Z,2021-10-29T21:30:00Z,1,584.8904902925783,100.74294135415619,71.76728926409396,-13.692563653555029,-4.134519029066082,1.1203336988391874
5E5,2,3,33.3125,107.1875,31.6875,112.0625,73710,132995,3,2021-10-29T13:30:00Z,2021-10-29T21:30:00Z,1,492.23514445845643,110.14908420520771,57.710426684157596,-21.28199480923115,7.757878256700517,1.404142152452469
5E5,2,3,34.5625,108.4375,32.0625,113.0625,76180,134976,4,2021-10-29T13:30:00Z,2021-10-29T21:30:00Z,1,512.1311326347643,121.48603931945979,54.539660375564075,-33.564263374278056,8.994998019762038,2.451902883409503
5E5,2,3,34.8125,108.8125,31.6875,112.6875,76922,134235,5,2021-10-29T13:30:00Z,2021-10-29T21:30:00Z,1,500.4337998712629,132.74754001050684,45.89445965215399,-42.6210194028969,8.506228926134108,1.9932054900989553
5E5,2,3,32.5625,106.9375,31.1875,111.6875,73220,132255,6,2021-10-29T13:30:00Z,2021-10-29T21:30:00Z,1,474.55066579914194,107.4732042393706,56.53092971660434,-17.886918322886864,1.763606707750322,1.0014197776966107
5E5,2,3,34.0625,108.3125,30.4375,111.5625,75936,132013,7,2021-10-29T13:30:00Z,2021-10-29T21:30:00Z,1,505.2842450800419,141.81682430074466,39.01099607433455,-49.84112085736674,6.372504594713212,1.5990909146595
5E5,2,3,31.9375,105.5625,31.6875,111.8125,70497,132499,8,2021-10-29T13:30:00Z,2021-10-29T21:30:00Z,1,592.3472062569577,91.03078110274123,73.9630149420649,-1.3476097713363615,-0.8209836220836608,2.7715481385364535
5E5,2,3,31.9375,106.1875,30.6875,111.4375,71737,131763,9,2021-10-29T13:30:00Z,2021-10-29T21:30:00Z,1,518.5508240728186,104.12426832531287,62.804496310664774,-15.888261546510693,-3.3422055958385446,-1.018979873426438
5E5,2,3,32.3125,106.3125,31.6875,111.9375,71982,132747,10,2021-10-29T13:30:00Z,2021-10-29T21:30:00Z,1,535.9579413988374,95.93152062322957,66.57449531997864,-6.958634947362571,0.4006502916126268,2.143088623399735
5E5,3,11,31.3125,112.0625,16.3125,100.8125,132998,160398,1,2021-11-22T10:30:00Z,2022-03-12T21:30:00Z,8,2015.3843820787233,217.06467353420982,-25.83960740741329,-34.39567777999477,-1.8643816359499668,-1.8529713407475894
5E5,3,11,30.6875,111.4375,13.6875,101.5625,131763,161907,2,2021-11-22T10:30:00Z,2022-03-12T21:30:00Z,8,2137.591576135385,210.44729038058398,-23.04474086225209,-39.41893896518655,-6.325728461082945,-5.400162165215674
5E5,3,11,31.6875,112.0625,14.4375,99.6875,132995,158181,3,2021-11-22T10:30:00Z,2022-03-12T21:30:00Z,8,2288.7122548084076,216.2374805510767,-28.78230691801503,-39.48596309850529,-3.631768604035073,-1.4790621818380156
5E5,3,11,32.0625,113.0625,14.0625,102.9375,134976,164632,4,2021-11-22T10:30:00Z,2022-03-12T21:30:00Z,8,2244.2203162888763,209.66479626755918,-23.629875830200437,-41.70894327362903,-9.304266941801032,-8.312090772263549
5E5,3,11,31.6875,112.6875,15.1875,100.0625,134235,158919,5,2021-11-22T10:30:00Z,2022-03-12T21:30:00Z,8,2232.7054471374645,217.96906863591443,-29.22195802593684,-37.648094607844975,-2.395596313476563,-2.2836167031146117
5E5,3,11,31.1875,111.6875,14.3125,103.4375,132255,165622,6,2021-11-22T10:30:00Z,2022-03-12T21:30:00Z,8,2049.9897534718607,206.11978032304003,-19.199908899700915,-39.36842875673267,-8.921624820790392,-8.706925379976314
5E5,3,11,30.4375,111.5625,15.3125,100.3125,132013,159414,7,2021-11-22T10:30:00Z,2022-03-12T21:30:00Z,8,2031.2457130397952,216.9498333852714,-25.974655290629112,-34.722747963805965,-3.122021679168052,-1.3277594059071636
5E5,3,11,31.6875,111.8125,15.0625,100.8125,132499,160408,8,2021-11-22T10:30:00Z,2022-03-12T21:30:00Z,8,2154.209482353723,213.79363470503932,-25.4894087485812,-38.29042382408734,-3.052924687811669,-1.6203416864922706
5E5,3,11,30.6875,111.4375,15.1875,101.0625,131763,160903,9,2021-11-22T10:30:00Z,2022-03-12T21:30:00Z,8,2016.932514047743,213.98892826300474,-23.986172877813072,-35.77023592873166,-2.9563759012425206,-2.8831616665454622
5E5,3,11,31.6875,111.9375,14.9375,100.6875,132747,160161,10,2021-11-22T10:30:00Z,2022-03-12T21:30:00Z,8,2179.5020694282684,214.24033780844883,-26.088433524267383,-38.53717603588082,-3.2022078493808177,-1.8799182323699302
5E5,11,12,16.3125,100.8125,18.5625,100.0625,160398,208492,1,2022-04-13T13:30:00Z,2022-04-13T23:30:00Z,1,261.45121522901087,342.36823665068425,-7.91663775462657,25.062090050530543,8.33336656677246,10.166666072387693
5E5,11,12,13.6875,101.5625,18.0625,100.9375,161907,210232,2,2022-04-13T13:30:00Z,2022-04-13T23:30:00Z,1,488.7310866036018,352.21151519636356,-6.621018580649354,48.71171577057554,8.413079496459961,7.942834275512693
5E5,11,12,14.4375,99.6875,18.3125,101.0625,158181,210478,3,2022-04-13T13:30:00Z,2022-04-13T23:30:00Z,1,453.2695516438824,18.71944067415609,14.542238179380519,43.18362131135055,4.9597309808349594,6.557139431762693
5E5,11,12,14.0625,102.9375,18.3125,102.0625,164632,212462,4,2022-04-13T13:30:00Z,2022-04-13T23:30:00Z,1,479.52145847853757,348.86737477952414,-9.255626401017446,47.3296521184607,6.682721918334962,5.782167713012694
5E5,11,12,15.1875,100.0625,18.0625,104.4375,158919,217176,5,2022-04-13T13:30:00Z,2022-04-13T23:30:00Z,1,564.8505750427623,55.11131974756677,46.317918193662074,32.49642410108803,7.446441176147464,9.285153338012694
5E5,11,12,14.3125,103.4375,18.5625,102.6875,165622,213700,6,2022-04-13T13:30:00Z,2022-04-13T23:30:00Z,1,477.0886505214604,350.43877413909905,-7.921867893104271,47.32484393020062,6.553871098022461,8.057144119262695
5E5,11,12,15.3125,100.3125,18.4375,100.3125,159414,208989,7,2022-04-13T13:30:00Z,2022-04-13T23:30:00Z,1,345.83792082018874,0,2.1301102825421206e-15,34.787340872897985,4.326211840209961,10.695463181762696
5E5,11,12,15.0625,100.8125,16.8125,104.0625,160408,216442,8,2022-04-13T13:30:00Z,2022-04-13T23:30:00Z,1,398.20819029895813,60.464366667100876,34.63640510828298,19.745925432381654,7.054965082397461,7.532838572387697
5E5,11,12,15.1875,101.0625,18.8125,100.6875,160903,209730,9,2022-04-13T13:30:00Z,2022-04-13T23:30:00Z,1,403.15880916475913,354.3695388489528,-3.9541106857488275,40.35696880800217,9.362784457397458,12.018523650512694
5E5,11,12,14.9375,100.6875,18.6875,101.9375,160161,212211,10,2022-04-13T13:30:00Z,2022-04-13T23:30:00Z,1,435.8581203279084,17.622220735397434,13.190671495330186,41.784933916285624,9.180402973022462,9.280642791137694
5E5,12,13,18.5625,100.0625,22.0625,105.1875,208492,268232,1,2022-04-14T13:30:00Z,2022-04-14T23:30:00Z,1,660.6698053792775,53.23029754573088,52.89801897488143,39.76117469096999,14.771971104125976,14.681783479614259
5E5,12,13,18.0625,100.9375,22.4375,104.5625,210232,266989,2,2022-04-14T13:30:00Z,2022-04-14T23:30:00Z,1,614.7638213540631,37.412244888246676,37.33170318483955,49.09716059401601,14.374055088500976,14.462906995239262
5E5,12,13,18.3125,101.0625,22.1875,103.3125,210478,264511,3,2022-04-14T13:30:00Z,2022-04-14T23:30:00Z,1,489.14995813596846,28.3401465149895,23.209212312176746,43.28926343070317,17.305590635375978,19.378004573364265
5E5,12,13,18.3125,102.0625,21.5625,104.9375,212462,267740,4,2022-04-14T13:30:00Z,2022-04-14T23:30:00Z,1,469.0406277579523,39.433284016380355,29.779112083319394,36.42704997200883,13.928117041625978,10.364613557739256
5E5,12,13,18.0625,104.4375,20.9375,103.9375,217176,265761,5,2022-04-14T13:30:00Z,2022-04-14T23:30:00Z,1,322.5553663009136,350.7175928359407,-5.200632407676032,32.011750318894045,15.372256338500975,9.767919885864258
5E5,12,13,18.5625,102.6875,21.9375,104.6875,213700,267241,6,2022-04-14T13:30:00Z,2022-04-14T23:30:00Z,1,428.0798941521266,28.876304635212705,20.663256660840577,37.691861422390815,14.412056182250979,8.54227035461426
5E5,12,13,18.4375,100.3125,21.5625,104.9375,208989,267740,7,2022-04-14T13:30:00Z,2022-04-14T23:30:00Z,1,594.8408546350762,53.6698392797818,47.89983314744062,35.432484112050545,15.450052197875982,14.780853088989264
5E5,12,13,16.8125,104.0625,22.9375,106.3125,216442,270457,8,2022-04-14T13:30:00Z,2022-04-14T23:30:00Z,1,717.7860795080642,18.791111100369676,23.109743971536982,68.32994298102172,13.55370227600098,10.36684949523926
5E5,12,13,18.8125,100.6875,21.9375,104.8125,209730,267489,9,2022-04-14T13:30:00Z,2022-04-14T23:30:00Z,1,552.3287281896731,50.519202383788524,42.61101810535715,35.308608180715794,16.04723665100098,13.85413222961426
5E5,12,13,18.6875,101.9375,23.0625,103.8125,212211,265496,10,2022-04-14T13:30:00Z,2022-04-14T23:30:00Z,1,522.1734906420339,21.611522786645253,19.222479982980023,48.81065006989743,15.66201485412598,13.496441292114259
5E5,13,14,22.0625,105.1875,22.6875,104.9375,268232,317331,1,2022-04-15T13:30:00Z,2022-04-15T15:30:00Z,1,73.84357734791298,339.64143288047836,-12.838478716331482,34.79795603645291,12.602314489746092,17.212800874328614
5E5,13,14,22.4375,104.5625,22.8125,104.6875,266989,316834,2,2022-04-15T13:30:00Z,2022-04-15T15:30:00Z,1,43.46986344261483,17.170544547994552,6.413290216599314,20.875088762233574,12.409083435058596,11.364490132141112
5E5,13,14,22.1875,103.3125,22.5625,104.3125,264511,316092,3,2022-04-15T13:30:00Z,2022-04-15T15:30:00Z,1,111.04465571247421,67.85051983515245,51.39962300794397,21.04270346277906,8.276905700683594,9.213191304016112
5E5,13,14,21.5625,104.9375,21.3125,104.6875,267740,316846,4,2022-04-15T13:30:00Z,2022-04-15T15:30:00Z,1,37.91916857558147,223.1600646926627,-12.963356713119044,-13.904580628434635,11.759805505371089,9.62228700714111
5E5,13,14,20.9375,103.9375,20.6875,104.6875,265761,316851,5,2022-04-15T13:30:00Z,2022-04-15T15:30:00Z,1,82.83569402915988,109.38664657337335,39.05313383175523,-13.823942994413507,13.259922692871093,6.380135444641114
5E5,13,14,21.9375,104.6875,23.0625,105.1875,267241,317824,6,2022-04-15T13:30:00Z,2022-04-15T15:30:00Z,1,134.78414841213623,22.344178961185207,25.607253726461977,62.659634980185615,13.085568786621094,15.358076655578609
5E5,13,14,21.5625,104.9375,21.5625,104.6875,267740,316844,7,2022-04-15T13:30:00Z,2022-04-15T15:30:00Z,1,25.89396743107574,270.04593955548273,-12.941124924811453,0.01037615081225707,11.34150589599609,9.731949897766112
5E5,13,14,22.9375,106.3125,24.0625,105.8125,270457,319056,8,2022-04-15T13:30:00Z,2022-04-15T15:30:00Z,1,134.6550015176015,337.81089986607503,-25.413072686540247,62.66109725638981,8.89294866943359,21.503062202453606
5E5,13,14,21.9375,104.8125,23.3125,105.5625,267489,318566,9,2022-04-15T13:30:00Z,2022-04-15T15:30:00Z,1,170.67302275714152,26.71282300062103,38.34028351614152,76.62776200631697,15.429186364746094,16.85619345245361
5E5,13,14,23.0625,103.8125,23.3125,104.0625,265496,315590,10,2022-04-15T13:30:00Z,2022-04-15T15:30:00Z,1,37.70488429442055,42.70287081372737,12.778956110338456,13.925894995118709,15.182101208496096,8.04122606964111
5E5,14,15,22.6875,104.9375,24.6875,106.3125,317331,369643,1,2022-04-20T13:30:00Z,2022-04-20T22:30:00Z,1,262.1656578548361,32.06566443314796,15.455578856314808,24.811189574819476,14.428368005371087,12.204521838378906
5E5,14,15,22.8125,104.6875,25.9375,107.4375,316834,371865,2,2022-04-20T13:30:00Z,2022-04-20T22:30:00Z,1,444.5429955207857,38.31127242220498,30.601254258036782,38.94969860068973,14.727197692871096,11.989958557128904
5E5,14,15,22.5625,104.3125,28.0625,106.6875,316092,370360,3,2022-04-20T13:30:00Z,2022-04-20T22:30:00Z,1,654.4752280595748,20.932149137194187,25.960879130803956,68.25096762943718,16.302421911621096,16.964373400878905
5E5,14,15,21.3125,104.6875,23.8125,105.9375,316846,368906,4,2022-04-20T13:30:00Z,2022-04-20T22:30:00Z,1,305.2334829288727,24.67211054619611,14.149190792985792,30.980271616656523,21.28673675537109,12.827176525878906
5E5,14,15,20.6875,104.6875,24.3125,106.0625,316851,369150,5,2022-04-20T13:30:00Z,2022-04-20T22:30:00Z,1,425.61407420681667,19.155695321570136,15.508966370242852,44.90643470845275,19.933947692871094,12.205580432128905
5E5,14,15,23.0625,105.1875,28.0625,106.5625,317824,370112,6,2022-04-20T13:30:00Z,2022-04-20T22:30:00Z,1,570.8632042525427,13.71401122397674,15.026494771687005,61.91962515979492,14.93161331787109,16.434171057128903
5E5,14,15,21.5625,104.6875,24.6875,106.5625,316844,370139,7,2022-04-20T13:30:00Z,2022-04-20T22:30:00Z,1,395.7797093790013,28.664190183903372,21.08170608616622,38.78522070657047,17.944957849121096,13.255710900878904
5E5,14,15,24.0625,105.8125,26.0625,108.4375,319056,373848,8,2022-04-20T13:30:00Z,2022-04-20T22:30:00Z,1,345.28269039511844,49.53867737739262,29.17075940493233,25.01727243959032,9.418363317871094,7.981165588378905
5E5,14,15,23.3125,105.5625,25.6875,105.1875,318566,367403,9,2022-04-20T13:30:00Z,2022-04-20T22:30:00Z,1,265.79918748456123,351.85598056954143,-4.1811073105062295,29.38156524722137,13.993526599121093,11.118812463378905
5E5,14,15,23.3125,104.0625,28.3125,106.3125,315590,369614,10,2022-04-20T13:30:00Z,2022-04-20T22:30:00Z,1,598.0675752373313,21.680093696031122,24.530619947823656,62.04767578931612,17.5282820678711,17.553656994628906
5E5,15,16,24.6875,106.3125,29.1875,105.0625,369643,416727,1,2022-04-21T12:30:00Z,2022-04-21T20:30:00Z,1,513.8197413885289,346.2990251592945,-15.200544760156546,62.69041693627086,15.59162233657837,20.177707612609865
5E5,15,16,25.9375,107.4375,30.1875,105.3125,371865,417215,2,2022-04-21T12:30:00Z,2022-04-21T20:30:00Z,1,515.1991536835993,336.57419287736104,-25.581346315823147,59.356547496775846,13.776217746734613,33.49361850128173
5E5,15,16,28.0625,106.6875,29.0625,104.6875,370360,415984,3,2022-04-21T12:30:00Z,2022-04-21T20:30:00Z,1,224.89086552433062,299.99996875751805,-24.32592840884977,14.116867800870727,12.676172531890868,12.821550141906732
5E5,15,16,23.8125,105.9375,28.6875,105.6875,368906,417971,4,2022-04-21T12:30:00Z,2022-04-21T20:30:00Z,1,540.6887828659587,357.4069263305654,-3.055405978469262,67.83817905861969,14.903169358062744,20.50529706573486
5E5,15,16,24.3125,106.0625,28.9375,105.5625,369150,417721,5,2022-04-21T12:30:00Z,2022-04-21T20:30:00Z,1,514.8517947248307,354.5609341323134,-6.095416449266251,64.36818317237193,13.832537180328371,21.896156538391114
5E5,15,16,28.0625,106.5625,29.4375,104.9375,370112,416477,6,2022-04-21T12:30:00Z,2022-04-21T20:30:00Z,1,220.02822461147466,314.223724553033,-19.693697737042235,19.26639726069855,11.257909201812742,18.480237739562984
5E5,15,16,24.6875,106.5625,28.8125,105.5625,370139,417722,7,2022-04-21T12:30:00Z,2022-04-21T20:30:00Z,1,467.74102733892937,347.9438500283234,-12.202702170690737,57.445913415103725,13.508879514312744,26.663286909484857
5E5,15,16,26.0625,108.4375,29.0625,105.3125,373848,417224,8,2022-04-21T12:30:00Z,2022-04-21T20:30:00Z,1,453.5553448083296,317.8414622990784,-38.02242988362836,42.21675118694503,14.32863801040649,32.13548070831299
5E5,15,16,25.6875,105.1875,28.9375,105.1875,367403,416977,9,2022-04-21T12:30:00Z,2022-04-21T20:30:00Z,1,360.1280499674278,0,2.7691433673047554e-15,45.22354313476736,13.044064670562745,15.802182270812988
5E5,15,16,28.3125,106.3125,29.1875,105.0625,369614,416727,10,2022-04-21T12:30:00Z,2022-04-21T20:30:00Z,1,155.91693247277118,308.7597146363081,-15.185481394809935,12.25487837282301,11.56065285415649,16.759090132141115
5E5,16,17,29.1875,105.0625,32.8125,105.4375,416727,467042,1,2022-04-26T12:30:00Z,2022-04-26T21:30:00Z,1,403.4939106487062,4.996484893897616,3.900856522245327,44.84347759789008,-0.6866628601074227,5.86176420288086
5E5,16,17,30.1875,105.3125,32.9375,105.3125,417215,466793,2,2022-04-26T12:30:00Z,2022-04-26T21:30:00Z,1,304.91802181482257,0,2.0827744984856293e-15,34.01428885350026,0.3121621398925785,10.176799359130857
5E5,16,17,29.0625,104.6875,33.3125,106.9375,415984,470014,3,2022-04-26T12:30:00Z,2022-04-26T21:30:00Z,1,517.6749237493129,23.896434851001914,23.276812277388323,52.79946168072798,-3.8527573913574216,6.6885102966308585
5E5,16,17,28.6875,105.6875,33.4375,106.9375,417971,470013,4,2022-04-26T12:30:00Z,2022-04-26T21:30:00Z,1,539.9647014569117,12.445332839239313,12.916560967260533,58.823009064642505,-4.716842547607421,7.525689202880857
5E5,16,17,28.9375,105.5625,32.4375,106.0625,417721,468285,5,2022-04-26T12:30:00Z,2022-04-26T21:30:00Z,1,390.96930921390316,6.911807870743985,5.222735564337891,43.302345677061496,-2.9640124694824217,4.316918109130859
5E5,16,17,29.4375,104.9375,33.9375,108.1875,416477,472489,6,2022-04-26T12:30:00Z,2022-04-26T21:30:00Z,1,586.3503488832433,30.856532029073833,33.38009931427751,56.146756219277016,-8.57379528198242,14.749724359130857
5E5,16,17,28.8125,105.5625,32.8125,105.4375,417722,467042,7,2022-04-26T12:30:00Z,2022-04-26T21:30:00Z,1,443.62701017932216,358.4866976174946,-1.3004765332216055,49.47604186346219,-1.507833953857422,4.97752592163086
5E5,16,17,29.0625,105.3125,32.3125,105.6875,417224,467542,8,2022-04-26T12:30:00Z,2022-04-26T21:30:00Z,1,362.09491556664483,5.599798039363861,3.9221430142822213,40.20515206742232,-2.022499578857423,4.01896810913086
5E5,16,17,28.9375,105.1875,32.3125,105.6875,416977,467542,9,2022-04-26T12:30:00Z,2022-04-26T21:30:00Z,1,377.2199028541312,7.174645143319253,5.229736431454775,41.75624242999905,-2.005825360107422,3.302780609130859
5E5,16,17,29.1875,105.0625,32.8125,105.6875,416727,467538,10,2022-04-26T12:30:00Z,2022-04-26T21:30:00Z,1,406.3077758660577,8.28817306345644,6.501405621476363,44.85496293751905,-1.6417323913574213,5.4075852966308595
5E5,17,18,32.8125,105.4375,35.5625,103.4375,467042,512652,1,2022-04-28T12:30:00Z,2022-04-28T22:30:00Z,1,356.4071296874192,329.4093755594553,-18.117064161984697,30.788477725123926,-3.215080816040042,16.577724347534176
5E5,17,18,32.9375,105.3125,34.9375,103.5625,466793,512905,2,2022-04-28T12:30:00Z,2022-04-28T22:30:00Z,1,274.56107165806446,324.3815354317936,-15.972476399927867,22.398919163246493,-0.9412462847900411,16.82029825378418
5E5,17,18,33.3125,106.9375,37.0625,104.5625,470014,514872,3,2022-04-28T12:30:00Z,2022-04-28T22:30:00Z,1,468.8682799606474,333.20582310766486,-21.110319013860767,41.993116733611515,-3.8357222222900402,17.075514347534185
5E5,17,18,33.4375,106.9375,34.5625,103.9375,470013,513652,4,2022-04-28T12:30:00Z,2022-04-28T22:30:00Z,1,303.9328532416283,295.07318498052905,-27.49957834487975,12.924171603809537,-0.23007823791504095,27.351401105346678
5E5,17,18,32.4375,106.0625,35.5625,105.0625,468285,515876,5,2022-04-28T12:30:00Z,2022-04-28T22:30:00Z,1,358.7257470551772,345.354011798074,-9.059982937804667,34.83096326976465,-2.1384283941650404,35.854733644409194
5E5,17,18,33.9375,108.1875,37.3125,103.6875,472489,513134,6,2022-04-28T12:30:00Z,2022-04-28T22:30:00Z,1,553.397934390305,313.86323256917,-39.8507664292544,38.469978261783666,-5.397176519165038,6.3608238006591815
5E5,17,18,32.8125,105.4375,36.5625,105.0625,467042,515868,7,2022-04-28T12:30:00Z,2022-04-28T22:30:00Z,1,417.42183508614977,355.38393627303697,-3.355361777853039,41.75096064483369,-8.026012534790041,34.90440676940918
5E5,17,18,32.3125,105.6875,35.4375,104.9375,467542,515629,8,2022-04-28T12:30:00Z,2022-04-28T22:30:00Z,1,353.4989861526282,348.8873793085628,-6.805617260775151,34.81183545574004,-0.9793549566650409,36.05410122253418
5E5,17,18,32.3125,105.6875,34.6875,103.9375,467542,513651,9,2022-04-28T12:30:00Z,2022-04-28T22:30:00Z,1,309.5543080429404,328.791366320356,-16.022362706099166,26.57204170975797,2.2526983245849594,21.77600727722168
5E5,17,18,32.8125,105.6875,36.0625,104.5625,467538,514880,10,2022-04-28T12:30:00Z,2022-04-28T22:30:00Z,1,375.04850696608736,344.3130444959002,-10.128864789181309,36.23430248286732,-7.155539566040041,34.50627524597169
5E5,18,19,35.5625,103.4375,36.3125,102.6875,512652,560758,1,2022-04-30T13:30:00Z,2022-04-30T20:30:00Z,1,107.2621127101223,321.10029048160317,-9.611017008045671,11.963896460718109,0.25442531825474424,-3.423659640066965
5E5,18,19,34.9375,103.5625,36.1875,103.5625,512905,562495,2,2022-04-30T13:30:00Z,2022-04-30T20:30:00Z,1,138.68865757967393,0,1.2172058757383536e-15,19.878480498798833,2.182716501290458,-1.1357702427455363
5E5,18,19,37.0625,104.5625,35.9375,102.5625,514872,560513,3,2022-04-30T13:30:00Z,2022-04-30T20:30:00Z,1,218.3740849069313,235.73245273484451,-25.751427220645656,-17.62207719609768,2.308900318254744,-7.545189550781248
5E5,18,19,34.5625,103.9375,35.5625,103.9375,513652,563244,4,2022-04-30T13:30:00Z,2022-04-30T20:30:00Z,1,110.94172925353159,0,9.73764700590685e-16,15.902784399039103,2.2300267691476017,-0.12596923828125206
5E5,18,19,35.5625,105.0625,35.9375,104.3125,515876,563985,5,2022-04-30T13:30:00Z,2022-04-30T20:30:00Z,1,79.57898105429146,301.7421437170876,-9.656833532414794,6.000415603953457,2.2860969700404556,-7.678726046316965
5E5,18,19,37.3125,103.6875,36.3125,102.6875,513134,560758,6,2022-04-30T13:30:00Z,2022-04-30T20:30:00Z,1,142.39590669686302,219.10200867917223,-12.814866434048689,-15.835512580947857,2.911960586111886,-5.398112988281249
5E5,18,19,36.5625,105.0625,35.8125,102.6875,515868,560762,7,2022-04-30T13:30:00Z,2022-04-30T20:30:00Z,1,229.25963523349841,249.4202619440281,-30.62615661374448,-11.551138349824706,1.955865273611885,-6.764110086495536
5E5,18,19,35.4375,104.9375,36.3125,102.9375,515629,561254,8,2022-04-30T13:30:00Z,2022-04-30T20:30:00Z,1,205.04550664658785,298.84351565815444,-25.628107389006754,14.176166178392545,1.3816552289690296,-6.815486425781249
5E5,18,19,34.6875,103.9375,35.8125,102.8125,513651,561010,9,2022-04-30T13:30:00Z,2022-04-30T20:30:00Z,1,161.4319464823653,320.96088341984535,-14.508782849036592,17.972464097721886,1.4755204075404573,-0.017714104352679262
5E5,18,19,36.0625,104.5625,36.4375,102.6875,514880,560757,10,2022-04-30T13:30:00Z,2022-04-30T20:30:00Z,1,173.5797377907712,284.42319894579884,-23.98718643387936,6.195302773595484,1.3346503182547416,-6.23082191685268
5E5,19,20,36.3125,102.6875,37.044269,101.725552,560758,608368,1,2022-05-02T12:30:00Z,2022-05-02T17:30:00Z,1,118.26768903656597,313.64937479222436,-17.766298700814712,16.79028419082421,6.102714748535156,-1.9716530383300788
5E5,19,20,36.1875,103.5625,37.044269,101.725552,562495,608368,2,2022-05-02T12:30:00Z,2022-05-02T17:30:00Z,1,189.845172899783,300.5980108136956,-17.766298700814712,16.79028419082421,6.102714748535156,-1.9716530383300788
5E5,19,20,35.9375,102.5625,37.044269,101.725552,560513,608368,3,2022-05-02T12:30:00Z,2022-05-02T17:30:00Z,1,143.89953843730228,328.83967230437395,-33.310640870105615,19.80498938665694,3.507023342285155,1.7388022741699234
5E5,19,20,35.5625,103.9375,37.044269,101.725552,563244,608368,4,2022-05-02T12:30:00Z,2022-05-02T17:30:00Z,1,257.87169179037835,310.2625022160188,-15.546134234056945,25.11718553358947,6.198017717285155,-1.3992263195800776
5E5,19,20,35.9375,104.3125,37.044269,101.725552,563985,608368,5,2022-05-02T12:30:00Z,2022-05-02T17:30:00Z,1,262.3069213509332,298.68176384274295,-39.97471704713121,33.85797058558239,3.2400917797851556,2.7576655554199228
5E5,19,20,36.3125,102.6875,37.044269,101.725552,560758,608368,6,2022-05-02T12:30:00Z,2022-05-02T17:30:00Z,1,118.26768903656597,313.64937479222436,-46.63326981617626,25.679615352426264,1.8099706860351554,3.6709335241699237
5E5,19,20,35.8125,102.6875,37.044269,101.725552,560762,608368,7,2022-05-02T12:30:00Z,2022-05-02T17:30:00Z,1,161.62662315812298,328.028830425953,-17.767204469921815,27.921513438077323,6.5883589672851555,-1.9915711633300774
5E5,19,20,36.3125,102.9375,37.044269,101.725552,561254,608368,8,2022-05-02T12:30:00Z,2022-05-02T17:30:00Z,1,135.3853490177065,307.216436794181,-22.20764696801185,16.84223760507188,5.497563186035155,-1.600945850830079
5E5,19,20,35.8125,102.8125,37.044269,101.725552,561010,608368,9,2022-05-02T12:30:00Z,2022-05-02T17:30:00Z,1,167.87614975799482,324.82878383542493,-19.98800991849967,27.9458557417937,6.054480373535156,-1.5476700695800776
5E5,19,20,36.4375,102.6875,37.044269,101.725552,560757,608368,10,2022-05-02T12:30:00Z,2022-05-02T17:30:00Z,1,109.1558410246122,308.37432866301344,-17.766142732507227,14.007476866962573,4.715944123535154,-2.0640099133300778
5E7,1,2,37.04428903,101.724188,36.6875,103.6875,13168,66739,1,2021-08-25T15:30:00Z,2021-08-25T21:30:00Z,1,179.48214112561354,102.15410862162338,29.753959054480905,-6.645363076245811,5.735427062435149,-1.0065854397226985
5E7,1,2,37.04428903,101.724188,36.9375,104.1875,13168,67729,2,2021-08-25T15:30:00Z,2021-08-25T21:30:00Z,1,219.60347607861559,92.35183045881251,37.06940323061798,-1.8321386467484304,6.6024781921552025,1.3091465556386328
5E7,1,2,37.04428903,101.724188,37.0625,104.3125,13168,67976,3,2021-08-25T15:30:00Z,2021-08-25T21:30:00Z,1,230.2305395776952,88.71724608222979,38.85843370168919,0.5365731468797624,6.71611685882187,1.555886831680301
5E7,1,2,37.04428903,101.724188,36.0625,103.8125,13168,66992,4,2021-08-25T15:30:00Z,2021-08-25T21:30:00Z,1,216.38454103362918,119.60516989061307,31.86975029231926,-18.199766484855928,5.840822792252859,0.4018766315663661
5E7,1,2,37.04428903,101.724188,36.5625,104.1875,13168,67732,5,2021-08-25T15:30:00Z,2021-08-25T21:30:00Z,1,226.22772947792427,102.9299949047641,37.25149997754078,-8.788629575746391,8.540983108821871,0.5634476907297783
5E7,1,2,37.04428903,101.724188,35.9375,104.0625,13168,67489,6,2021-08-25T15:30:00Z,2021-08-25T21:30:00Z,1,242.84918357364663,119.67953865670472,35.675404623757956,-20.43057684162239,6.135326394629162,0.23976232321675828
5E7,1,2,37.04428903,101.724188,36.4375,103.9375,13168,67237,7,2021-08-25T15:30:00Z,2021-08-25T21:30:00Z,1,208.82478155775348,108.14666802602522,33.58149273462454,-11.200249117571687,7.120770469498953,0.16496814906311208
5E7,1,2,37.04428903,101.724188,36.6875,103.3125,13168,65995,8,2021-08-25T15:30:00Z,2021-08-25T21:30:00Z,1,147.0547070894981,105.14205088261775,24.175692659144236,-6.751432027177096,4.270388549414316,-2.054009553654991
5E7,1,2,37.04428903,101.724188,36.0625,103.1875,13168,65752,9,2021-08-25T15:30:00Z,2021-08-25T21:30:00Z,1,170.38735365772678,129.30946220242674,22.497212867713515,-18.37712195487548,4.070092438737234,-1.1245378186289474
5E7,1,2,37.04428903,101.724188,36.0625,103.1875,13168,65752,10,2021-08-25T15:30:00Z,2021-08-25T21:30:00Z,1,170.38735365772678,129.30946220242674,22.497212867713515,-18.37712195487548,4.070092438737234,-1.1245378186289474
5E7,2,3,36.6875,103.6875,35.4375,102.9375,66739,114861,1,2021-08-26T13:30:00Z,2021-08-26T17:30:00Z,1,154.28181158953643,206.1950729373327,-17.00694068128598,-34.72148679214099,-5.172908381156918,12.80517770793533
5E7,2,3,36.9375,104.1875,35.3125,104.1875,67729,117342,2,2021-08-26T13:30:00Z,2021-08-26T17:30:00Z,1,180.31218228016746,180,-8.307430101914274e-15,-45.223543134767404,-8.535133711235044,20.826278051685332
5E7,2,3,37.0625,104.3125,36.5625,102.3125,67976,113612,3,2021-08-26T13:30:00Z,2021-08-26T17:30:00Z,1,186.88207227166575,253.32930578017172,-44.70363404720861,-13.446468993302666,-6.034090362602234,6.5469183197517395
5E7,2,3,36.0625,103.8125,36.3125,102.9375,66992,114854,4,2021-08-26T13:30:00Z,2021-08-26T17:30:00Z,1,83.45128394951266,289.67339437864865,-19.621922084603035,7.045845722749719,-9.19887304131317,13.062095387134544
5E7,2,3,36.5625,104.1875,35.5625,104.8125,67732,118580,5,2021-08-26T13:30:00Z,2021-08-26T17:30:00Z,1,124.42872834169971,152.90956296786044,14.150051735991726,-27.78425886732147,-5.426074644340516,27.921227689868914
5E7,2,3,35.9375,104.0625,35.6875,103.0625,67489,115107,6,2021-08-26T13:30:00Z,2021-08-26T17:30:00Z,1,94.5371759279335,253.2304160645898,-22.603402426715434,-6.841929914888285,-8.148865677055358,11.958370420825956
5E7,2,3,36.4375,103.9375,36.3125,102.9375,67237,114854,7,2021-08-26T13:30:00Z,2021-08-26T17:30:00Z,1,90.80015335580737,261.5098241522413,-22.424903863017715,-3.3626139283224035,-9.909855419731139,13.296867094165796
5E7,2,3,36.6875,103.3125,36.3125,104.3125,65995,117582,8,2021-08-26T13:30:00Z,2021-08-26T17:30:00Z,1,98.78293601491703,114.61582691198112,22.425043798463342,-10.319623399453397,-7.917128044242861,20.61090172160721
5E7,2,3,36.0625,103.1875,36.0625,102.3125,65752,113616,9,2021-08-26T13:30:00Z,2021-08-26T17:30:00Z,1,78.8306632899527,270.2575452741508,-19.68459477277381,0.08848310052841178,-3.6887236970748907,4.009695941822054
5E7,2,3,36.0625,103.1875,35.4375,103.3125,65752,115605,10,2021-08-26T13:30:00Z,2021-08-26T17:30:00Z,1,70.2620504147286,170.70367091977732,2.8343487613156415,-17.3918594847656,-4.378254552055357,10.018911095142363
5E7,3,4,35.4375,102.9375,36.0625,104.9375,114861,168424,1,2021-08-28T12:30:00Z,2021-08-28T18:30:00Z,1,193.72635764410467,68.44329166229994,29.994492269192243,11.900896659026799,-3.6865802426503462,2.3487782224706
5E7,3,4,35.3125,104.1875,33.5625,103.8125,117342,166212,2,2021-08-28T12:30:00Z,2021-08-28T18:30:00Z,1,197.16333096019085,190.1738949187774,-5.798430003346953,-32.45737402038083,-3.832518459447229,3.6528151808039406
5E7,3,4,36.5625,102.3125,33.9375,104.1875,113612,166953,3,2021-08-28T12:30:00Z,2021-08-28T18:30:00Z,1,337.52197526068903,149.0867744973691,28.869596659502186,-48.4266528440091,-2.657843203913371,-0.7839119220606471
5E7,3,4,36.3125,102.9375,33.9375,104.0625,114854,166705,4,2021-08-28T12:30:00Z,2021-08-28T18:30:00Z,1,282.7328170873559,158.4097003239906,17.321320510786077,-43.9651527741853,-5.00073097246806,-7.337548762229918
5E7,3,4,35.5625,104.8125,34.4375,105.0625,118580,168685,5,2021-08-28T12:30:00Z,2021-08-28T18:30:00Z,1,126.87742460076917,169.56567468999663,3.8256598280934444,-20.86759482749284,-7.597345789850874,11.271125024228407
5E7,3,4,35.6875,103.0625,33.8125,105.1875,115107,168938,6,2021-08-28T12:30:00Z,2021-08-28T18:30:00Z,1,284.8088281558028,136.30032157883767,32.760725755906556,-34.438279239712784,-1.023305194147746,-1.841835489117942
5E7,3,4,36.3125,102.9375,33.9375,103.6875,114854,165961,7,2021-08-28T12:30:00Z,2021-08-28T18:30:00Z,1,272.2100999272709,165.23842301370541,11.54768354394462,-44.020048774497035,-4.556060631322227,-7.602223739117938
5E7,3,4,36.3125,104.3125,34.9375,104.8125,117582,168185,8,2021-08-28T12:30:00Z,2021-08-28T18:30:00Z,1,159.1401970394737,163.3179203986972,7.605462577293994,-25.49127858869177,-9.67871572539775,5.370036670061748
5E7,3,4,36.0625,102.3125,33.6875,104.1875,113616,166955,9,2021-08-28T12:30:00Z,2021-08-28T18:30:00Z,1,314.3188674073011,146.41067386146779,28.952282213980506,-43.79036297597642,-2.3330101257883706,-0.08754361411793864
5E7,3,4,35.4375,103.3125,35.6875,105.3125,115605,169171,10,2021-08-28T12:30:00Z,2021-08-28T18:30:00Z,1,183.4240389258983,80.72166893132106,30.136323353986832,4.9439361885119295,-7.438219645645144,6.400072061988836
5E7,4,5,36.0625,104.9375,35.9375,104.3125,168424,216785,1,2021-08-29T14:30:00Z,2021-08-29T16:30:00Z,1,58.033969061684935,256.35656909632604,-28.165667309754035,-6.867126568602749,-19.194977469299317,36.904383939285275
5E7,4,5,33.5625,103.8125,34.0625,103.4375,166212,215064,2,2021-08-29T14:30:00Z,2021-08-29T16:30:00Z,1,65.43111959666805,328.05568863196464,-17.291446676504005,27.861293401771192,-3.4877265396118164,1.3302792713165283
5E7,4,5,33.9375,104.1875,34.0625,104.8125,166953,217792,3,2021-08-29T14:30:00Z,2021-08-29T16:30:00Z,1,59.381793223712776,76.32253746674479,28.818619871707376,7.0453162867096095,-6.0607238189086905,2.599227048660278
5E7,4,5,33.9375,104.0625,34.5625,104.8125,166705,217788,4,2021-08-29T14:30:00Z,2021-08-29T16:30:00Z,1,97.87313113412593,44.68833467262857,34.37754852765857,34.91363658666436,-5.048144518127439,4.088456248855589
5E7,4,5,34.4375,105.0625,34.4375,105.1875,168685,218533,5,2021-08-29T14:30:00Z,2021-08-29T16:30:00Z,1,11.488557523311712,89.96465580805182,5.738125556332333,0.0035396924221737305,-7.242728011291504,21.852269275222778
5E7,4,5,33.8125,105.1875,33.8125,104.0625,168938,216306,6,2021-08-29T14:30:00Z,2021-08-29T16:30:00Z,1,104.16016416792085,270.3130252282115,-52.02529597897802,0.2842336841030017,-3.3386916948852527,8.368403594558718
5E7,4,5,33.9375,103.6875,34.3125,104.1875,165961,216550,7,2021-08-29T14:30:00Z,2021-08-29T16:30:00Z,1,62.11076752827881,47.814771164215244,22.986860645808484,20.928582230923634,-4.499212292541504,2.695576522293091
5E7,4,5,34.9375,104.8125,35.3125,104.4375,168185,217038,8,2021-08-29T14:30:00Z,2021-08-29T16:30:00Z,1,53.8440447994857,320.7016791979086,-17.03220350437162,20.90442436349816,-19.656775112854,19.647841328933712
5E7,4,5,33.6875,104.1875,33.9375,104.1875,166955,216553,9,2021-08-29T14:30:00Z,2021-08-29T16:30:00Z,1,27.72975114344405,0,8.520441130168387e-16,13.914936349159039,-3.7981788823852534,2.0095822459259027
5E7,4,5,35.6875,105.3125,35.8125,104.6875,169171,217530,10,2021-08-29T14:30:00Z,2021-08-29T16:30:00Z,1,58.20603083100302,283.967425649707,-28.210144784538596,7.047317776850268,-20.335621689025874,37.754034951980586
5E7,5,6,35.9375,104.3125,35.5625,105.5625,216785,268868,1,2021-08-30T18:30:00Z,2021-08-30T20:30:00Z,1,120.4712478775857,109.83860718058537,56.596593838343864,-20.511143000080384,3.845818277862549,-2.3599304833068864
5E7,5,6,34.0625,103.4375,33.9375,104.5625,215064,266897,2,2021-08-30T18:30:00Z,2021-08-30T20:30:00Z,1,104.85309860933774,97.28395253332019,51.949184766184125,-6.672111279206821,-1.9489937065124512,-1.78154614151001
5E7,5,6,34.0625,104.8125,34.4375,105.1875,217792,268133,3,2021-08-30T18:30:00Z,2021-08-30T20:30:00Z,1,54.06968240352631,39.600727619782845,17.214465008363803,20.904059066782985,1.5900179653625486,-2.85808704776001
5E7,5,6,34.5625,104.8125,34.4375,105.3125,217788,268381,4,2021-08-30T18:30:00Z,2021-08-30T20:30:00Z,1,47.967876157467856,106.66100215970721,22.952432794095888,-6.900712841803318,1.9113428618469235,-1.8816575887756368
5E7,5,6,34.4375,105.1875,34.5625,105.1875,218533,268132,5,2021-08-30T18:30:00Z,2021-08-30T20:30:00Z,1,13.866431165317135,0,4.2602205650841934e-16,6.957468174579519,1.3424989595031724,-2.892881768463136
5E7,5,6,33.8125,104.0625,33.9375,104.8125,216306,267393,6,2021-08-30T18:30:00Z,2021-08-30T20:30:00Z,1,70.76138237698508,78.4915019827398,34.6331784567665,7.083745573026115,-1.4547864740905758,-1.491772889556885
5E7,5,6,34.3125,104.1875,34.1875,104.9375,216550,267639,7,2021-08-30T18:30:00Z,2021-08-30T20:30:00Z,1,70.46251421663335,101.13768774898512,34.53115390962077,-6.830201185621617,0.25038697708129887,-2.51418690713501
5E7,5,6,35.3125,104.4375,34.3125,105.0625,217038,267886,8,2021-08-30T18:30:00Z,2021-08-30T20:30:00Z,1,124.80767862769201,152.55124898164172,28.7347585353804,-55.5698966041243,2.9518103696594236,-2.6817609950256354
5E7,5,6,33.9375,104.1875,34.5625,104.9375,216553,267636,9,2021-08-30T18:30:00Z,2021-08-30T20:30:00Z,1,97.87313113412593,44.68833467262857,34.377548527658,34.91363658666434,0.5288689731750488,-1.4765343192443852
5E7,5,6,35.8125,104.6875,35.1875,105.3125,217530,268375,10,2021-08-30T18:30:00Z,2021-08-30T20:30:00Z,1,89.57677929457158,140.54345906900164,28.43104592707489,-34.6970619773009,2.159398732940674,-2.9668580907287585
5E7,6,7,35.5625,105.5625,33.0625,107.6875,268868,322704,1,2021-10-28T11:30:00Z,2021-10-28T21:30:00Z,1,339.3351044984296,144.20010438530915,19.829861596997258,-27.620333349325982,0.8313572474273703,-2.736228367881773
5E7,6,7,33.9375,104.5625,31.6875,108.3125,266897,323955,2,2021-10-28T11:30:00Z,2021-10-28T21:30:00Z,1,430.75416553878557,124.36676280468174,35.52340833281926,-24.41027502691006,-6.259823237533572,2.6463731247940054
5E7,6,7,34.4375,105.1875,34.3125,108.4375,268133,324182,3,2021-10-28T11:30:00Z,2021-10-28T21:30:00Z,1,299.2332569001887,91.73749220890727,29.87773874695842,-0.9126739880379869,-0.14076715481872382,-1.643902909483334
5E7,6,7,34.4375,105.3125,32.0625,110.0625,268381,327424,4,2021-10-28T11:30:00Z,2021-10-28T21:30:00Z,1,514.9973095193906,119.43666744390362,44.808824155880615,-25.40859087761346,-1.1704692719085692,-0.4350069023544303
5E7,6,7,34.5625,105.1875,31.5625,107.3125,268132,321972,5,2021-10-28T11:30:00Z,2021-10-28T21:30:00Z,1,387.37631965925954,148.60056808978823,20.163878145870505,-33.18907157509147,-4.7028822395843495,1.1481065787979121
5E7,6,7,33.9375,104.8125,32.5625,106.5625,267393,320476,6,2021-10-28T11:30:00Z,2021-10-28T21:30:00Z,1,223.26629262595551,132.59702792936196,16.419414373079537,-15.168092025754738,-4.61118215315857,2.0292305962783805
5E7,6,7,34.1875,104.9375,34.3125,106.9375,267639,321206,7,2021-10-28T11:30:00Z,2021-10-28T21:30:00Z,1,184.74455492247876,85.13332482896556,18.388262246653266,1.5720397542939704,-4.141073254037474,-0.689788496885681
5E7,6,7,34.3125,105.0625,33.6875,110.9375,267886,329147,8,2021-10-28T11:30:00Z,2021-10-28T21:30:00Z,1,547.0901001706673,95.6289287771798,54.38911375353181,-5.3925911192187375,2.6049715193023677,-4.241466411436459
5E7,6,7,34.5625,104.9375,33.5625,112.3125,267636,331876,9,2021-10-28T11:30:00Z,2021-10-28T21:30:00Z,1,689.6492190269755,97.17332373293095,68.35510937919108,-8.653885900635336,4.876225888540649,-4.71841284659271
5E7,6,7,35.1875,105.3125,34.6875,107.9375,268375,323187,10,2021-10-28T11:30:00Z,2021-10-28T21:30:00Z,1,246.13656729893984,102.26969182647974,24.02534844908386,-5.250080932568787,1.7347768346344017,-4.911333215245053
5E7,7,8,33.0625,107.6875,30.9375,110.4375,322704,377777,1,2021-10-29T12:30:00Z,2021-10-29T22:30:00Z,1,350.75407100326606,131.46542564401705,26.260713082928135,-23.318043235779758,-3.0323444001983626,-2.914019786021424
5E7,7,8,31.6875,108.3125,31.1875,109.6875,323955,376287,2,2021-10-29T12:30:00Z,2021-10-29T22:30:00Z,1,141.98376177726237,112.62299537529384,13.094126975739005,-5.48382749292117,-10.08557090996399,-4.596951568052673
5E7,7,8,34.3125,108.4375,32.4375,110.3125,324182,377517,3,2021-10-29T12:30:00Z,2021-10-29T22:30:00Z,1,271.44583034726287,139.48333661411277,17.61802284051397,-20.712485865063368,10.551596944137575,0.4520442032363885
5E7,7,8,32.0625,110.0625,30.4375,109.8125,327424,376541,4,2021-10-29T12:30:00Z,2021-10-29T22:30:00Z,1,181.73665096530726,187.59440591755663,-2.399761984463589,-18.08667998052721,-11.206466532620237,-5.2745364537948625
5E7,7,8,31.5625,107.3125,32.0625,109.8125,321972,376528,5,2021-10-29T12:30:00Z,2021-10-29T22:30:00Z,1,243.11165703197628,76.16109209897047,23.583188738708465,5.836599468390349,-7.487390682815554,-3.2496198700057985
5E7,7,8,32.5625,106.5625,30.0625,110.1875,320476,377288,6,2021-10-29T12:30:00Z,2021-10-29T22:30:00Z,1,442.5547443062174,127.82030132916236,34.92974952985322,-27.248509974278804,-9.131895370510865,-4.3924642836776755
5E7,7,8,34.3125,106.9375,31.4375,110.5625,321206,378021,7,2021-10-29T12:30:00Z,2021-10-29T22:30:00Z,1,465.4921035632356,132.2275273185311,34.43751109845086,-31.405106771831253,4.987267695895387,2.1290415811660766
5E7,7,8,33.6875,110.9375,31.3125,111.1875,329147,379262,8,2021-10-29T12:30:00Z,2021-10-29T22:30:00Z,1,264.42267980486446,174.83496332495838,2.378311406772975,-26.435560756502646,3.485441939645386,-2.050596671177674
5E7,7,8,33.5625,112.3125,29.6875,109.6875,331876,376299,9,2021-10-29T12:30:00Z,2021-10-29T22:30:00Z,1,496.56920166084603,210.79595604318226,-25.40267310177208,-42.82547663281676,-6.625613583206178,-4.870857338365174
5E7,7,8,34.6875,107.9375,29.8125,110.1875,323187,377290,10,2021-10-29T12:30:00Z,2021-10-29T22:30:00Z,1,580.637437286345,157.9748934554102,21.756753210988737,-54.03507395675336,-0.9250449886749267,-1.2182028196151744
5E7,8,9,30.9375,110.4375,30.1875,112.3125,377777,431103,1,2021-10-30T11:30:00Z,2021-10-30T17:30:00Z,1,198.1652543695392,114.32875499528205,30.06910989823888,-13.663814412205907,-5.283902842948912,7.257477617513023
5E7,8,9,31.1875,109.6875,30.4375,111.6875,376287,429861,2,2021-10-30T11:30:00Z,2021-10-30T17:30:00Z,1,208.65902859532812,112.96901230906622,31.99177299558514,-13.62784921902002,-6.80274969288381,2.3696147747395813
5E7,8,9,32.4375,110.3125,29.5625,111.8125,377517,430116,3,2021-10-30T11:30:00Z,2021-10-30T17:30:00Z,1,349.44912683381926,155.40948866778479,24.216351796070573,-53.175027920320076,-2.988015584159853,4.235677166666664
5E7,8,9,30.4375,109.8125,29.5625,111.3125,376541,429124,4,2021-10-30T11:30:00Z,2021-10-30T17:30:00Z,1,174.22312074993044,123.45271369930708,24.207174513075024,-16.07494774675554,-3.860545501152041,2.471611339518229
5E7,8,9,32.0625,109.8125,30.1875,111.8125,376528,430111,5,2021-10-30T11:30:00Z,2021-10-30T17:30:00Z,1,282.1295533917747,136.93870536960299,32.078265761071194,-34.49528308373951,-3.3148620483525577,2.4717937903645826
5E7,8,9,30.0625,110.1875,29.5625,112.4375,377288,431356,6,2021-10-30T11:30:00Z,2021-10-30T17:30:00Z,1,224.44712303689474,103.73494088489622,36.30854115791384,-8.921241922465823,-5.3612347456181855,3.9967528554687526
5E7,8,9,31.4375,110.5625,30.3125,112.3125,378021,431102,7,2021-10-30T11:30:00Z,2021-10-30T17:30:00Z,1,208.71061607873153,126.24546405943232,28.029964990158255,-20.651513695949706,-4.484805271334328,8.43461616048177
5E7,8,9,31.3125,111.1875,30.6875,111.8125,379262,430107,8,2021-10-30T11:30:00Z,2021-10-30T17:30:00Z,1,91.45715136965336,139.09663167800545,9.972094664101236,-11.567682534579314,-3.841529076998392,7.808047157226563
5E7,8,9,29.6875,109.6875,30.3125,112.1875,376299,430854,9,2021-10-30T11:30:00Z,2021-10-30T17:30:00Z,1,250.961462739985,73.35210981274992,40.03949096830901,12.031239423422903,-4.889677667818706,5.372466148437502
5E7,8,9,29.8125,110.1875,29.4375,112.4375,377290,431357,10,2021-10-30T11:30:00Z,2021-10-30T17:30:00Z,1,221.83080753708512,100.24234373198817,36.353209870098325,-6.603901996041782,-6.702856700045269,3.4724270999349005
5E7,9,10,30.1875,112.3125,27.8125,112.8125,431103,481714,1,2021-11-07T13:30:00Z,2021-11-07T18:30:00Z,1,267.70444471442556,169.3923579145693,9.848768246775904,-52.85566294621988,-7.457732043829353,-63.18920050156861
5E7,9,10,30.4375,111.6875,27.1875,112.1875,429861,480479,2,2021-11-07T13:30:00Z,2021-11-07T18:30:00Z,1,363.496628967256,172.16197228022475,9.907330422777436,-72.33647407370401,-10.09635524382936,-47.659934842974856
5E7,9,10,29.5625,111.8125,28.9375,111.0625,430116,478233,3,2021-11-07T13:30:00Z,2021-11-07T18:30:00Z,1,100.566854751229,226.6453872392163,-14.613345159673424,-13.868049985799644,-12.390628631329358,-29.05845801484985
5E7,9,10,29.5625,111.3125,28.4375,113.0625,429124,482205,4,2021-11-07T13:30:00Z,2021-11-07T18:30:00Z,1,211.23861563569733,125.74908294953866,34.261524087638314,-24.791697386950574,-11.098413188360606,-51.724375946881096
5E7,9,10,30.1875,111.8125,27.6875,113.0625,430111,482211,5,2021-11-07T13:30:00Z,2021-11-07T18:30:00Z,1,302.6967701883061,155.95358339543918,24.65057677973583,-55.52791180291165,-6.390315351641855,-60.13946472031861
5E7,9,10,29.5625,112.4375,27.9375,114.8125,431356,485681,6,2021-11-07T13:30:00Z,2021-11-07T18:30:00Z,1,293.6646635966859,127.24932086495733,46.71762407554436,-35.70901740283255,-6.661977349298095,-49.71458689531861
5E7,9,10,30.3125,112.3125,27.0625,112.3125,431102,480728,7,2021-11-07T13:30:00Z,2021-11-07T18:30:00Z,1,360.2000654350685,180,-1.3291888163062825e-14,-72.35766901562778,-8.857891992266856,-60.830341114068595
5E7,9,10,30.6875,111.8125,27.1875,113.9375,430107,483951,8,2021-11-07T13:30:00Z,2021-11-07T18:30:00Z,1,439.7514511417847,151.3733920333023,42.10762390517622,-77.53876613268442,-4.235086493829351,-52.249579778131114
5E7,9,10,30.3125,112.1875,28.8125,112.9375,430854,481954,9,2021-11-07T13:30:00Z,2021-11-07T18:30:00Z,1,181.4572198306619,156.20266483239607,14.632316357744307,-33.34823228867764,-5.649083139141851,-61.896304857037336
5E7,9,10,29.4375,112.4375,27.4375,112.5625,431357,481221,10,2021-11-07T13:30:00Z,2021-11-07T18:30:00Z,1,221.9911299475253,176.80798702596496,2.4704413676763024,-44.52649918634427,-11.190596582110604,-63.6922967796936
5E7,10,11,27.8125,112.8125,26.4375,112.8125,481714,531325,1,2021-11-08T18:30:00Z,2021-11-08T21:30:00Z,1,152.3575920362425,180,-9.372485243185333e-15,-51.0214332802504,-5.650816671874995,-15.086880198893223
5E7,10,11,27.1875,112.1875,26.8125,112.5625,480479,530826,2,2021-11-08T18:30:00Z,2021-11-08T21:30:00Z,1,55.78417630763828,138.0615746157015,12.41897618466882,-13.896446119859752,-5.8554039635416615,-13.200149573893222
5E7,10,11,28.9375,111.0625,28.0625,111.4375,478233,528584,3,2021-11-08T18:30:00Z,2021-11-08T21:30:00Z,1,103.6911357855809,159.1738020760556,12.279483554018638,-32.448920280285236,1.0970752864583344,1.4297487594401057
5E7,10,11,28.4375,113.0625,28.0625,111.6875,482205,529080,4,2021-11-08T18:30:00Z,2021-11-08T21:30:00Z,1,141.18796513891346,253.20774511543456,-45.02244930047364,-13.658702729409981,-1.8919191614583295,-10.87960884472656
5E7,10,11,27.6875,113.0625,26.6875,112.9375,482211,531571,5,2021-11-08T18:30:00Z,2021-11-08T21:30:00Z,1,111.49659394138843,186.40682181164004,-4.1443996322217185,-37.104419617702796,-6.07643393229166,-16.877669032226557
5E7,10,11,27.9375,114.8125,26.6875,114.5625,485681,534795,6,2021-11-08T18:30:00Z,2021-11-08T21:30:00Z,1,140.7033987182591,190.18653968371535,-8.289031819008414,-46.37476490111553,-1.9439556614583289,-8.630295073893226
5E7,10,11,27.0625,112.3125,25.6875,112.4375,480728,530587,7,2021-11-08T18:30:00Z,2021-11-08T21:30:00Z,1,152.85133427070264,175.2908134327729,4.180315782453014,-51.01939112903783,-3.6166686822916647,-10.921379771809892
5E7,10,11,27.1875,113.9375,27.5625,113.5625,483951,532804,8,2021-11-08T18:30:00Z,2021-11-08T21:30:00Z,1,55.7030017120723,318.3296416502167,-12.335752583736964,13.933459351285686,-4.30630150520833,-8.783300105143224
5E7,10,11,28.8125,112.9375,27.5625,112.9375,481954,531564,9,2021-11-08T18:30:00Z,2021-11-08T21:30:00Z,1,138.52813205765594,180,-8.520441130168495e-15,-46.383121163864054,-3.653747057291661,-15.426232448893224
5E7,10,11,27.4375,112.5625,26.6875,113.5625,481221,532811,10,2021-11-08T18:30:00Z,2021-11-08T21:30:00Z,1,129.40827756754675,129.72571611535648,33.15411766782083,-27.697674724483214,-4.627652473958329,-12.472771750976557
5E7,11,15,26.4375,112.8125,13.3125,103.0625,531325,561686,1,2021-11-25T10:30:00Z,2021-12-02T19:30:00Z,4,1774.0648788749806,216.89334339946,-28.7806931638453,-38.564006693125975,-12.583234714817355,-22.716621811325485
5E7,11,15,26.8125,112.5625,13.6875,103.5625,530826,562675,2,2021-11-25T10:30:00Z,2021-12-02T19:30:00Z,4,1729.163138781969,214.5892505642086,-26.526863182999573,-38.68950341950872,-12.164637797587627,-22.713628779230888
5E7,11,15,28.0625,111.4375,13.4375,103.3125,528584,562181,3,2021-11-25T10:30:00Z,2021-12-02T19:30:00Z,4,1825.446992403667,209.1458770584922,-24.025729212572795,-43.3272985275047,-11.788394659918708,-20.289937900852514
5E7,11,15,28.0625,111.6875,13.6875,103.4375,529080,562427,4,2021-11-25T10:30:00Z,2021-12-02T19:30:00Z,4,1806.7733427383046,209.92884441591104,-24.360241840643155,-42.55292317634391,-12.697801332216006,-21.636422275852514
5E7,11,15,26.6875,112.9375,14.9375,100.5625,531571,556713,5,2021-11-25T10:30:00Z,2021-12-02T19:30:00Z,4,1828.3353181770253,227.0985163605967,-36.190780711506704,-33.82992213480698,-7.8722972148173564,-12.038385958284945
5E7,11,15,26.6875,114.5625,13.5625,103.1875,534795,561932,6,2021-11-25T10:30:00Z,2021-12-02T19:30:00Z,4,1875.3333954450964,221.43160290090225,-33.53490541920212,-38.21725288293654,-12.409520082216005,-19.903456693082244
5E7,11,15,25.6875,112.4375,12.5625,103.4375,530587,562436,7,2021-11-25T10:30:00Z,2021-12-02T19:30:00Z,4,1732.6426843356455,214.6917912214002,-26.64997787219607,-38.72412887427618,-11.94645525958087,-21.81961484342008
5E7,11,15,27.5625,113.5625,13.1875,103.3125,532804,562183,8,2021-11-25T10:30:00Z,2021-12-02T19:30:00Z,4,1915.4819940668747,215.8582937363999,-30.322421221160955,-42.19341666030428,-12.459593984243032,-23.04720933244035
5E7,11,15,27.5625,112.9375,13.5625,102.8125,531564,561188,9,2021-11-25T10:30:00Z,2021-12-02T19:30:00Z,4,1873.2024738294092,216.1903512449481,-29.890008071753307,-41.087796876423376,-13.0359189420133,-21.916294530920077
5E7,11,15,26.6875,113.5625,13.9375,101.0625,532811,557713,10,2021-11-25T10:30:00Z,2021-12-02T19:30:00Z,4,1919.9204783485266,225.12731273807407,-36.76767332101313,-36.81972757759937,-12.01277705012141,-17.29776095828494
5E7,15,16,13.3125,103.0625,15.5625,107.8125,561686,620692,1,2022-04-08T14:30:00Z,2022-04-08T23:30:00Z,1,569.4290372427928,63.499336604217206,56.60852237310351,28.400412085408473,5.300628247070311,-4.217621588134766
5E7,15,16,13.6875,103.5625,15.4375,101.9375,562675,609037,2,2022-04-08T14:30:00Z,2022-04-08T23:30:00Z,1,261.0666131116415,318.07469031718205,-19.377044175061663,21.71320006514514,-2.8784588623046856,-10.070528619384765
5E7,15,16,13.4375,103.3125,17.0625,102.4375,562181,610016,3,2022-04-08T14:30:00Z,2022-04-08T23:30:00Z,1,411.9735418299267,346.9240804503596,-10.353246534811015,44.85701081930315,-3.3002440185546864,-11.482106353759765
5E7,15,16,13.6875,103.4375,16.6875,103.5625,562427,612251,4,2022-04-08T14:30:00Z,2022-04-08T23:30:00Z,1,332.2238030875881,2.301020038265108,1.4816669601811896,37.10690679058227,-3.2744537841796846,-12.115437603759766
5E7,15,16,14.9375,100.5625,18.1875,103.0625,556713,611247,5,2022-04-08T14:30:00Z,2022-04-08T23:30:00Z,1,447.80142041034935,36.22241487596068,29.392219279077803,40.37574000743935,-3.6317362060546845,-14.924482135009765
5E7,15,16,13.5625,103.1875,16.6875,103.4375,561932,612003,6,2022-04-08T14:30:00Z,2022-04-08T23:30:00Z,1,346.8239968206078,4.411651304211375,2.963448651128504,38.65423139644759,-4.187420190429684,-12.099921978759767
5E7,15,16,12.5625,103.4375,16.9375,105.6875,562436,616465,7,2022-04-08T14:30:00Z,2022-04-08T23:30:00Z,1,541.2871295155319,26.308413402572626,26.64814268165976,54.24046821419691,0.2520380126953137,-6.920912603759764
5E7,15,16,13.1875,103.3125,16.3125,102.0625,562183,609278,8,2022-04-08T14:30:00Z,2022-04-08T23:30:00Z,1,371.03505041519486,338.8872930611016,-14.845924365164203,38.69241537604339,-1.5504240966796876,-9.047682525634764
5E7,15,16,13.5625,102.8125,16.3125,100.8125,561188,606798,9,2022-04-08T14:30:00Z,2022-04-08T23:30:00Z,1,372.6556072912994,324.98778240538456,-23.750623230726468,34.11795656409454,-6.093640893554686,-12.164660650634765
5E7,15,16,13.9375,101.0625,15.9375,104.9375,557713,614985,10,2022-04-08T14:30:00Z,2022-04-08T23:30:00Z,1,471.94746751742525,61.54942688104387,46.09393482709614,25.130854745970193,-4.623517846679686,-13.377715728759759
5E7,16,17,15.5625,107.8125,23.0625,106.4375,620692,667504,1,2022-04-09T12:30:00Z,2022-04-09T22:30:00Z,1,842.6857462036425,350.3469569196107,-14.123260436485944,83.54221837694496,-3.725128756713866,19.724462319946287
5E7,16,17,15.4375,101.9375,17.9375,105.1875,609037,665065,2,2022-04-09T12:30:00Z,2022-04-09T22:30:00Z,1,443.48754466821197,50.94892030494361,34.429691137457866,28.10356575719429,-5.389851373901368,-2.254942172241211
5E7,16,17,17.0625,102.4375,17.5625,105.9375,610016,666556,3,2022-04-09T12:30:00Z,2022-04-09T22:30:00Z,1,376.16302786238094,81.02252865877534,37.14417209299679,5.902114530819673,-3.568713327026369,0.7134930230712893
5E7,16,17,16.6875,103.5625,20.9375,102.8125,612251,660329,4,2022-04-09T12:30:00Z,2022-04-09T22:30:00Z,1,477.0260640946765,350.5792544876755,-7.80481849533157,47.326662504958925,0.45955413391113237,4.9525911090087895
5E7,16,17,18.1875,103.0625,20.3125,104.6875,611247,664054,5,2022-04-09T12:30:00Z,2022-04-09T22:30:00Z,1,290.7132668173384,35.72583899132826,16.968137110573743,23.733328180432025,1.1605244073486318,4.279913530883788
5E7,16,17,16.6875,103.4375,20.9375,103.6875,612003,662065,6,2022-04-09T12:30:00Z,2022-04-09T22:30:00Z,1,471.17059656240065,3.1665881939911174,2.601613047697333,47.31254789300535,-1.4482672723388688,3.2823472027587894
5E7,16,17,16.9375,105.6875,17.0625,106.6875,616465,668048,7,2022-04-09T12:30:00Z,2022-04-09T22:30:00Z,1,107.38050045779731,82.45211393503365,10.641941479386869,1.4186141465441842,-14.98377613952637,-0.3882581488037119
5E7,16,17,16.3125,102.0625,21.3125,102.4375,609278,659582,8,2022-04-09T12:30:00Z,2022-04-09T22:30:00Z,1,554.860599468617,4.025998112928846,3.89393387836134,55.66368051232049,2.4010295635986325,10.252609194946292
5E7,16,17,16.3125,100.8125,21.5625,101.1875,606798,657100,9,2022-04-09T12:30:00Z,2022-04-09T22:30:00Z,1,582.4722459433727,3.828816094932847,3.8877742324924873,58.446679345428656,4.184754680786132,12.64771978088379
5E7,16,17,15.9375,104.9375,17.0625,106.3125,614985,667304,10,2022-04-09T12:30:00Z,2022-04-09T22:30:00Z,1,192.48111141191208,49.50633823302775,14.633548372123517,12.572765197202695,-5.843020358276369,-4.31899584411621
5E7,17,18,23.0625,106.4375,20.9375,105.1875,667504,714641,1,2022-04-10T13:30:00Z,2022-04-10T22:30:00Z,1,268.37503691206143,208.9839929711057,-14.443310259049154,-26.223839914452732,10.704746777343749,6.077426538085941
5E7,17,18,17.9375,105.1875,21.1875,109.9375,665065,724063,2,2022-04-10T13:30:00Z,2022-04-10T22:30:00Z,1,614.6245599949256,53.40128031235889,54.8028119031663,40.93963593758254,7.944870214843751,1.35781716308594
5E7,17,18,17.5625,105.9375,20.9375,106.9375,666556,718113,3,2022-04-10T13:30:00Z,2022-04-10T22:30:00Z,1,388.1021028767032,15.5547137428091,11.558747474570243,41.77713540907434,6.70828896484375,1.3139765380859385
5E7,17,18,20.9375,102.8125,20.6875,106.4375,660329,717123,4,2022-04-10T13:30:00Z,2022-04-10T22:30:00Z,1,378.3667460932009,93.54941447949182,41.942575128797436,-2.6197164233487715,15.359194433593753,4.484431225585941
5E7,17,18,20.3125,104.6875,22.3125,108.9375,664054,722070,5,2022-04-10T13:30:00Z,2022-04-10T22:30:00Z,1,493.38760478733644,62.57334239760314,48.635621957996875,25.383823790933373,15.749320214843749,8.65955231933594
5E7,17,18,20.9375,103.6875,21.4375,107.6875,662065,719597,6,2022-04-10T13:30:00Z,2022-04-10T22:30:00Z,1,419.0201624626713,81.68826423028617,46.048162708762796,6.763416616125928,15.50982099609375,6.45656013183594
5E7,17,18,17.0625,106.6875,19.1875,105.5625,668048,715399,7,2022-04-10T13:30:00Z,2022-04-10T22:30:00Z,1,263.6122936218198,333.3242240389414,-13.144866695938456,26.323160265522848,5.150170996093751,-2.4865164306640617
5E7,17,18,21.3125,102.4375,21.4375,106.6875,659582,717613,8,2022-04-10T13:30:00Z,2022-04-10T22:30:00Z,1,440.9647982792931,87.42747741938524,48.92482132070258,2.2071378691410355,13.593010839843748,4.14078903808594
5E7,17,18,21.5625,101.1875,20.6875,105.5625,657100,715387,9,2022-04-10T13:30:00Z,2022-04-10T22:30:00Z,1,464.68104759579256,101.23846757032231,50.62002709886339,-10.121267890638888,15.279992871093746,2.889433569335939
5E7,17,18,17.0625,106.3125,21.6875,107.8125,667304,719843,10,2022-04-10T13:30:00Z,2022-04-10T22:30:00Z,1,535.6588628821783,16.864098535815742,17.258442802989034,57.27795335464213,8.355640527343748,1.900352319335938
5E7,18,19,20.9375,105.1875,21.4375,106.6875,714641,767213,1,2022-04-12T17:30:00Z,2022-04-12T22:30:00Z,1,165.30419098965118,70.16393930037572,31.08534648388083,11.278470644553007,4.20734471923828,-0.23974991455077904
5E7,18,19,21.1875,109.9375,22.3125,112.3125,724063,778366,2,2022-04-12T17:30:00Z,2022-04-12T22:30:00Z,1,275.44393827485806,62.67661940108928,48.91893095496291,25.41956539818467,12.886129094238283,17.361653444824224
5E7,18,19,20.9375,106.9375,21.5625,106.3125,718113,766468,3,2022-04-12T17:30:00Z,2022-04-12T22:30:00Z,1,94.85285818870726,316.96154947569596,-12.941353405411407,13.940399503798204,7.229617844238277,2.9015819604492212
5E7,18,19,20.6875,106.4375,21.6875,107.4375,717123,768699,4,2022-04-12T17:30:00Z,2022-04-12T22:30:00Z,1,151.79301845017918,42.9839016582369,20.68882152941019,22.328663392121065,9.592362531738278,3.20368946044922
5E7,18,19,22.3125,108.9375,22.9375,111.5625,722070,776873,5,2022-04-12T17:30:00Z,2022-04-12T22:30:00Z,1,278.58812065004923,75.1126988835295,53.81997662997703,14.38723855479091,19.780013078613283,19.288201179199223
5E7,18,19,21.4375,107.6875,23.5625,110.0625,719597,773892,6,2022-04-12T17:30:00Z,2022-04-12T22:30:00Z,1,339.2390652129222,45.63343342688552,48.47721409475238,47.68961553539731,20.08552932861328,5.351782741699219
5E7,18,19,19.1875,105.5625,21.1875,105.0625,715399,763991,7,2022-04-12T17:30:00Z,2022-04-12T22:30:00Z,1,227.49674408523745,346.804830609739,-10.381551523297643,44.54318193305541,6.984790422363282,0.0064197729492205145
5E7,18,19,21.4375,106.6875,21.5625,110.5625,717613,774900,8,2022-04-12T17:30:00Z,2022-04-12T22:30:00Z,1,401.75638004817006,87.31625306096237,80.22685189619743,3.7767414417856173,16.699557062988283,7.70085656982422
5E7,18,19,20.6875,105.5625,21.4375,107.3125,715387,768453,9,2022-04-12T17:30:00Z,2022-04-12T22:30:00Z,1,199.92977112257157,65.14709391024212,36.266625737910665,16.895859093088475,7.855387844238281,2.7410093041992227
5E7,18,19,21.6875,107.8125,22.3125,108.8125,719843,771422,10,2022-04-12T17:30:00Z,2022-04-12T22:30:00Z,1,124.30770553655782,55.98345098623031,20.597193073716767,13.981968844914034,15.27692917236328,-3.0972400708007806
5E7,19,20,21.4375,106.6875,23.9375,108.5625,767213,820513,1,2022-04-13T14:30:00Z,2022-04-13T22:30:00Z,1,337.2798240369102,34.478229399629925,23.85335909191161,34.935287954401026,13.27880887069702,6.9563709709167485
5E7,19,20,22.3125,112.3125,24.3125,109.0625,778366,821502,2,2022-04-13T14:30:00Z,2022-04-13T22:30:00Z,1,399.43215254117496,304.3105649157367,-41.21773020237646,28.286401297843426,4.810598567962647,0.4265536857604976
5E7,19,20,21.5625,106.3125,23.5625,108.0625,766468,819524,3,2022-04-13T14:30:00Z,2022-04-13T22:30:00Z,1,285.3800239560393,38.7675938968967,22.324873968443555,27.95887235660064,13.833755989837641,9.170373168182373
5E7,19,20,21.6875,107.4375,24.1875,109.4375,768699,822247,4,2022-04-13T14:30:00Z,2022-04-13T22:30:00Z,1,344.56014522747023,36.15185591410659,25.393948282791694,34.95713385321069,10.664934212493895,2.793384496307372
5E7,19,20,22.9375,111.5625,24.4375,110.0625,776873,823485,5,2022-04-13T14:30:00Z,2022-04-13T22:30:00Z,1,225.84114853971565,317.6561487316591,-19.004330647340435,20.97136036172324,2.7218242515563986,-1.2159832283020005
5E7,19,20,23.5625,110.0625,24.0625,109.8125,773892,822992,6,2022-04-13T14:30:00Z,2022-04-13T22:30:00Z,1,60.956118183691665,335.3471730679225,-3.17647505950663,6.9602569162153,1.5695698081970213,0.9943983146667491
5E7,19,20,21.1875,105.0625,23.3125,108.1875,763991,819774,7,2022-04-13T14:30:00Z,2022-04-13T22:30:00Z,1,398.89068940684876,53.268751151572644,39.94044564837898,29.975560387433227,12.128767513275147,9.964853002166748
5E7,19,20,21.5625,110.5625,24.9375,108.8125,774900,821001,8,2022-04-13T14:30:00Z,2022-04-13T22:30:00Z,1,414.4423078426215,334.74064894026804,-22.093077900866195,47.09308194283704,3.6303430503845204,1.8696250236511232
5E7,19,20,21.4375,107.3125,24.1875,109.5625,768453,822495,9,2022-04-13T14:30:00Z,2022-04-13T22:30:00Z,1,382.21103758193897,36.75014088082372,28.56987280446881,38.47948401902083,10.093293148040772,2.4326132560729974
5E7,19,20,22.3125,108.8125,25.4375,109.4375,771422,822237,10,2022-04-13T14:30:00Z,2022-04-13T22:30:00Z,1,351.91714095218344,10.29599422544834,7.857584622872765,43.50116802407545,6.785642415618897,3.4618814689636235
5E7,20,21,23.9375,108.5625,24.0625,109.0625,820513,871104,1,2022-04-14T17:30:00Z,2022-04-14T19:30:00Z,1,52.72598444126437,74.67523041094927,25.411457884718523,7.002529947675272,-15.646186312866217,14.925317843627932
5E7,20,21,24.3125,109.0625,24.5625,107.9375,821502,868868,2,2022-04-14T17:30:00Z,2022-04-14T19:30:00Z,1,117.39267355984944,283.8760096274154,-56.95043419265259,14.14587763708682,-20.763535336303715,10.37289284362793
5E7,20,21,23.5625,108.0625,24.3125,108.9375,819524,870854,3,2022-04-14T17:30:00Z,2022-04-14T19:30:00Z,1,121.7972725746182,46.82203119389641,44.3840250357411,41.88164549271373,-12.331913461303719,16.697537374877935
5E7,20,21,24.1875,109.4375,24.4375,108.6875,822247,870357,4,2022-04-14T17:30:00Z,2022-04-14T19:30:00Z,1,81.00791136708678,290.1422925487486,-38.00495719225948,14.01718334931977,-20.33392596130372,7.207508468627929
5E7,20,21,24.4375,110.0625,25.0625,109.4375,823485,871840,5,2022-04-14T17:30:00Z,2022-04-14T19:30:00Z,1,93.75341342161371,317.7283706883569,-31.512497435242153,34.859014898194445,-20.65485154724122,5.086602218627926
5E7,20,21,24.0625,109.8125,25.1875,109.3125,822992,871591,6,2022-04-14T17:30:00Z,2022-04-14T19:30:00Z,1,134.50443013509712,337.99309075411327,-25.185368975994937,62.66267716465169,-15.228922055053713,10.451034640502925
5E7,20,21,23.3125,108.1875,24.4375,108.4375,819774,869861,7,2022-04-14T17:30:00Z,2022-04-14T19:30:00Z,1,127.1759088949874,11.499087764070907,12.669147650037452,62.62831806002641,-12.340314047241216,16.000069015502937
5E7,20,21,24.9375,108.8125,25.0625,109.3125,821001,871592,8,2022-04-14T17:30:00Z,2022-04-14T19:30:00Z,1,52.33979611325807,74.5541048322595,25.209548473204602,7.00391914238299,-21.35053221130372,-1.170830593872072
5E7,20,21,24.1875,109.5625,24.6875,108.8125,822495,870603,9,2022-04-14T17:30:00Z,2022-04-14T19:30:00Z,1,94.08123231599271,306.2167940798792,-37.92960115202913,27.93224633796397,-18.228140414428715,8.447694406127926
5E7,20,21,25.4375,109.4375,25.1875,109.3125,822237,871591,10,2022-04-14T17:30:00Z,2022-04-14T19:30:00Z,1,30.420433457867396,204.4677842456577,-6.295970619532066,-13.911995451395098,-17.067797836303715,-1.5712532501220715
5E7,21,22,24.0625,109.0625,25.6875,105.8125,871104,914243,1,2022-04-20T13:30:00Z,2022-04-20T22:30:00Z,1,374.49043765310216,299.40314711952135,-36.227348841026014,20.527269484301925,6.000321063232421,6.293439196777346
5E7,21,22,24.5625,107.9375,27.5625,108.6875,868868,919932,2,2022-04-20T13:30:00Z,2022-04-20T22:30:00Z,1,340.7317031898134,12.560742028395907,8.227502227065662,37.129736418560675,7.998345672607423,9.64836146240235
5E7,21,22,24.3125,108.9375,28.1875,106.8125,870854,916207,3,2022-04-20T13:30:00Z,2022-04-20T22:30:00Z,1,478.90999268784225,334.15102919173484,-23.183314039699216,48.11508326083835,6.280484735107422,11.458473571777349
5E7,21,22,24.4375,108.6875,25.6875,106.1875,870357,914987,4,2022-04-20T13:30:00Z,2022-04-20T22:30:00Z,1,287.7428781346895,299.28918831699536,-27.86672459297402,15.7166186867258,4.784843328857422,5.709000915527348
5E7,21,22,25.0625,109.4375,25.5625,110.5625,871840,923668,5,2022-04-20T13:30:00Z,2022-04-20T22:30:00Z,1,126.09538165424921,63.70373893257897,12.552886519447195,6.236946876543389,4.976971063232423,6.370164196777344
5E7,21,22,25.1875,109.3125,25.9375,107.8125,871591,918209,6,2022-04-20T13:30:00Z,2022-04-20T22:30:00Z,1,172.10916566542193,299.1869433435735,-16.68453286206609,9.370439053086832,2.8279175476074245,7.215743884277347
5E7,21,22,24.4375,108.4375,27.6875,108.3125,869861,919187,7,2022-04-20T13:30:00Z,2022-04-20T22:30:00Z,1,360.2817814898054,358.0376419575257,-1.3698016558936863,40.19934889590214,6.600847235107427,10.886453259277348
5E7,21,22,25.0625,109.3125,28.0625,111.0625,871592,924640,8,2022-04-20T13:30:00Z,2022-04-20T22:30:00Z,1,375.33097458481427,27.29335541207962,19.1088431400707,37.23473982884745,6.856816766357424,1.9056727905273472
5E7,21,22,24.6875,108.8125,26.4375,108.4375,870603,919445,9,2022-04-20T13:30:00Z,2022-04-20T22:30:00Z,1,197.49514705035247,349.08100602342176,-4.15388031139157,21.6512599182399,4.079457391357424,6.345386071777347
5E7,21,22,25.1875,109.3125,26.5625,109.4375,871591,921428,10,2022-04-20T13:30:00Z,2022-04-20T22:30:00Z,1,152.8451549432984,4.674347321935215,1.3830408184127043,17.00779740824912,3.9677011413574252,7.166411853027346
5E7,22,23,25.6875,105.8125,28.0625,109.1875,914243,970520,1,2022-04-21T15:30:00Z,2022-04-21T21:30:00Z,1,426.2366974064893,51.1254907932439,55.264907234197054,44.789987394848964,24.752549029541015,28.957187841796873
5E7,22,23,27.5625,108.6875,28.9375,109.6875,919932,971505,2,2022-04-21T15:30:00Z,2022-04-21T21:30:00Z,1,181.2449427678358,32.54605127111682,16.238212764131724,25.57729250805168,21.372500592041014,20.06973940429688
5E7,22,23,28.1875,106.8125,28.8125,109.1875,916207,970514,3,2022-04-21T15:30:00Z,2022-04-21T21:30:00Z,1,242.61447259105364,72.8470998058358,38.60716257697536,11.976363486154442,17.123313482666017,18.94221284179687
5E7,22,23,25.6875,106.1875,29.0625,109.3125,914987,970760,4,2022-04-21T15:30:00Z,2022-04-21T21:30:00Z,1,485.1527240823665,38.869415029698814,50.70279410947927,63.241192457144614,22.07029942016602,25.25178354492187
5E7,22,23,25.5625,110.5625,28.9375,110.3125,923668,972745,5,2022-04-21T15:30:00Z,2022-04-21T21:30:00Z,1,374.79407082548465,356.2690469865162,-4.061555395258515,62.621194022271915,33.98341309204102,30.777300732421878
5E7,22,23,25.9375,107.8125,28.9375,109.5625,918209,971257,6,2022-04-21T15:30:00Z,2022-04-21T21:30:00Z,1,374.74462213655676,27.09647812360015,28.42651617162201,55.85645533520378,23.194561138916015,25.035632373046877
5E7,22,23,27.6875,108.3125,29.5625,109.9375,919187,971996,7,2022-04-21T15:30:00Z,2022-04-21T21:30:00Z,1,261.59078157545787,37.01843825307378,26.228042600052472,34.963764646863865,19.856455279541017,18.233467529296878
5E7,22,23,28.0625,111.0625,29.4375,110.0625,924640,972245,8,2022-04-21T15:30:00Z,2022-04-21T21:30:00Z,1,181.00490536393139,327.582521988262,-16.159242960106084,25.57805260372575,23.484059967041013,20.32806401367187
5E7,22,23,26.4375,108.4375,28.8125,108.9375,919445,970018,9,2022-04-21T15:30:00Z,2022-04-21T21:30:00Z,1,267.7678547686746,10.505238769677135,8.130498550032561,44.080198844145166,23.405233795166016,22.982974951171872
5E7,22,23,26.5625,109.4375,28.5625,108.9375,921428,970020,10,2022-04-21T15:30:00Z,2022-04-21T21:30:00Z,1,227.05811128651354,347.5546427635285,-8.149255482240266,37.12276765958518,25.72913457641602,26.380287451171878
5E7,23,24,28.0625,109.1875,28.1875,108.6875,970520,1019127,1,2022-04-30T13:30:00Z,2022-04-30T17:30:00Z,1,51.03984146535851,285.86587652149666,-12.264690839557776,3.5039437978918087,-41.04458515777588,-16.668630560302734
5E7,23,24,28.9375,109.6875,30.5625,109.3125,971505,1020348,2,2022-04-30T13:30:00Z,2022-04-30T17:30:00Z,1,183.74382287975456,348.7071857141702,-8.987542011684837,45.23801752598214,-23.251257325744625,-12.531922064208981
5E7,23,24,28.8125,109.1875,30.1875,107.4375,970514,1016631,3,2022-04-30T13:30:00Z,2022-04-30T17:30:00Z,1,228.0806453482805,312.357125738981,-42.0999480192645,38.58046522624085,-21.554708106994628,-7.125331146240234
5E7,23,24,29.0625,109.3125,30.6875,108.4375,970760,1018611,4,2022-04-30T13:30:00Z,2022-04-30T17:30:00Z,1,198.97740339089742,335.0773757420257,-20.943699315267274,45.30255063353604,-21.656375587463373,-9.691127435302736
5E7,23,24,28.9375,110.3125,29.8125,107.9375,972745,1017626,5,2022-04-30T13:30:00Z,2022-04-30T17:30:00Z,1,250.13680937853144,293.3923217168762,-57.34688880564035,24.931607719370987,-25.234762403869627,-13.032468841552735
5E7,23,24,28.9375,109.5625,30.3125,106.9375,971257,1015638,6,2022-04-30T13:30:00Z,2022-04-30T17:30:00Z,1,296.39583269551616,301.5876822641542,-63.0666118274144,38.97533710437285,-23.46058906402588,-8.503725970458987
5E7,23,24,29.5625,109.9375,27.6875,108.1875,971996,1018139,7,2022-04-30T13:30:00Z,2022-04-30T17:30:00Z,1,269.1897845290408,219.89447753804296,-43.131782266347386,-51.86225599847389,-37.26972588043212,-16.68123583374024
5E7,23,24,29.4375,110.0625,29.6875,109.8125,972245,1021347,8,2022-04-30T13:30:00Z,2022-04-30T17:30:00Z,1,36.808210868742776,318.8999220221496,-6.044242532591773,6.963965703631398,-28.07866923980713,-18.140659661865232
5E7,23,24,28.8125,108.9375,30.4375,107.5625,970018,1016877,9,2022-04-30T13:30:00Z,2022-04-30T17:30:00Z,1,223.9984213478424,323.8625388051419,-32.99598131376288,45.41764552050923,-20.62584922027588,-6.629749310302735
5E7,23,24,28.5625,108.9375,29.0625,107.6875,970020,1017136,10,2022-04-30T13:30:00Z,2022-04-30T17:30:00Z,1,134.01117233562113,294.72623896390184,-30.40710429678027,14.074376801618088,-28.09518476715088,-6.892870111083986
5E7,24,25,28.1875,108.6875,31.4375,107.9375,1019127,1067213,1,2022-05-01T12:30:00Z,2022-05-01T21:30:00Z,1,367.47958713863784,348.80643899865527,-7.919095021322169,40.22405184145771,0.4705296325683614,-18.45548170776367
5E7,24,25,30.5625,109.3125,34.0625,106.5625,1020348,1064464,2,2022-05-01T12:30:00Z,2022-05-01T21:30:00Z,1,466.5364296606127,327.01357509839505,-28.192793767701403,43.64687296036037,-0.4595977111816385,-13.405527801513669
5E7,24,25,30.1875,107.4375,32.5625,108.3125,1016631,1067948,3,2022-05-01T12:30:00Z,2022-05-01T21:30:00Z,1,276.1689572494867,17.315122472373787,9.123964249072205,29.411841328202907,-2.37258052368164,-12.33193327026367
5E7,24,25,30.6875,108.4375,31.5625,108.6875,1018611,1068700,4,2022-05-01T12:30:00Z,2022-05-01T21:30:00Z,1,99.90001374208019,13.744592320247364,2.634876991644342,10.825687172904507,-0.01874927368163898,-14.45248327026367
5E7,24,25,29.8125,107.9375,31.5625,104.1875,1017626,1059772,5,2022-05-01T12:30:00Z,2022-05-01T21:30:00Z,1,408.29787628046665,299.3153936803844,-39.52044211344589,22.300099775580094,-7.791868023681639,-10.38768756713867
5E7,24,25,30.3125,106.9375,33.1875,108.5625,1015638,1068439,6,2022-05-01T12:30:00Z,2022-05-01T21:30:00Z,1,354.0055395860122,25.355521631183706,16.827257164865934,35.68428475379696,-2.2724898986816395,-12.64986647338867
5E7,24,25,27.6875,108.1875,31.6875,107.9375,1018139,1067211,7,2022-05-01T12:30:00Z,2022-05-01T21:30:00Z,1,444.04892167348214,356.93765812861494,-2.6333759672079236,49.47811714155726,-0.38420630493163815,-17.807009051513667
5E7,24,25,29.6875,109.8125,32.9375,109.1875,1021347,1069681,8,2022-05-01T12:30:00Z,2022-05-01T21:30:00Z,1,365.21937647628795,350.78592120688273,-6.491394362834879,40.21682191067338,2.3094890075683616,-15.677549676513674
5E7,24,25,30.4375,107.5625,32.4375,106.5625,1016877,1064477,9,2022-05-01T12:30:00Z,2022-05-01T21:30:00Z,1,241.26816611652262,337.0545723113133,-10.440986545615939,24.78473854443492,-3.2640977111816385,-14.515805145263666
5E7,24,25,29.0625,107.6875,32.6875,105.4375,1017136,1062243,10,2022-05-01T12:30:00Z,2022-05-01T21:30:00Z,1,455.8305129491906,332.40720274895347,-23.436462387747007,45.06906801180021,-4.579686773681639,-13.163703192138671
5E7,25,26,31.4375,107.9375,31.9375,106.0625,1067213,1113089,1,2022-05-02T12:30:00Z,2022-05-02T18:30:00Z,1,186.21405101554123,287.8117170393974,-29.52035014253574,9.529776454037815,2.3120240661621128,-5.364116967773437
5E7,25,26,34.0625,106.5625,32.5625,105.1875,1064464,1111348,2,2022-05-02T12:30:00Z,2022-05-02T18:30:00Z,1,209.92863516427627,217.96349243424626,-21.502389014687008,-27.687220532496003,8.693702581787111,2.4630008056640644
5E7,25,26,32.5625,108.3125,33.3125,106.5625,1067948,1114070,3,2022-05-02T12:30:00Z,2022-05-02T18:30:00Z,1,183.57850990425163,297.41527182248376,-27.132785726206123,14.13949520513672,6.782778753662109,-1.6314208740234368
5E7,25,26,31.5625,108.6875,32.9375,106.4375,1068700,1113825,4,2022-05-02T12:30:00Z,2022-05-02T18:30:00Z,1,261.15009808941033,306.3169310550581,-35.03572085555806,25.87553213903873,9.64598695678711,-2.154744506835935
5E7,25,26,31.5625,104.1875,33.1875,106.0625,1059772,1113079,5,2022-05-02T12:30:00Z,2022-05-02T18:30:00Z,1,252.19397931934563,43.89868337615553,29.115373194766654,30.402250054333148,7.432254144287111,4.997053344726564
5E7,25,26,33.1875,108.5625,31.6875,106.5625,1068439,1114083,6,2022-05-02T12:30:00Z,2022-05-02T18:30:00Z,1,251.0765818536813,229.05047035570666,-31.576634511480812,-27.53219730928962,9.827381488037114,-1.7043249755859358
5E7,25,26,31.6875,107.9375,31.4375,107.6875,1067211,1116317,7,2022-05-02T12:30:00Z,2022-05-02T18:30:00Z,1,36.49279529904557,220.63691983912395,-3.9574616095804447,-4.633787558206959,2.459231488037111,-5.555430249023436
5E7,25,26,32.9375,109.1875,33.4375,108.1875,1069681,1117293,8,2022-05-02T12:30:00Z,2022-05-02T18:30:00Z,1,108.4962969344432,301.0107151352094,-15.482412972890224,9.350418237515742,13.998463128662111,0.41726799316406304
5E7,25,26,32.4375,106.5625,32.3125,104.8125,1064477,1110606,9,2022-05-02T12:30:00Z,2022-05-02T18:30:00Z,1,165.26686415541715,265.6576755436675,-27.439130096764334,-2.094631275660666,5.766981097412112,1.6800717041015631
5E7,25,26,32.6875,105.4375,32.4375,107.8125,1062243,1116557,10,2022-05-02T12:30:00Z,2022-05-02T18:30:00Z,1,224.75179437369454,96.44537463806864,37.186007574052766,-4.222969429818083,8.273152972412111,-0.20080993652343546
5E7,26,27,31.9375,106.0625,35.1875,106.3125,1113089,1163159,1,2022-05-03T12:30:00Z,2022-05-03T17:30:00Z,1,361.2187727479243,3.6160334880749474,4.551343422930357,72.36308102288851,8.422163316650394,26.763258493652344
5E7,26,27,32.5625,105.1875,34.1875,104.4375,1111348,1159447,2,2022-05-03T12:30:00Z,2022-05-03T17:30:00Z,1,193.26983743392134,339.0371819096915,-13.814308068104618,36.228218447982044,0.5607645666503905,2.918695056152345
5E7,26,27,33.3125,106.5625,34.1875,106.9375,1114070,1164407,3,2022-05-03T12:30:00Z,2022-05-03T17:30:00Z,1,103.08493865540929,19.59365607122254,6.906541013627961,19.493420001185463,8.065014488525392,18.485805915527347
5E7,26,27,32.9375,106.4375,36.6875,105.3125,1113825,1161163,4,2022-05-03T12:30:00Z,2022-05-03T17:30:00Z,1,428.5488656468004,346.42119046662697,-20.099173396989404,83.6005250082144,0.5949807385253906,24.878493259277352
5E7,26,27,33.1875,106.0625,35.4375,104.5625,1113079,1159685,5,2022-05-03T12:30:00Z,2022-05-03T17:30:00Z,1,285.2204988357827,331.46939466379445,-27.215222048171896,50.29268768396812,-2.6429049645996097,12.693950837402348
5E7,26,27,31.6875,106.5625,34.4375,106.1875,1114083,1162917,6,2022-05-03T12:30:00Z,2022-05-03T17:30:00Z,1,306.99368222110735,353.5514466687149,-6.888382227427987,61.23786800363239,11.84463761352539,25.412770524902346
5E7,26,27,31.4375,107.6875,34.3125,106.1875,1116317,1162918,7,2022-05-03T12:30:00Z,2022-05-03T17:30:00Z,1,348.36435076270726,336.64147672149994,-27.594795368776126,64.2022723139423,14.60489683227539,18.804167556152347
5E7,26,27,33.4375,108.1875,35.1875,106.1875,1117293,1162911,8,2022-05-03T12:30:00Z,2022-05-03T17:30:00Z,1,267.5181686342147,317.07949588765325,-36.394569643708024,39.31727021328265,11.093473004150392,14.669611149902346
5E7,26,27,32.3125,104.8125,33.3125,104.9375,1110606,1160446,9,2022-05-03T12:30:00Z,2022-05-03T17:30:00Z,1,111.51722723259505,5.9918160305096535,2.3258253877186377,22.26526679743135,1.9072236291503908,7.458160056152348
5E7,26,27,32.4375,107.8125,33.9375,108.3125,1116557,1167137,10,2022-05-03T12:30:00Z,2022-05-03T17:30:00Z,1,172.77171423845235,15.520664749915682,9.236608816547124,33.41776154513345,16.369937457275398,13.278553571777346
5E7,27,28,35.1875,106.3125,36.4375,102.0625,1163159,1204317,1,2022-05-05T12:30:00Z,2022-05-05T21:30:00Z,1,408.32746487860845,291.0891697555144,-42.28092688321729,16.374419180211763,-7.9437160339355435,11.599689532470707
5E7,27,28,34.1875,104.4375,36.5625,102.3125,1159447,1204812,2,2022-05-05T12:30:00Z,2022-05-05T21:30:00Z,1,326.6565187316864,324.3755505140001,-21.115744292902733,29.600504649898898,-5.293742596435545,2.610721173095703
5E7,27,28,34.1875,106.9375,36.1875,101.6875,1164407,1203575,3,2022-05-05T12:30:00Z,2022-05-05T21:30:00Z,1,527.036078244682,296.3903009524037,-52.39569979005571,26.110586118762978,-4.094962908935545,13.70110300903321
5E7,27,28,36.6875,105.3125,36.4375,102.1875,1161163,1204565,4,2022-05-05T12:30:00Z,2022-05-05T21:30:00Z,1,281.1064161302993,265.26886008671096,-31.090846114758385,-2.5865107796482265,-13.844692596435543,-1.9268839050292936
5E7,27,28,35.4375,104.5625,36.4375,102.0625,1159685,1204317,5,2022-05-05T12:30:00Z,2022-05-05T21:30:00Z,1,251.38616075904636,296.9207029507548,-24.875519030779643,12.686120359945553,-10.230597674560544,5.970782110595705
5E7,27,28,34.4375,106.1875,37.6875,102.8125,1162917,1205795,6,2022-05-05T12:30:00Z,2022-05-05T21:30:00Z,1,471.62231156384814,320.845736296964,-33.04613415988488,40.764452162895914,-6.991636346435545,9.778369610595707
5E7,27,28,34.3125,106.1875,36.6875,101.3125,1162918,1202827,7,2022-05-05T12:30:00Z,2022-05-05T21:30:00Z,1,514.741736293614,302.1839064980274,-48.34752361379347,30.559613270072546,-5.440537127685546,10.427228009033204
5E7,27,28,35.1875,106.1875,36.9375,103.0625,1162911,1206297,8,2022-05-05T12:30:00Z,2022-05-05T21:30:00Z,1,341.9757789590686,305.5068004137794,-30.894188549861763,22.138088624556964,-7.857248455810548,9.411967852783205
5E7,27,28,33.3125,104.9375,36.5625,101.5625,1160446,1203324,9,2022-05-05T12:30:00Z,2022-05-05T21:30:00Z,1,474.33673493042386,320.4192627688002,-33.54136183160991,40.75702622863283,-2.4722715026855453,5.380862384033203
5E7,27,28,33.9375,108.3125,36.5625,101.5625,1167137,1203324,10,2022-05-05T12:30:00Z,2022-05-05T21:30:00Z,1,679.6234920674393,297.28670135639743,-67.03117644402813,34.72522558919869,-3.0081367370605463,13.494875079345702
5E7,28,29,36.4375,102.0625,37.04428903,101.724188,1204317,1253168,1,2022-05-06T14:30:00Z,2022-05-06T16:30:00Z,1,73.80541777703166,335.9342347343853,-16.65601898251263,34.81987444624446,-11.737779826354995,0.02592987670898871
5E7,28,29,36.5625,102.3125,37.04428903,101.724188,1204812,1253168,2,2022-05-06T14:30:00Z,2022-05-06T16:30:00Z,1,74.93287679843478,315.6975811486991,-16.65601898251263,34.81987444624446,-11.737779826354995,0.02592987670898871
5E7,28,29,36.1875,101.6875,37.04428903,101.724188,1203575,1253168,3,2022-05-06T14:30:00Z,2022-05-06T16:30:00Z,1,95.13490257469753,1.9660881982741785,-27.759706730690006,27.92041962660617,-7.892751310729986,-2.2003502014160143
5E7,28,29,36.4375,102.1875,37.04428903,101.724188,1204565,1253168,4,2022-05-06T14:30:00Z,2022-05-06T16:30:00Z,1,79.0348913155873,328.56694611592025,2.982154395558978e-15,48.70227722205733,-9.503264396667493,-0.07246807250976002
5E7,28,29,36.4375,102.0625,37.04428903,101.724188,1204317,1253168,5,2022-05-06T14:30:00Z,2022-05-06T16:30:00Z,1,73.80541777703166,335.9342347343853,-22.207981160613613,34.84517838243094,-11.701744670104993,-0.560300592041012
5E7,28,29,37.6875,102.8125,37.04428903,101.724188,1205795,1253168,6,2022-05-06T14:30:00Z,2022-05-06T16:30:00Z,1,119.95762625257761,233.81220753034444,-49.967001491365956,-34.48884300336078,-5.3914579513549805,2.1747783142089863
5E7,28,29,36.6875,101.3125,37.04428903,101.724188,1202827,1253168,7,2022-05-06T14:30:00Z,2022-05-06T16:30:00Z,1,53.99351248125334,42.711078481688105,16.65580732998189,20.90506462074776,-6.084261076354985,-0.755466998291013
5E7,28,29,36.9375,103.0625,37.04428903,101.724188,1206297,1253168,8,2022-05-06T14:30:00Z,2022-05-06T16:30:00Z,1,119.72655488969541,276.08307455304447,-61.068939781105975,7.39827143785508,-6.419340568542485,-1.5586194396972641
5E7,28,29,36.5625,101.5625,37.04428903,101.724188,1203324,1253168,9,2022-05-06T14:30:00Z,2022-05-06T16:30:00Z,1,55.37880917593443,15.054461156592765,5.551979298366016,27.833494565695975,-6.083438420104989,-1.4811447326660125
5E7,28,29,36.5625,101.5625,37.04428903,101.724188,1203324,1253168,10,2022-05-06T14:30:00Z,2022-05-06T16:30:00Z,1,55.37880917593443,15.054461156592765,5.551979298366016,27.833494565695975,-6.083438420104989,-1.4811447326660125
