tag_id,stap_id,type,lat,lon,ind,j,interp,known
56C,1,simulation,37.01987498,101.585549,12920,1,,TRUE
56C,1,simulation,37.01987498,101.585549,12920,2,,TRUE
56C,1,simulation,37.01987498,101.585549,12920,3,,TRUE
56C,1,simulation,37.01987498,101.585549,12920,4,,TRUE
56C,1,simulation,37.01987498,101.585549,12920,5,,TRUE
56C,1,simulation,37.01987498,101.585549,12920,6,,TRUE
56C,1,simulation,37.01987498,101.585549,12920,7,,TRUE
56C,1,simulation,37.01987498,101.585549,12920,8,,TRUE
56C,1,simulation,37.01987498,101.585549,12920,9,,TRUE
56C,1,simulation,37.01987498,101.585549,12920,10,,TRUE
56C,2,simulation,36.5625,102.1875,14164,1,,FALSE
56C,2,simulation,36.1875,102.8125,15407,2,,FALSE
56C,2,simulation,36.5625,102.9375,15652,3,,FALSE
56C,2,simulation,36.5625,102.8125,15404,4,,FALSE
56C,2,simulation,35.8125,102.6875,15162,5,,FALSE
56C,2,simulation,36.5625,102.9375,15652,6,,FALSE
56C,2,simulation,36.4375,102.3125,14413,7,,FALSE
56C,2,simulation,36.1875,102.6875,15159,8,,FALSE
56C,2,simulation,35.8125,102.3125,14418,9,,FALSE
56C,2,simulation,35.9375,102.8125,15409,10,,FALSE
56C,3,simulation,36.8125,104.6875,19122,1,,FALSE
56C,3,simulation,36.0625,105.5625,20864,2,,FALSE
56C,3,simulation,35.3125,105.1875,20126,3,,FALSE
56C,3,simulation,36.4375,105.1875,20117,4,,FALSE
56C,3,simulation,34.9375,104.3125,18393,5,,FALSE
56C,3,simulation,35.3125,103.3125,16406,6,,FALSE
56C,3,simulation,34.9375,104.6875,19137,7,,FALSE
56C,3,simulation,35.6875,104.4375,18635,8,,FALSE
56C,3,simulation,37.0625,104.3125,18376,9,,FALSE
56C,3,simulation,35.3125,105.1875,20126,10,,FALSE
56C,4,simulation,35.9375,106.0625,21857,1,,FALSE
56C,4,simulation,35.3125,104.4375,18638,2,,FALSE
56C,4,simulation,34.8125,104.4375,18642,3,,FALSE
56C,4,simulation,35.0625,104.9375,19632,4,,FALSE
56C,4,simulation,35.0625,104.4375,18640,5,,FALSE
56C,4,simulation,34.6875,104.5625,18891,6,,FALSE
56C,4,simulation,35.4375,104.6875,19133,7,,FALSE
56C,4,simulation,35.1875,104.4375,18639,8,,FALSE
56C,4,simulation,35.3125,104.5625,18886,9,,FALSE
56C,4,simulation,35.8125,105.3125,20370,10,,FALSE
56C,5,simulation,34.9375,106.8125,23353,1,,FALSE
56C,5,simulation,33.0625,105.4375,20640,2,,FALSE
56C,5,simulation,33.6875,106.3125,22371,3,,FALSE
56C,5,simulation,34.3125,106.5625,22862,4,,FALSE
56C,5,simulation,34.3125,106.4375,22614,5,,FALSE
56C,5,simulation,33.6875,105.6875,21131,6,,FALSE
56C,5,simulation,33.9375,105.8125,21377,7,,FALSE
56C,5,simulation,33.9375,106.3125,22369,8,,FALSE
56C,5,simulation,34.6875,106.9375,23603,9,,FALSE
56C,5,simulation,35.5625,107.4375,24588,10,,FALSE
56C,6,simulation,32.6875,108.9375,27587,1,,FALSE
56C,6,simulation,34.5625,110.0625,29804,2,,FALSE
56C,6,simulation,32.3125,105.6875,21142,3,,FALSE
56C,6,simulation,34.6875,108.6875,27075,4,,FALSE
56C,6,simulation,33.0625,109.1875,28080,5,,FALSE
56C,6,simulation,31.4375,105.0625,19909,6,,FALSE
56C,6,simulation,32.6875,108.9375,27587,7,,FALSE
56C,6,simulation,31.0625,105.4375,20656,8,,FALSE
56C,6,simulation,33.3125,107.3125,24358,9,,FALSE
56C,6,simulation,34.5625,108.3125,26332,10,,FALSE
56C,7,simulation,31.5625,108.9375,27596,1,,FALSE
56C,7,simulation,32.5625,107.5625,24860,2,,FALSE
56C,7,simulation,31.9375,110.5625,30817,3,,FALSE
56C,7,simulation,31.6875,110.1875,30075,4,,FALSE
56C,7,simulation,31.8125,109.3125,28338,5,,FALSE
56C,7,simulation,32.4375,107.8125,25357,6,,FALSE
56C,7,simulation,31.6875,110.3125,30323,7,,FALSE
56C,7,simulation,31.5625,109.0625,27844,8,,FALSE
56C,7,simulation,31.9375,108.8125,27345,9,,FALSE
56C,7,simulation,31.9375,108.9375,27593,10,,FALSE
56C,8,simulation,29.4375,108.4375,26621,1,,FALSE
56C,8,simulation,30.3125,108.6875,27110,2,,FALSE
56C,8,simulation,30.1875,109.3125,28351,3,,FALSE
56C,8,simulation,30.3125,109.5625,28846,4,,FALSE
56C,8,simulation,29.5625,109.0625,27860,5,,FALSE
56C,8,simulation,29.5625,109.0625,27860,6,,FALSE
56C,8,simulation,29.0625,108.5625,26872,7,,FALSE
56C,8,simulation,30.4375,109.6875,29093,8,,FALSE
56C,8,simulation,30.3125,108.8125,27358,9,,FALSE
56C,8,simulation,29.6875,108.8125,27363,10,,FALSE
56C,9,simulation,28.9375,110.9375,31585,1,,FALSE
56C,9,simulation,30.5625,110.8125,31324,2,,FALSE
56C,9,simulation,25.3125,112.9375,35582,3,,FALSE
56C,9,simulation,28.6875,110.6875,31091,4,,FALSE
56C,9,simulation,28.6875,109.6875,29107,5,,FALSE
56C,9,simulation,25.6875,110.3125,30371,6,,FALSE
56C,9,simulation,27.6875,109.4375,28619,7,,FALSE
56C,9,simulation,29.4375,108.1875,26125,8,,FALSE
56C,9,simulation,26.9375,111.1875,32097,9,,FALSE
56C,9,simulation,27.3125,110.0625,29862,10,,FALSE
56C,10,simulation,27.1875,109.5625,28871,1,,FALSE
56C,10,simulation,27.4375,109.0625,27877,2,,FALSE
56C,10,simulation,26.6875,109.8125,29371,3,,FALSE
56C,10,simulation,27.3125,109.6875,29118,4,,FALSE
56C,10,simulation,27.6875,109.5625,28867,5,,FALSE
56C,10,simulation,27.1875,109.8125,29367,6,,FALSE
56C,10,simulation,25.8125,108.5625,26898,7,,FALSE
56C,10,simulation,27.6875,109.0625,27875,8,,FALSE
56C,10,simulation,26.9375,109.4375,28625,9,,FALSE
56C,10,simulation,26.4375,109.5625,28877,10,,FALSE
56C,11,simulation,,,,1,,FALSE
56C,11,simulation,,,,2,,FALSE
56C,11,simulation,,,,3,,FALSE
56C,11,simulation,,,,4,,FALSE
56C,11,simulation,,,,5,,FALSE
56C,11,simulation,,,,6,,FALSE
56C,11,simulation,,,,7,,FALSE
56C,11,simulation,,,,8,,FALSE
56C,11,simulation,,,,9,,FALSE
56C,11,simulation,,,,10,,FALSE
56C,12,simulation,,,,1,,FALSE
56C,12,simulation,,,,2,,FALSE
56C,12,simulation,,,,3,,FALSE
56C,12,simulation,,,,4,,FALSE
56C,12,simulation,,,,5,,FALSE
56C,12,simulation,,,,6,,FALSE
56C,12,simulation,,,,7,,FALSE
56C,12,simulation,,,,8,,FALSE
56C,12,simulation,,,,9,,FALSE
56C,12,simulation,,,,10,,FALSE
56C,13,simulation,,,,1,,FALSE
56C,13,simulation,,,,2,,FALSE
56C,13,simulation,,,,3,,FALSE
56C,13,simulation,,,,4,,FALSE
56C,13,simulation,,,,5,,FALSE
56C,13,simulation,,,,6,,FALSE
56C,13,simulation,,,,7,,FALSE
56C,13,simulation,,,,8,,FALSE
56C,13,simulation,,,,9,,FALSE
56C,13,simulation,,,,10,,FALSE
56C,14,simulation,,,,1,,FALSE
56C,14,simulation,,,,2,,FALSE
56C,14,simulation,,,,3,,FALSE
56C,14,simulation,,,,4,,FALSE
56C,14,simulation,,,,5,,FALSE
56C,14,simulation,,,,6,,FALSE
56C,14,simulation,,,,7,,FALSE
56C,14,simulation,,,,8,,FALSE
56C,14,simulation,,,,9,,FALSE
56C,14,simulation,,,,10,,FALSE
56C,15,simulation,14.9375,100.5625,11113,1,,FALSE
56C,15,simulation,14.4375,101.1875,12357,2,,FALSE
56C,15,simulation,14.1875,100.3125,10623,3,,FALSE
56C,15,simulation,13.4375,101.0625,12117,4,,FALSE
56C,15,simulation,14.3125,101.3125,12606,5,,FALSE
56C,15,simulation,13.8125,101.4375,12858,6,,FALSE
56C,15,simulation,14.5625,100.4375,10868,7,,FALSE
56C,15,simulation,14.1875,100.4375,10871,8,,FALSE
56C,15,simulation,14.3125,100.1875,10374,9,,FALSE
56C,15,simulation,14.0625,100.0625,10128,10,,FALSE
56C,16,simulation,16.1875,102.0625,14079,1,,FALSE
56C,16,simulation,18.1875,100.3125,10591,2,,FALSE
56C,16,simulation,18.4375,104.3125,18525,3,,FALSE
56C,16,simulation,17.1875,100.8125,11591,4,,FALSE
56C,16,simulation,18.5625,102.3125,14556,5,,FALSE
56C,16,simulation,16.5625,101.6875,13332,6,,FALSE
56C,16,simulation,16.8125,101.1875,12338,7,,FALSE
56C,16,simulation,16.4375,101.9375,13829,8,,FALSE
56C,16,simulation,16.8125,100.8125,11594,9,,FALSE
56C,16,simulation,19.5625,101.4375,12812,10,,FALSE
56C,17,simulation,17.6875,106.1875,22251,1,,FALSE
56C,17,simulation,18.5625,104.4375,18772,2,,FALSE
56C,17,simulation,17.3125,103.8125,17542,3,,FALSE
56C,17,simulation,19.4375,104.9375,19757,4,,FALSE
56C,17,simulation,19.4375,105.5625,20997,5,,FALSE
56C,17,simulation,16.9375,104.0625,18041,6,,FALSE
56C,17,simulation,17.8125,106.3125,22498,7,,FALSE
56C,17,simulation,18.0625,104.8125,19520,8,,FALSE
56C,17,simulation,16.9375,103.6875,17297,9,,FALSE
56C,17,simulation,17.0625,102.1875,14320,10,,FALSE
56C,18,simulation,20.3125,105.8125,21486,1,,FALSE
56C,18,simulation,21.5625,105.3125,20484,2,,FALSE
56C,18,simulation,21.8125,106.0625,21970,3,,FALSE
56C,18,simulation,22.3125,105.8125,21470,4,,FALSE
56C,18,simulation,18.9375,105.6875,21249,5,,FALSE
56C,18,simulation,20.6875,105.5625,20987,6,,FALSE
56C,18,simulation,19.9375,105.9375,21737,7,,FALSE
56C,18,simulation,20.9375,105.4375,20737,8,,FALSE
56C,18,simulation,20.0625,105.5625,20992,9,,FALSE
56C,18,simulation,20.4375,105.8125,21485,10,,FALSE
56C,19,simulation,21.1875,106.8125,23463,1,,FALSE
56C,19,simulation,20.6875,105.3125,20491,2,,FALSE
56C,19,simulation,21.4375,106.5625,22965,3,,FALSE
56C,19,simulation,21.4375,105.9375,21725,4,,FALSE
56C,19,simulation,21.5625,105.9375,21724,5,,FALSE
56C,19,simulation,21.6875,105.4375,20731,6,,FALSE
56C,19,simulation,21.6875,105.8125,21475,7,,FALSE
56C,19,simulation,22.0625,105.0625,19984,8,,FALSE
56C,19,simulation,21.5625,107.8125,25444,9,,FALSE
56C,19,simulation,21.5625,106.6875,23212,10,,FALSE
56C,20,simulation,24.1875,106.8125,23439,1,,FALSE
56C,20,simulation,23.6875,106.0625,21955,2,,FALSE
56C,20,simulation,23.6875,107.0625,23939,3,,FALSE
56C,20,simulation,23.6875,107.0625,23939,4,,FALSE
56C,20,simulation,24.0625,106.6875,23192,5,,FALSE
56C,20,simulation,23.9375,106.5625,22945,6,,FALSE
56C,20,simulation,23.1875,107.6875,25183,7,,FALSE
56C,20,simulation,23.8125,108.1875,26170,8,,FALSE
56C,20,simulation,23.8125,107.1875,24186,9,,FALSE
56C,20,simulation,23.8125,107.9375,25674,10,,FALSE
56C,21,simulation,28.0625,111.0625,31840,1,,FALSE
56C,21,simulation,22.0625,106.5625,22960,2,,FALSE
56C,21,simulation,22.6875,105.6875,21219,3,,FALSE
56C,21,simulation,25.4375,106.9375,23677,4,,FALSE
56C,21,simulation,23.6875,108.9375,27659,5,,FALSE
56C,21,simulation,25.0625,109.8125,29384,6,,FALSE
56C,21,simulation,23.5625,110.6875,31132,7,,FALSE
56C,21,simulation,25.4375,107.0625,23925,8,,FALSE
56C,21,simulation,23.6875,110.3125,30387,9,,FALSE
56C,21,simulation,23.5625,111.8125,33364,10,,FALSE
56C,22,simulation,28.3125,111.4375,32582,1,,FALSE
56C,22,simulation,23.5625,107.1875,24188,2,,FALSE
56C,22,simulation,24.8125,107.4375,24674,3,,FALSE
56C,22,simulation,24.8125,107.6875,25170,4,,FALSE
56C,22,simulation,24.5625,108.9375,27652,5,,FALSE
56C,22,simulation,26.5625,109.0625,27884,6,,FALSE
56C,22,simulation,23.5625,109.1875,28156,7,,FALSE
56C,22,simulation,25.0625,107.3125,24424,8,,FALSE
56C,22,simulation,24.0625,107.4375,24680,9,,FALSE
56C,22,simulation,26.6875,110.6875,31107,10,,FALSE
56C,23,simulation,31.6875,106.1875,22139,1,,FALSE
56C,23,simulation,24.0625,106.3125,22448,2,,FALSE
56C,23,simulation,27.9375,104.1875,18201,3,,FALSE
56C,23,simulation,27.1875,106.3125,22423,4,,FALSE
56C,23,simulation,27.8125,108.3125,26386,5,,FALSE
56C,23,simulation,27.9375,106.0625,21921,6,,FALSE
56C,23,simulation,27.5625,107.5625,24900,7,,FALSE
56C,23,simulation,29.3125,109.0625,27862,8,,FALSE
56C,23,simulation,27.6875,104.6875,19195,9,,FALSE
56C,23,simulation,29.8125,107.3125,24386,10,,FALSE
56C,24,simulation,,,,1,,FALSE
56C,24,simulation,,,,2,,FALSE
56C,24,simulation,,,,3,,FALSE
56C,24,simulation,,,,4,,FALSE
56C,24,simulation,,,,5,,FALSE
56C,24,simulation,,,,6,,FALSE
56C,24,simulation,,,,7,,FALSE
56C,24,simulation,,,,8,,FALSE
56C,24,simulation,,,,9,,FALSE
56C,24,simulation,,,,10,,FALSE
56C,25,simulation,,,,1,,FALSE
56C,25,simulation,,,,2,,FALSE
56C,25,simulation,,,,3,,FALSE
56C,25,simulation,,,,4,,FALSE
56C,25,simulation,,,,5,,FALSE
56C,25,simulation,,,,6,,FALSE
56C,25,simulation,,,,7,,FALSE
56C,25,simulation,,,,8,,FALSE
56C,25,simulation,,,,9,,FALSE
56C,25,simulation,,,,10,,FALSE
56C,26,simulation,37.01987498,101.585549,12920,1,,TRUE
56C,26,simulation,37.01987498,101.585549,12920,2,,TRUE
56C,26,simulation,37.01987498,101.585549,12920,3,,TRUE
56C,26,simulation,37.01987498,101.585549,12920,4,,TRUE
56C,26,simulation,37.01987498,101.585549,12920,5,,TRUE
56C,26,simulation,37.01987498,101.585549,12920,6,,TRUE
56C,26,simulation,37.01987498,101.585549,12920,7,,TRUE
56C,26,simulation,37.01987498,101.585549,12920,8,,TRUE
56C,26,simulation,37.01987498,101.585549,12920,9,,TRUE
56C,26,simulation,37.01987498,101.585549,12920,10,,TRUE
5CF,1,simulation,62.28616,88.97598,984,1,,TRUE
5CF,1,simulation,62.28616,88.97598,984,2,,TRUE
5CF,1,simulation,62.28616,88.97598,984,3,,TRUE
5CF,1,simulation,62.28616,88.97598,984,4,,TRUE
5CF,1,simulation,62.28616,88.97598,984,5,,TRUE
5CF,1,simulation,62.28616,88.97598,984,6,,TRUE
5CF,1,simulation,62.28616,88.97598,984,7,,TRUE
5CF,1,simulation,62.28616,88.97598,984,8,,TRUE
5CF,1,simulation,62.28616,88.97598,984,9,,TRUE
5CF,1,simulation,62.28616,88.97598,984,10,,TRUE
5CF,2,simulation,60.1,91.69999999999999,4425,1,,FALSE
5CF,2,simulation,60.3,92.69999999999999,5649,2,,FALSE
5CF,2,simulation,60.5,92.9,5893,3,,FALSE
5CF,2,simulation,62.1,91.1,3680,4,,FALSE
5CF,2,simulation,61.5,90.9,3438,5,,FALSE
5CF,2,simulation,60.5,94.9,8343,6,,FALSE
5CF,2,simulation,60.3,92.5,5404,7,,FALSE
5CF,2,simulation,60.9,90.30000000000001,2706,8,,FALSE
5CF,2,simulation,60.1,90.69999999999999,3200,9,,FALSE
5CF,2,simulation,60.5,90.9,3443,10,,FALSE
5CF,3,simulation,60.9,92.1,4911,1,,FALSE
5CF,3,simulation,60.5,92.5,5403,2,,FALSE
5CF,3,simulation,60.1,90.9,3445,3,,FALSE
5CF,3,simulation,60.699999999999996,91.1,3687,4,,FALSE
5CF,3,simulation,60.1,91.30000000000001,3935,5,,FALSE
5CF,3,simulation,59.3,94.1,7369,6,,FALSE
5CF,3,simulation,60.1,95.30000000000001,8835,7,,FALSE
5CF,3,simulation,60.3,90.9,3444,8,,FALSE
5CF,3,simulation,60.1,91.5,4180,9,,FALSE
5CF,3,simulation,60.5,90.30000000000001,2708,10,,FALSE
5CF,4,simulation,59.699999999999996,91.9,4672,1,,FALSE
5CF,4,simulation,58.9,92.9,5901,2,,FALSE
5CF,4,simulation,59.5,93.9,7123,3,,FALSE
5CF,4,simulation,60.5,93.5,6628,4,,FALSE
5CF,4,simulation,60.3,92.69999999999999,5649,5,,FALSE
5CF,4,simulation,59.9,93.30000000000001,6386,6,,FALSE
5CF,4,simulation,59.699999999999996,92.5,5407,7,,FALSE
5CF,4,simulation,59.699999999999996,93.30000000000001,6387,8,,FALSE
5CF,4,simulation,59.699999999999996,94.69999999999999,8102,9,,FALSE
5CF,4,simulation,60.699999999999996,92.69999999999999,5647,10,,FALSE
5CF,5,simulation,56.699999999999996,94.5,7872,1,,FALSE
5CF,5,simulation,57.3,92.30000000000001,5174,2,,FALSE
5CF,5,simulation,56.699999999999996,98.1,12282,3,,FALSE
5CF,5,simulation,58.1,98.1,12275,4,,FALSE
5CF,5,simulation,59.3,96.9,10799,5,,FALSE
5CF,5,simulation,58.5,99.5,13988,6,,FALSE
5CF,5,simulation,57.1,97.1,11055,7,,FALSE
5CF,5,simulation,57.1,99.30000000000001,13750,8,,FALSE
5CF,5,simulation,57.1,99.5,13995,9,,FALSE
5CF,5,simulation,57.3,98.9,13259,10,,FALSE
5CF,6,simulation,57.1,98.30000000000001,12525,1,,FALSE
5CF,6,simulation,58.699999999999996,96.30000000000001,10067,2,,FALSE
5CF,6,simulation,57.1,98.9,13260,3,,FALSE
5CF,6,simulation,56.9,98.9,13261,4,,FALSE
5CF,6,simulation,58.699999999999996,96.9,10802,5,,FALSE
5CF,6,simulation,58.1,98.1,12275,6,,FALSE
5CF,6,simulation,58.5,97.9,12028,7,,FALSE
5CF,6,simulation,57.3,98.69999999999999,13014,8,,FALSE
5CF,6,simulation,57.5,97.5,11543,9,,FALSE
5CF,6,simulation,57.1,98.9,13260,10,,FALSE
5CF,7,simulation,54.699999999999996,101.9,16947,1,,FALSE
5CF,7,simulation,56.1,103.9,19390,2,,FALSE
5CF,7,simulation,55.3,101.69999999999999,16699,3,,FALSE
5CF,7,simulation,57.3,100.9,15709,4,,FALSE
5CF,7,simulation,56.9,102.1,17181,5,,FALSE
5CF,7,simulation,56.3,103.1,18409,6,,FALSE
5CF,7,simulation,57.5,103.1,18403,7,,FALSE
5CF,7,simulation,55.9,102.9,18166,8,,FALSE
5CF,7,simulation,55.699999999999996,101.69999999999999,16697,9,,FALSE
5CF,7,simulation,55.1,101.1,15965,10,,FALSE
5CF,8,simulation,51.1,106.69999999999999,22845,1,,FALSE
5CF,8,simulation,53.1,106.5,22590,2,,FALSE
5CF,8,simulation,53.1,106.69999999999999,22835,3,,FALSE
5CF,8,simulation,51.9,107.30000000000001,23576,4,,FALSE
5CF,8,simulation,53.5,107.69999999999999,24058,5,,FALSE
5CF,8,simulation,54.1,105.69999999999999,21605,6,,FALSE
5CF,8,simulation,51.9,104.30000000000001,19901,7,,FALSE
5CF,8,simulation,51.3,109.9,26764,8,,FALSE
5CF,8,simulation,52.9,106.5,22591,9,,FALSE
5CF,8,simulation,51.5,108.5,25048,10,,FALSE
5CF,9,simulation,47.9,110.69999999999999,27761,1,,FALSE
5CF,9,simulation,49.1,109.69999999999999,26530,2,,FALSE
5CF,9,simulation,48.1,110.1,27025,3,,FALSE
5CF,9,simulation,48.3,110.1,27024,4,,FALSE
5CF,9,simulation,48.699999999999996,109.5,26287,5,,FALSE
5CF,9,simulation,49.1,109.9,26775,6,,FALSE
5CF,9,simulation,48.1,109.5,26290,7,,FALSE
5CF,9,simulation,48.1,110.30000000000001,27270,8,,FALSE
5CF,9,simulation,47.9,109.5,26291,9,,FALSE
5CF,9,simulation,47.5,109.9,26783,10,,FALSE
5CF,10,simulation,48.3,110.9,28004,1,,FALSE
5CF,10,simulation,48.5,110.69999999999999,27758,2,,FALSE
5CF,10,simulation,48.3,111.5,28739,3,,FALSE
5CF,10,simulation,47.699999999999996,110.5,27517,4,,FALSE
5CF,10,simulation,48.3,110.69999999999999,27759,5,,FALSE
5CF,10,simulation,48.3,111.1,28249,6,,FALSE
5CF,10,simulation,48.1,110.5,27515,7,,FALSE
5CF,10,simulation,47.9,111.1,28251,8,,FALSE
5CF,10,simulation,47.699999999999996,110.69999999999999,27762,9,,FALSE
5CF,10,simulation,47.3,110.1,27029,10,,FALSE
5CF,11,simulation,48.9,113.1,30696,1,,FALSE
5CF,11,simulation,48.1,111.5,28740,2,,FALSE
5CF,11,simulation,48.1,111.5,28740,3,,FALSE
5CF,11,simulation,47.3,109.9,26784,4,,FALSE
5CF,11,simulation,47.9,110.9,28006,5,,FALSE
5CF,11,simulation,47.9,110.9,28006,6,,FALSE
5CF,11,simulation,47.5,110.69999999999999,27763,7,,FALSE
5CF,11,simulation,49.5,112.30000000000001,29713,8,,FALSE
5CF,11,simulation,47.1,109.5,26295,9,,FALSE
5CF,11,simulation,48.3,111.1,28249,10,,FALSE
5CF,12,simulation,42.1,112.5,29995,1,,FALSE
5CF,12,simulation,42.1,113.9,31710,2,,FALSE
5CF,12,simulation,42.3,114.9,32934,3,,FALSE
5CF,12,simulation,42.699999999999996,109.9,26807,4,,FALSE
5CF,12,simulation,42.49999999999999,112.9,30483,5,,FALSE
5CF,12,simulation,39.699999999999996,112.69999999999999,30252,6,,FALSE
5CF,12,simulation,38.9,113.69999999999999,31481,7,,FALSE
5CF,12,simulation,42.3,112.1,29504,8,,FALSE
5CF,12,simulation,41.1,114.30000000000001,32205,9,,FALSE
5CF,12,simulation,39.9,111.5,28781,10,,FALSE
5CF,13,simulation,39.3,111.69999999999999,29029,1,,FALSE
5CF,13,simulation,40.3,113.5,31229,2,,FALSE
5CF,13,simulation,39.49999999999999,112.69999999999999,30253,3,,FALSE
5CF,13,simulation,39.3,112.69999999999999,30254,4,,FALSE
5CF,13,simulation,39.3,112.1,29519,5,,FALSE
5CF,13,simulation,38.699999999999996,111.5,28787,6,,FALSE
5CF,13,simulation,40.3,112.1,29514,7,,FALSE
5CF,13,simulation,39.699999999999996,112.30000000000001,29762,8,,FALSE
5CF,13,simulation,39.1,112.5,30010,9,,FALSE
5CF,13,simulation,38.699999999999996,114.1,31972,10,,FALSE
5CF,14,simulation,37.699999999999996,111.1,28302,1,,FALSE
5CF,14,simulation,36.49999999999999,111.1,28308,2,,FALSE
5CF,14,simulation,35.3,112.5,30029,3,,FALSE
5CF,14,simulation,37.3,110.69999999999999,27814,4,,FALSE
5CF,14,simulation,36.1,109.30000000000001,26105,5,,FALSE
5CF,14,simulation,38.1,110.9,28055,6,,FALSE
5CF,14,simulation,36.49999999999999,110.9,28063,7,,FALSE
5CF,14,simulation,37.49999999999999,109.69999999999999,26588,8,,FALSE
5CF,14,simulation,36.1,110.5,27575,9,,FALSE
5CF,14,simulation,35.699999999999996,111.69999999999999,29047,10,,FALSE
5CF,15,simulation,35.699999999999996,110.5,27577,1,,FALSE
5CF,15,simulation,34.3,109.69999999999999,26604,2,,FALSE
5CF,15,simulation,34.49999999999999,110.30000000000001,27338,3,,FALSE
5CF,15,simulation,35.49999999999999,111.30000000000001,28558,4,,FALSE
5CF,15,simulation,34.9,110.5,27581,5,,FALSE
5CF,15,simulation,34.9,108.30000000000001,24886,6,,FALSE
5CF,15,simulation,34.9,110.30000000000001,27336,7,,FALSE
5CF,15,simulation,34.49999999999999,110.9,28073,8,,FALSE
5CF,15,simulation,34.9,111.1,28316,9,,FALSE
5CF,15,simulation,35.1,109.30000000000001,26110,10,,FALSE
5CF,16,simulation,34.49999999999999,110.30000000000001,27338,1,,FALSE
5CF,16,simulation,34.9,109.30000000000001,26111,2,,FALSE
5CF,16,simulation,34.9,109.30000000000001,26111,3,,FALSE
5CF,16,simulation,35.3,109.69999999999999,26599,4,,FALSE
5CF,16,simulation,34.699999999999996,110.69999999999999,27827,5,,FALSE
5CF,16,simulation,34.49999999999999,110.30000000000001,27338,6,,FALSE
5CF,16,simulation,34.49999999999999,109.69999999999999,26603,7,,FALSE
5CF,16,simulation,34.49999999999999,110.1,27093,8,,FALSE
5CF,16,simulation,34.9,109.30000000000001,26111,9,,FALSE
5CF,16,simulation,34.699999999999996,108.9,25622,10,,FALSE
5CF,17,simulation,33.1,108.9,25630,1,,FALSE
5CF,17,simulation,32.9,110.1,27101,2,,FALSE
5CF,17,simulation,32.1,110.1,27105,3,,FALSE
5CF,17,simulation,32.3,109.1,25879,4,,FALSE
5CF,17,simulation,31.499999999999996,109.69999999999999,26618,5,,FALSE
5CF,17,simulation,32.3,110.1,27104,6,,FALSE
5CF,17,simulation,32.49999999999999,107.5,23918,7,,FALSE
5CF,17,simulation,32.49999999999999,111.1,28328,8,,FALSE
5CF,17,simulation,31.499999999999996,110.69999999999999,27843,9,,FALSE
5CF,17,simulation,32.9,108.69999999999999,25386,10,,FALSE
5CF,18,simulation,32.49999999999999,108.69999999999999,25388,1,,FALSE
5CF,18,simulation,30.9,110.5,27601,2,,FALSE
5CF,18,simulation,30.9,110.30000000000001,27356,3,,FALSE
5CF,18,simulation,30.9,109.9,26866,4,,FALSE
5CF,18,simulation,31.299999999999997,108.69999999999999,25394,5,,FALSE
5CF,18,simulation,30.699999999999996,110.30000000000001,27357,6,,FALSE
5CF,18,simulation,31.499999999999996,107.1,23433,7,,FALSE
5CF,18,simulation,30.299999999999997,110.69999999999999,27849,8,,FALSE
5CF,18,simulation,32.49999999999999,107.69999999999999,24163,9,,FALSE
5CF,18,simulation,31.499999999999996,109.30000000000001,26128,10,,FALSE
5CF,19,simulation,30.699999999999996,109.5,26377,1,,FALSE
5CF,19,simulation,31.499999999999996,107.69999999999999,24168,2,,FALSE
5CF,19,simulation,30.9,106.1,22211,3,,FALSE
5CF,19,simulation,30.699999999999996,108.69999999999999,25397,4,,FALSE
5CF,19,simulation,29.699999999999996,106.9,23197,5,,FALSE
5CF,19,simulation,30.099999999999994,107.1,23440,6,,FALSE
5CF,19,simulation,30.5,107.30000000000001,23683,7,,FALSE
5CF,19,simulation,30.099999999999994,107.69999999999999,24175,8,,FALSE
5CF,19,simulation,29.699999999999996,106.69999999999999,22952,9,,FALSE
5CF,19,simulation,30.9,107.9,24416,10,,FALSE
5CF,20,simulation,30.099999999999994,108.1,24665,1,,FALSE
5CF,20,simulation,30.9,107.30000000000001,23681,2,,FALSE
5CF,20,simulation,30.299999999999997,106.69999999999999,22949,3,,FALSE
5CF,20,simulation,29.9,107.5,23931,4,,FALSE
5CF,20,simulation,29.299999999999997,106.5,22709,5,,FALSE
5CF,20,simulation,29.9,106.9,23196,6,,FALSE
5CF,20,simulation,29.5,107.5,23933,7,,FALSE
5CF,20,simulation,29.699999999999996,106.9,23197,8,,FALSE
5CF,20,simulation,29.9,106.30000000000001,22461,9,,FALSE
5CF,20,simulation,29.699999999999996,107.30000000000001,23687,10,,FALSE
5CF,21,simulation,25.699999999999996,104.9,20767,1,,FALSE
5CF,21,simulation,28.9,103.5,19036,2,,FALSE
5CF,21,simulation,27.099999999999994,106.5,22720,3,,FALSE
5CF,21,simulation,28.299999999999997,107.5,23939,4,,FALSE
5CF,21,simulation,27.099999999999994,106.30000000000001,22475,5,,FALSE
5CF,21,simulation,30.299999999999997,109.1,25889,6,,FALSE
5CF,21,simulation,27.5,104.1,19778,7,,FALSE
5CF,21,simulation,26.099999999999994,106.69999999999999,22970,8,,FALSE
5CF,21,simulation,29.5,103.5,19033,9,,FALSE
5CF,21,simulation,27.9,103.9,19531,10,,FALSE
5CF,22,simulation,23.699999999999996,103.9,19552,1,,FALSE
5CF,22,simulation,28.099999999999994,106.9,23205,2,,FALSE
5CF,22,simulation,23.099999999999994,105.9,22005,3,,FALSE
5CF,22,simulation,26.5,105.30000000000001,21253,4,,FALSE
5CF,22,simulation,24.299999999999997,104.9,20774,5,,FALSE
5CF,22,simulation,27.099999999999994,103.69999999999999,19290,6,,FALSE
5CF,22,simulation,24.099999999999994,101.69999999999999,16855,7,,FALSE
5CF,22,simulation,23.699999999999996,105.30000000000001,21267,8,,FALSE
5CF,22,simulation,25.9,99.1,13661,9,,FALSE
5CF,22,simulation,23.499999999999993,103.30000000000001,18818,10,,FALSE
5CF,23,simulation,23.299999999999997,102.5,17839,1,,FALSE
5CF,23,simulation,26.9,107.5,23946,2,,FALSE
5CF,23,simulation,22.299999999999997,105.1,21029,3,,FALSE
5CF,23,simulation,26.299999999999997,105.5,21499,4,,FALSE
5CF,23,simulation,24.9,106.5,22731,5,,FALSE
5CF,23,simulation,25.5,102.9,18318,6,,FALSE
5CF,23,simulation,25.5,101.69999999999999,16848,7,,FALSE
5CF,23,simulation,24.499999999999993,104.69999999999999,20528,8,,FALSE
5CF,23,simulation,25.299999999999997,99.1,13664,9,,FALSE
5CF,23,simulation,23.699999999999996,102.30000000000001,17592,10,,FALSE
5CF,24,simulation,,,,1,,FALSE
5CF,24,simulation,,,,2,,FALSE
5CF,24,simulation,,,,3,,FALSE
5CF,24,simulation,,,,4,,FALSE
5CF,24,simulation,,,,5,,FALSE
5CF,24,simulation,,,,6,,FALSE
5CF,24,simulation,,,,7,,FALSE
5CF,24,simulation,,,,8,,FALSE
5CF,24,simulation,,,,9,,FALSE
5CF,24,simulation,,,,10,,FALSE
5CF,25,simulation,,,,1,,FALSE
5CF,25,simulation,,,,2,,FALSE
5CF,25,simulation,,,,3,,FALSE
5CF,25,simulation,,,,4,,FALSE
5CF,25,simulation,,,,5,,FALSE
5CF,25,simulation,,,,6,,FALSE
5CF,25,simulation,,,,7,,FALSE
5CF,25,simulation,,,,8,,FALSE
5CF,25,simulation,,,,9,,FALSE
5CF,25,simulation,,,,10,,FALSE
5CF,26,simulation,19.9,103.69999999999999,19326,1,,FALSE
5CF,26,simulation,20.499999999999993,103.30000000000001,18833,2,,FALSE
5CF,26,simulation,20.299999999999997,101.5,16629,3,,FALSE
5CF,26,simulation,19.9,101.30000000000001,16386,4,,FALSE
5CF,26,simulation,20.699999999999996,101.1,16137,5,,FALSE
5CF,26,simulation,21.099999999999994,102.1,17360,6,,FALSE
5CF,26,simulation,21.299999999999997,100.5,15399,7,,FALSE
5CF,26,simulation,20.699999999999996,102.69999999999999,18097,8,,FALSE
5CF,26,simulation,20.099999999999994,101.9,17120,9,,FALSE
5CF,26,simulation,23.499999999999993,99.9,14653,10,,FALSE
5CF,27,simulation,22.9,107.30000000000001,23721,1,,FALSE
5CF,27,simulation,23.099999999999994,103.1,18575,2,,FALSE
5CF,27,simulation,22.9,106.1,22251,3,,FALSE
5CF,27,simulation,22.699999999999996,105.5,21517,4,,FALSE
5CF,27,simulation,22.299999999999997,105.30000000000001,21274,5,,FALSE
5CF,27,simulation,23.9,106.5,22736,6,,FALSE
5CF,27,simulation,24.099999999999994,105.69999999999999,21755,7,,FALSE
5CF,27,simulation,21.099999999999994,104.5,20300,8,,FALSE
5CF,27,simulation,22.699999999999996,104.30000000000001,20047,9,,FALSE
5CF,27,simulation,24.9,106.30000000000001,22486,10,,FALSE
5CF,28,simulation,27.299999999999997,111.69999999999999,29089,1,,FALSE
5CF,28,simulation,26.9,109.1,25906,2,,FALSE
5CF,28,simulation,28.299999999999997,108.30000000000001,24919,3,,FALSE
5CF,28,simulation,27.299999999999997,109.30000000000001,26149,4,,FALSE
5CF,28,simulation,28.299999999999997,109.1,25899,5,,FALSE
5CF,28,simulation,27.299999999999997,109.9,26884,6,,FALSE
5CF,28,simulation,27.299999999999997,109.69999999999999,26639,7,,FALSE
5CF,28,simulation,26.099999999999994,108.9,25665,8,,FALSE
5CF,28,simulation,25.9,108.5,25176,9,,FALSE
5CF,28,simulation,26.299999999999997,110.30000000000001,27379,10,,FALSE
5CF,29,simulation,27.299999999999997,110.30000000000001,27374,1,,FALSE
5CF,29,simulation,27.299999999999997,110.9,28109,2,,FALSE
5CF,29,simulation,29.299999999999997,108.1,24669,3,,FALSE
5CF,29,simulation,27.9,109.69999999999999,26636,4,,FALSE
5CF,29,simulation,29.5,108.30000000000001,24913,5,,FALSE
5CF,29,simulation,29.299999999999997,108.9,25649,6,,FALSE
5CF,29,simulation,27.299999999999997,110.9,28109,7,,FALSE
5CF,29,simulation,27.9,108.69999999999999,25411,8,,FALSE
5CF,29,simulation,27.299999999999997,108.9,25659,9,,FALSE
5CF,29,simulation,27.5,111.5,28843,10,,FALSE
5CF,30,simulation,27.699999999999996,110.1,27127,1,,FALSE
5CF,30,simulation,29.099999999999994,110.30000000000001,27365,2,,FALSE
5CF,30,simulation,31.299999999999997,109.69999999999999,26619,3,,FALSE
5CF,30,simulation,28.9,109.9,26876,4,,FALSE
5CF,30,simulation,28.5,110.30000000000001,27368,5,,FALSE
5CF,30,simulation,28.5,109.5,26388,6,,FALSE
5CF,30,simulation,28.5,109.9,26878,7,,FALSE
5CF,30,simulation,28.299999999999997,111.1,28349,8,,FALSE
5CF,30,simulation,28.9,110.1,27121,9,,FALSE
5CF,30,simulation,28.9,111.30000000000001,28591,10,,FALSE
5CF,31,simulation,29.9,110.30000000000001,27361,1,,FALSE
5CF,31,simulation,30.099999999999994,111.1,28340,2,,FALSE
5CF,31,simulation,30.5,109.9,26868,3,,FALSE
5CF,31,simulation,30.099999999999994,111.1,28340,4,,FALSE
5CF,31,simulation,29.5,110.69999999999999,27853,5,,FALSE
5CF,31,simulation,30.099999999999994,111.1,28340,6,,FALSE
5CF,31,simulation,29.699999999999996,111.1,28342,7,,FALSE
5CF,31,simulation,29.699999999999996,111.30000000000001,28587,8,,FALSE
5CF,31,simulation,30.099999999999994,110.69999999999999,27850,9,,FALSE
5CF,31,simulation,29.699999999999996,111.5,28832,10,,FALSE
5CF,32,simulation,31.499999999999996,112.9,30538,1,,FALSE
5CF,32,simulation,31.499999999999996,112.9,30538,2,,FALSE
5CF,32,simulation,31.9,113.69999999999999,31516,3,,FALSE
5CF,32,simulation,31.299999999999997,112.9,30539,4,,FALSE
5CF,32,simulation,31.299999999999997,112.9,30539,5,,FALSE
5CF,32,simulation,31.499999999999996,112.9,30538,6,,FALSE
5CF,32,simulation,31.299999999999997,112.9,30539,7,,FALSE
5CF,32,simulation,31.499999999999996,112.9,30538,8,,FALSE
5CF,32,simulation,31.9,113.69999999999999,31516,9,,FALSE
5CF,32,simulation,31.299999999999997,112.9,30539,10,,FALSE
5CF,33,simulation,35.3,109.69999999999999,26599,1,,FALSE
5CF,33,simulation,35.49999999999999,110.5,27578,2,,FALSE
5CF,33,simulation,35.49999999999999,111.1,28313,3,,FALSE
5CF,33,simulation,35.49999999999999,111.30000000000001,28558,4,,FALSE
5CF,33,simulation,35.9,111.5,28801,5,,FALSE
5CF,33,simulation,35.699999999999996,109.5,26352,6,,FALSE
5CF,33,simulation,35.49999999999999,111.30000000000001,28558,7,,FALSE
5CF,33,simulation,36.3,111.5,28799,8,,FALSE
5CF,33,simulation,36.1,110.30000000000001,27330,9,,FALSE
5CF,33,simulation,35.9,110.9,28066,10,,FALSE
5CF,34,simulation,37.1,110.69999999999999,27815,1,,FALSE
5CF,34,simulation,36.9,110.5,27571,2,,FALSE
5CF,34,simulation,36.49999999999999,110.5,27573,3,,FALSE
5CF,34,simulation,37.1,110.5,27570,4,,FALSE
5CF,34,simulation,37.49999999999999,110.9,28058,5,,FALSE
5CF,34,simulation,37.1,110.5,27570,6,,FALSE
5CF,34,simulation,37.1,110.5,27570,7,,FALSE
5CF,34,simulation,36.699999999999996,110.5,27572,8,,FALSE
5CF,34,simulation,37.1,110.5,27570,9,,FALSE
5CF,34,simulation,37.1,110.5,27570,10,,FALSE
5CF,35,simulation,39.1,111.30000000000001,28540,1,,FALSE
5CF,35,simulation,38.9,110.9,28051,2,,FALSE
5CF,35,simulation,37.699999999999996,110.9,28057,3,,FALSE
5CF,35,simulation,37.1,112.5,30020,4,,FALSE
5CF,35,simulation,39.9,110.9,28046,5,,FALSE
5CF,35,simulation,36.1,111.30000000000001,28555,6,,FALSE
5CF,35,simulation,38.3,109.9,26829,7,,FALSE
5CF,35,simulation,37.9,110.1,27076,8,,FALSE
5CF,35,simulation,36.3,112.30000000000001,29779,9,,FALSE
5CF,35,simulation,39.699999999999996,111.30000000000001,28537,10,,FALSE
5CF,36,simulation,40.1,113.9,31720,1,,FALSE
5CF,36,simulation,39.9,113.69999999999999,31476,2,,FALSE
5CF,36,simulation,40.1,111.69999999999999,29025,3,,FALSE
5CF,36,simulation,39.49999999999999,112.69999999999999,30253,4,,FALSE
5CF,36,simulation,40.3,111.9,29269,5,,FALSE
5CF,36,simulation,35.9,112.1,29536,6,,FALSE
5CF,36,simulation,39.699999999999996,111.30000000000001,28537,7,,FALSE
5CF,36,simulation,39.49999999999999,112.1,29518,8,,FALSE
5CF,36,simulation,37.3,113.1,30754,9,,FALSE
5CF,36,simulation,39.699999999999996,110.1,27067,10,,FALSE
5CF,37,simulation,43.1,111.1,28275,1,,FALSE
5CF,37,simulation,40.49999999999999,111.5,28778,2,,FALSE
5CF,37,simulation,42.49999999999999,111.30000000000001,28523,3,,FALSE
5CF,37,simulation,42.49999999999999,108.5,25093,4,,FALSE
5CF,37,simulation,42.1,106.1,22155,5,,FALSE
5CF,37,simulation,40.3,107.69999999999999,24124,6,,FALSE
5CF,37,simulation,42.1,104.5,20195,7,,FALSE
5CF,37,simulation,42.699999999999996,112.1,29502,8,,FALSE
5CF,37,simulation,42.1,107.30000000000001,23625,9,,FALSE
5CF,37,simulation,42.1,105.1,20930,10,,FALSE
5CF,38,simulation,46.9,108.5,25071,1,,FALSE
5CF,38,simulation,46.1,106.1,22135,2,,FALSE
5CF,38,simulation,46.49999999999999,108.69999999999999,25318,3,,FALSE
5CF,38,simulation,45.699999999999996,106.69999999999999,22872,4,,FALSE
5CF,38,simulation,45.1,105.5,21405,5,,FALSE
5CF,38,simulation,44.1,106.1,22145,6,,FALSE
5CF,38,simulation,43.9,106.5,22636,7,,FALSE
5CF,38,simulation,47.3,104.69999999999999,20414,8,,FALSE
5CF,38,simulation,45.3,104.1,19689,9,,FALSE
5CF,38,simulation,43.3,105.30000000000001,21169,10,,FALSE
5CF,39,simulation,48.9,107.69999999999999,24081,1,,FALSE
5CF,39,simulation,48.1,102.5,17715,2,,FALSE
5CF,39,simulation,49.3,109.1,25794,3,,FALSE
5CF,39,simulation,50.1,103.69999999999999,19175,4,,FALSE
5CF,39,simulation,49.1,102.69999999999999,17955,5,,FALSE
5CF,39,simulation,47.699999999999996,102.69999999999999,17962,6,,FALSE
5CF,39,simulation,47.9,102.69999999999999,17961,7,,FALSE
5CF,39,simulation,48.699999999999996,106.1,22122,8,,FALSE
5CF,39,simulation,48.1,103.69999999999999,19185,9,,FALSE
5CF,39,simulation,47.3,103.1,18454,10,,FALSE
5CF,40,simulation,51.1,102.1,17210,1,,FALSE
5CF,40,simulation,50.699999999999996,100.30000000000001,15007,2,,FALSE
5CF,40,simulation,50.699999999999996,102.30000000000001,17457,3,,FALSE
5CF,40,simulation,51.1,100.9,15740,4,,FALSE
5CF,40,simulation,52.3,100.9,15734,5,,FALSE
5CF,40,simulation,51.5,102.1,17208,6,,FALSE
5CF,40,simulation,51.3,100.5,15249,7,,FALSE
5CF,40,simulation,52.1,101.9,16960,8,,FALSE
5CF,40,simulation,51.5,100.30000000000001,15003,9,,FALSE
5CF,40,simulation,51.5,99.69999999999999,14268,10,,FALSE
5CF,41,simulation,53.9,101.9,16951,1,,FALSE
5CF,41,simulation,54.5,99.30000000000001,13763,2,,FALSE
5CF,41,simulation,54.1,102.1,17195,3,,FALSE
5CF,41,simulation,53.3,102.5,17689,4,,FALSE
5CF,41,simulation,54.3,94.1,7394,5,,FALSE
5CF,41,simulation,53.699999999999996,101.5,16462,6,,FALSE
5CF,41,simulation,53.1,102.9,18180,7,,FALSE
5CF,41,simulation,54.1,103.5,18910,8,,FALSE
5CF,41,simulation,54.3,100.9,15724,9,,FALSE
5CF,41,simulation,54.1,100.69999999999999,15480,10,,FALSE
5CF,42,simulation,54.9,100.30000000000001,14986,1,,FALSE
5CF,42,simulation,55.5,97.1,11063,2,,FALSE
5CF,42,simulation,55.1,98.9,13270,3,,FALSE
5CF,42,simulation,55.1,101.9,16945,4,,FALSE
5CF,42,simulation,55.1,96.5,10330,5,,FALSE
5CF,42,simulation,54.9,98.30000000000001,12536,6,,FALSE
5CF,42,simulation,54.9,99.69999999999999,14251,7,,FALSE
5CF,42,simulation,55.699999999999996,100.30000000000001,14982,8,,FALSE
5CF,42,simulation,55.3,99.69999999999999,14249,9,,FALSE
5CF,42,simulation,54.699999999999996,99.30000000000001,13762,10,,FALSE
5CF,43,simulation,56.1,95.5,9100,1,,FALSE
5CF,43,simulation,57.3,96.5,10319,2,,FALSE
5CF,43,simulation,56.5,98.9,13263,3,,FALSE
5CF,43,simulation,56.3,99.30000000000001,13754,4,,FALSE
5CF,43,simulation,57.3,95.69999999999999,9339,5,,FALSE
5CF,43,simulation,56.9,99.1,13506,6,,FALSE
5CF,43,simulation,56.1,95.9,9590,7,,FALSE
5CF,43,simulation,57.1,96.5,10320,8,,FALSE
5CF,43,simulation,56.1,95.5,9100,9,,FALSE
5CF,43,simulation,57.3,97.9,12034,10,,FALSE
5CF,44,simulation,58.9,95.1,8596,1,,FALSE
5CF,44,simulation,56.699999999999996,94.9,8362,2,,FALSE
5CF,44,simulation,57.3,95.5,9094,3,,FALSE
5CF,44,simulation,58.5,95.1,8598,4,,FALSE
5CF,44,simulation,58.1,93.69999999999999,6885,5,,FALSE
5CF,44,simulation,58.9,96.30000000000001,10066,6,,FALSE
5CF,44,simulation,57.699999999999996,95.1,8602,7,,FALSE
5CF,44,simulation,58.699999999999996,95.5,9087,8,,FALSE
5CF,44,simulation,56.1,94.1,7385,9,,FALSE
5CF,44,simulation,58.699999999999996,94.9,8352,10,,FALSE
5CF,45,simulation,58.699999999999996,93.1,6147,1,,FALSE
5CF,45,simulation,57.5,94.5,7868,2,,FALSE
5CF,45,simulation,57.1,93.1,6155,3,,FALSE
5CF,45,simulation,59.3,93.30000000000001,6389,4,,FALSE
5CF,45,simulation,58.9,93.9,7126,5,,FALSE
5CF,45,simulation,60.1,92.30000000000001,5160,6,,FALSE
5CF,45,simulation,59.5,92.5,5408,7,,FALSE
5CF,45,simulation,58.5,93.9,7128,8,,FALSE
5CF,45,simulation,55.699999999999996,89.30000000000001,1507,9,,FALSE
5CF,45,simulation,59.1,92.9,5900,10,,FALSE
5CF,46,simulation,60.9,92.1,4911,1,,FALSE
5CF,46,simulation,60.5,91.1,3688,2,,FALSE
5CF,46,simulation,60.3,90.5,2954,3,,FALSE
5CF,46,simulation,60.9,89.9,2216,4,,FALSE
5CF,46,simulation,60.699999999999996,90.1,2462,5,,FALSE
5CF,46,simulation,60.1,91.69999999999999,4425,6,,FALSE
5CF,46,simulation,60.5,90.30000000000001,2708,7,,FALSE
5CF,46,simulation,59.9,90.9,3446,8,,FALSE
5CF,46,simulation,59.5,90.69999999999999,3203,9,,FALSE
5CF,46,simulation,59.9,91.5,4181,10,,FALSE
5CF,47,simulation,62.5,90.30000000000001,2698,1,,FALSE
5CF,47,simulation,61.9,89.69999999999999,1966,2,,FALSE
5CF,47,simulation,61.5,88.69999999999999,743,3,,FALSE
5CF,47,simulation,62.5,90.5,2943,4,,FALSE
5CF,47,simulation,61.3,90.30000000000001,2704,5,,FALSE
5CF,47,simulation,61.9,90.1,2456,6,,FALSE
5CF,47,simulation,61.3,88.1,9,7,,FALSE
5CF,47,simulation,61.5,89.1,1233,8,,FALSE
5CF,47,simulation,61.5,88.1,8,9,,FALSE
5CF,47,simulation,61.9,89.9,2211,10,,FALSE
5CF,48,simulation,62.28616,88.97598,984,1,,TRUE
5CF,48,simulation,62.28616,88.97598,984,2,,TRUE
5CF,48,simulation,62.28616,88.97598,984,3,,TRUE
5CF,48,simulation,62.28616,88.97598,984,4,,TRUE
5CF,48,simulation,62.28616,88.97598,984,5,,TRUE
5CF,48,simulation,62.28616,88.97598,984,6,,TRUE
5CF,48,simulation,62.28616,88.97598,984,7,,TRUE
5CF,48,simulation,62.28616,88.97598,984,8,,TRUE
5CF,48,simulation,62.28616,88.97598,984,9,,TRUE
5CF,48,simulation,62.28616,88.97598,984,10,,TRUE
5D6,1,simulation,37.04525798,101.722533,13168,1,,TRUE
5D6,1,simulation,37.04525798,101.722533,13168,2,,TRUE
5D6,1,simulation,37.04525798,101.722533,13168,3,,TRUE
5D6,1,simulation,37.04525798,101.722533,13168,4,,TRUE
5D6,1,simulation,37.04525798,101.722533,13168,5,,TRUE
5D6,1,simulation,37.04525798,101.722533,13168,6,,TRUE
5D6,1,simulation,37.04525798,101.722533,13168,7,,TRUE
5D6,1,simulation,37.04525798,101.722533,13168,8,,TRUE
5D6,1,simulation,37.04525798,101.722533,13168,9,,TRUE
5D6,1,simulation,37.04525798,101.722533,13168,10,,TRUE
5D6,2,simulation,35.8125,105.0625,19874,1,,FALSE
5D6,2,simulation,36.0625,104.9375,19624,2,,FALSE
5D6,2,simulation,36.3125,104.6875,19126,3,,FALSE
5D6,2,simulation,36.0625,105.0625,19872,4,,FALSE
5D6,2,simulation,36.1875,104.9375,19623,5,,FALSE
5D6,2,simulation,36.4375,104.9375,19621,6,,FALSE
5D6,2,simulation,36.0625,105.0625,19872,7,,FALSE
5D6,2,simulation,36.1875,105.0625,19871,8,,FALSE
5D6,2,simulation,35.8125,105.0625,19874,9,,FALSE
5D6,2,simulation,35.8125,104.9375,19626,10,,FALSE
5D6,3,simulation,34.9375,109.3125,28313,1,,FALSE
5D6,3,simulation,34.0625,108.4375,26584,2,,FALSE
5D6,3,simulation,34.5625,108.8125,27324,3,,FALSE
5D6,3,simulation,34.6875,108.9375,27571,4,,FALSE
5D6,3,simulation,34.4375,108.9375,27573,5,,FALSE
5D6,3,simulation,34.8125,109.6875,29058,6,,FALSE
5D6,3,simulation,34.0625,109.4375,28568,7,,FALSE
5D6,3,simulation,34.0625,109.3125,28320,8,,FALSE
5D6,3,simulation,34.5625,108.4375,26580,9,,FALSE
5D6,3,simulation,34.5625,109.4375,28564,10,,FALSE
5D6,4,simulation,31.5625,111.1875,32060,1,,FALSE
5D6,4,simulation,30.1875,107.6875,25127,2,,FALSE
5D6,4,simulation,32.6875,111.1875,32051,3,,FALSE
5D6,4,simulation,32.3125,111.3125,32302,4,,FALSE
5D6,4,simulation,30.9375,110.9375,31569,5,,FALSE
5D6,4,simulation,31.8125,111.9375,33546,6,,FALSE
5D6,4,simulation,33.0625,112.1875,34032,7,,FALSE
5D6,4,simulation,31.0625,111.0625,31816,8,,FALSE
5D6,4,simulation,32.3125,110.4375,30566,9,,FALSE
5D6,4,simulation,33.1875,111.0625,31799,10,,FALSE
5D6,5,simulation,31.0625,111.5625,32808,1,,FALSE
5D6,5,simulation,30.9375,110.5625,30825,2,,FALSE
5D6,5,simulation,32.0625,109.6875,29080,3,,FALSE
5D6,5,simulation,31.6875,114.0625,37763,4,,FALSE
5D6,5,simulation,28.5625,110.0625,29852,5,,FALSE
5D6,5,simulation,31.5625,110.9375,31564,6,,FALSE
5D6,5,simulation,32.1875,113.0625,35775,7,,FALSE
5D6,5,simulation,30.6875,110.0625,29835,8,,FALSE
5D6,5,simulation,30.9375,111.1875,32065,9,,FALSE
5D6,5,simulation,31.9375,111.0625,31809,10,,FALSE
5D6,6,simulation,31.4375,112.4375,34541,1,,FALSE
5D6,6,simulation,30.8125,111.3125,32314,2,,FALSE
5D6,6,simulation,30.9375,109.9375,29585,3,,FALSE
5D6,6,simulation,31.1875,114.4375,38511,4,,FALSE
5D6,6,simulation,30.1875,111.0625,31823,5,,FALSE
5D6,6,simulation,30.6875,111.4375,32563,6,,FALSE
5D6,6,simulation,31.3125,112.6875,35038,7,,FALSE
5D6,6,simulation,30.9375,109.9375,29585,8,,FALSE
5D6,6,simulation,30.0625,111.5625,32816,9,,FALSE
5D6,6,simulation,30.6875,111.5625,32811,10,,FALSE
5D6,7,simulation,30.0625,111.6875,33064,1,,FALSE
5D6,7,simulation,29.1875,111.6875,33071,2,,FALSE
5D6,7,simulation,30.3125,111.1875,32070,3,,FALSE
5D6,7,simulation,31.8125,113.6875,37018,4,,FALSE
5D6,7,simulation,30.6875,111.0625,31819,5,,FALSE
5D6,7,simulation,30.6875,111.4375,32563,6,,FALSE
5D6,7,simulation,30.4375,113.9375,37525,7,,FALSE
5D6,7,simulation,30.4375,111.4375,32565,8,,FALSE
5D6,7,simulation,30.4375,114.0625,37773,9,,FALSE
5D6,7,simulation,30.5625,111.8125,33308,10,,FALSE
5D6,8,simulation,26.6875,111.4375,32595,1,,FALSE
5D6,8,simulation,23.0625,110.5625,30888,2,,FALSE
5D6,8,simulation,27.4375,109.8125,29365,3,,FALSE
5D6,8,simulation,23.6875,110.1875,30139,4,,FALSE
5D6,8,simulation,23.6875,108.8125,27411,5,,FALSE
5D6,8,simulation,22.1875,107.4375,24695,6,,FALSE
5D6,8,simulation,24.8125,111.1875,32114,7,,FALSE
5D6,8,simulation,25.1875,108.4375,26655,8,,FALSE
5D6,8,simulation,25.3125,108.1875,26158,9,,FALSE
5D6,8,simulation,23.8125,108.1875,26170,10,,FALSE
5D6,9,simulation,21.3125,103.8125,17510,1,,FALSE
5D6,9,simulation,19.1875,109.8125,29431,2,,FALSE
5D6,9,simulation,20.5625,104.1875,18260,3,,FALSE
5D6,9,simulation,21.6875,107.1875,24203,4,,FALSE
5D6,9,simulation,20.6875,103.4375,16771,5,,FALSE
5D6,9,simulation,21.9375,103.3125,16513,6,,FALSE
5D6,9,simulation,19.6875,103.6875,17275,7,,FALSE
5D6,9,simulation,22.6875,104.5625,18987,8,,FALSE
5D6,9,simulation,20.0625,103.8125,17520,9,,FALSE
5D6,9,simulation,18.5625,104.9375,19764,10,,FALSE
5D6,10,simulation,,,,1,,FALSE
5D6,10,simulation,,,,2,,FALSE
5D6,10,simulation,,,,3,,FALSE
5D6,10,simulation,,,,4,,FALSE
5D6,10,simulation,,,,5,,FALSE
5D6,10,simulation,,,,6,,FALSE
5D6,10,simulation,,,,7,,FALSE
5D6,10,simulation,,,,8,,FALSE
5D6,10,simulation,,,,9,,FALSE
5D6,10,simulation,,,,10,,FALSE
5D6,11,simulation,,,,1,,FALSE
5D6,11,simulation,,,,2,,FALSE
5D6,11,simulation,,,,3,,FALSE
5D6,11,simulation,,,,4,,FALSE
5D6,11,simulation,,,,5,,FALSE
5D6,11,simulation,,,,6,,FALSE
5D6,11,simulation,,,,7,,FALSE
5D6,11,simulation,,,,8,,FALSE
5D6,11,simulation,,,,9,,FALSE
5D6,11,simulation,,,,10,,FALSE
5D6,12,simulation,15.8125,99.9375,9866,1,,FALSE
5D6,12,simulation,15.9375,100.5625,11105,2,,FALSE
5D6,12,simulation,16.0625,100.3125,10608,3,,FALSE
5D6,12,simulation,16.9375,100.3125,10601,4,,FALSE
5D6,12,simulation,16.1875,100.3125,10607,5,,FALSE
5D6,12,simulation,15.4375,100.1875,10365,6,,FALSE
5D6,12,simulation,15.8125,100.3125,10610,7,,FALSE
5D6,12,simulation,16.9375,100.4375,10849,8,,FALSE
5D6,12,simulation,15.9375,100.5625,11105,9,,FALSE
5D6,12,simulation,16.4375,100.6875,11349,10,,FALSE
5D6,13,simulation,19.8125,98.8125,7602,1,,FALSE
5D6,13,simulation,20.1875,102.8125,15535,2,,FALSE
5D6,13,simulation,19.9375,100.9375,11817,3,,FALSE
5D6,13,simulation,19.1875,101.4375,12815,4,,FALSE
5D6,13,simulation,19.4375,99.8125,9589,5,,FALSE
5D6,13,simulation,20.8125,99.8125,9578,6,,FALSE
5D6,13,simulation,19.4375,101.8125,13557,7,,FALSE
5D6,13,simulation,21.1875,102.0625,14039,8,,FALSE
5D6,13,simulation,19.8125,100.5625,11074,9,,FALSE
5D6,13,simulation,21.5625,100.1875,10316,10,,FALSE
5D6,14,simulation,22.3125,100.4375,10806,1,,FALSE
5D6,14,simulation,20.4375,104.0625,18013,2,,FALSE
5D6,14,simulation,22.0625,103.1875,16264,3,,FALSE
5D6,14,simulation,22.6875,104.3125,18491,4,,FALSE
5D6,14,simulation,21.4375,99.6875,9325,5,,FALSE
5D6,14,simulation,22.3125,103.3125,16510,6,,FALSE
5D6,14,simulation,22.6875,101.3125,12539,7,,FALSE
5D6,14,simulation,20.9375,104.6875,19249,8,,FALSE
5D6,14,simulation,21.3125,103.5625,17014,9,,FALSE
5D6,14,simulation,24.4375,101.4375,12773,10,,FALSE
5D6,15,simulation,22.9375,101.3125,12537,1,,FALSE
5D6,15,simulation,21.3125,103.8125,17510,2,,FALSE
5D6,15,simulation,21.9375,104.1875,18249,3,,FALSE
5D6,15,simulation,22.8125,105.3125,20474,4,,FALSE
5D6,15,simulation,21.6875,101.3125,12547,5,,FALSE
5D6,15,simulation,21.8125,102.9375,15770,6,,FALSE
5D6,15,simulation,23.3125,101.5625,13030,7,,FALSE
5D6,15,simulation,22.6875,104.4375,18739,8,,FALSE
5D6,15,simulation,21.3125,101.9375,13790,9,,FALSE
5D6,15,simulation,24.1875,99.8125,9551,10,,FALSE
5D6,16,simulation,25.9375,106.5625,22929,1,,FALSE
5D6,16,simulation,26.5625,107.4375,24660,2,,FALSE
5D6,16,simulation,24.8125,104.3125,18474,3,,FALSE
5D6,16,simulation,26.3125,106.9375,23670,4,,FALSE
5D6,16,simulation,25.9375,104.6875,19209,5,,FALSE
5D6,16,simulation,25.5625,105.0625,19956,6,,FALSE
5D6,16,simulation,27.1875,103.4375,16719,7,,FALSE
5D6,16,simulation,26.4375,106.3125,22429,8,,FALSE
5D6,16,simulation,26.9375,105.4375,20689,9,,FALSE
5D6,16,simulation,26.9375,105.4375,20689,10,,FALSE
5D6,17,simulation,28.9375,105.5625,20921,1,,FALSE
5D6,17,simulation,29.5625,106.0625,21908,2,,FALSE
5D6,17,simulation,29.0625,105.8125,21416,3,,FALSE
5D6,17,simulation,29.4375,105.5625,20917,4,,FALSE
5D6,17,simulation,29.3125,105.9375,21662,5,,FALSE
5D6,17,simulation,28.9375,105.1875,20177,6,,FALSE
5D6,17,simulation,29.1875,105.4375,20671,7,,FALSE
5D6,17,simulation,29.9375,105.8125,21409,8,,FALSE
5D6,17,simulation,29.5625,105.5625,20916,9,,FALSE
5D6,17,simulation,29.3125,105.3125,20422,10,,FALSE
5D6,18,simulation,28.8125,104.6875,19186,1,,FALSE
5D6,18,simulation,29.0625,105.6875,21168,2,,FALSE
5D6,18,simulation,29.5625,105.9375,21660,3,,FALSE
5D6,18,simulation,29.1875,106.1875,22159,4,,FALSE
5D6,18,simulation,29.5625,105.6875,21164,5,,FALSE
5D6,18,simulation,29.0625,105.9375,21664,6,,FALSE
5D6,18,simulation,29.5625,105.5625,20916,7,,FALSE
5D6,18,simulation,29.8125,105.8125,21410,8,,FALSE
5D6,18,simulation,29.5625,106.1875,22156,9,,FALSE
5D6,18,simulation,30.1875,105.9375,21655,10,,FALSE
5D6,19,simulation,30.3125,103.0625,15950,1,,FALSE
5D6,19,simulation,32.8125,106.0625,21882,2,,FALSE
5D6,19,simulation,32.1875,108.5625,26847,3,,FALSE
5D6,19,simulation,32.8125,106.8125,23370,4,,FALSE
5D6,19,simulation,32.6875,107.0625,23867,5,,FALSE
5D6,19,simulation,33.4375,105.4375,20637,6,,FALSE
5D6,19,simulation,32.1875,106.9375,23623,7,,FALSE
5D6,19,simulation,32.0625,105.1875,20152,8,,FALSE
5D6,19,simulation,32.8125,106.0625,21882,9,,FALSE
5D6,19,simulation,31.6875,104.1875,18171,10,,FALSE
5D6,20,simulation,36.3125,102.8125,15406,1,,FALSE
5D6,20,simulation,36.5625,104.0625,17884,2,,FALSE
5D6,20,simulation,36.3125,103.8125,17390,3,,FALSE
5D6,20,simulation,35.8125,103.1875,16154,4,,FALSE
5D6,20,simulation,36.0625,103.1875,16152,5,,FALSE
5D6,20,simulation,36.4375,102.9375,15653,6,,FALSE
5D6,20,simulation,36.0625,103.9375,17640,7,,FALSE
5D6,20,simulation,36.6875,103.6875,17139,8,,FALSE
5D6,20,simulation,36.1875,102.9375,15655,9,,FALSE
5D6,20,simulation,35.9375,102.3125,14417,10,,FALSE
5D6,21,simulation,36.0625,102.1875,14168,1,,FALSE
5D6,21,simulation,37.3125,103.8125,17382,2,,FALSE
5D6,21,simulation,36.6875,102.9375,15651,3,,FALSE
5D6,21,simulation,36.5625,103.1875,16148,4,,FALSE
5D6,21,simulation,36.5625,102.4375,14660,5,,FALSE
5D6,21,simulation,36.8125,103.1875,16146,6,,FALSE
5D6,21,simulation,36.8125,103.1875,16146,7,,FALSE
5D6,21,simulation,36.5625,102.8125,15404,8,,FALSE
5D6,21,simulation,36.4375,103.1875,16149,9,,FALSE
5D6,21,simulation,36.1875,102.5625,14911,10,,FALSE
5D6,22,simulation,37.04525798,101.722533,13168,1,,TRUE
5D6,22,simulation,37.04525798,101.722533,13168,2,,TRUE
5D6,22,simulation,37.04525798,101.722533,13168,3,,TRUE
5D6,22,simulation,37.04525798,101.722533,13168,4,,TRUE
5D6,22,simulation,37.04525798,101.722533,13168,5,,TRUE
5D6,22,simulation,37.04525798,101.722533,13168,6,,TRUE
5D6,22,simulation,37.04525798,101.722533,13168,7,,TRUE
5D6,22,simulation,37.04525798,101.722533,13168,8,,TRUE
5D6,22,simulation,37.04525798,101.722533,13168,9,,TRUE
5D6,22,simulation,37.04525798,101.722533,13168,10,,TRUE
5D7,1,simulation,37.04525798,101.722533,13168,1,,TRUE
5D7,1,simulation,37.04525798,101.722533,13168,2,,TRUE
5D7,1,simulation,37.04525798,101.722533,13168,3,,TRUE
5D7,1,simulation,37.04525798,101.722533,13168,4,,TRUE
5D7,1,simulation,37.04525798,101.722533,13168,5,,TRUE
5D7,1,simulation,37.04525798,101.722533,13168,6,,TRUE
5D7,1,simulation,37.04525798,101.722533,13168,7,,TRUE
5D7,1,simulation,37.04525798,101.722533,13168,8,,TRUE
5D7,1,simulation,37.04525798,101.722533,13168,9,,TRUE
5D7,1,simulation,37.04525798,101.722533,13168,10,,TRUE
5D7,2,simulation,36.6875,101.1875,12179,1,,FALSE
5D7,2,simulation,36.6875,102.1875,14163,2,,FALSE
5D7,2,simulation,36.4375,102.0625,13917,3,,FALSE
5D7,2,simulation,36.0625,101.0625,11936,4,,FALSE
5D7,2,simulation,36.5625,101.9375,13668,5,,FALSE
5D7,2,simulation,36.0625,101.0625,11936,6,,FALSE
5D7,2,simulation,36.6875,102.0625,13915,7,,FALSE
5D7,2,simulation,36.6875,101.9375,13667,8,,FALSE
5D7,2,simulation,36.6875,102.0625,13915,9,,FALSE
5D7,2,simulation,36.6875,101.6875,13171,10,,FALSE
5D7,3,simulation,36.6875,101.5625,12923,1,,FALSE
5D7,3,simulation,36.5625,102.0625,13916,2,,FALSE
5D7,3,simulation,35.9375,102.1875,14169,3,,FALSE
5D7,3,simulation,36.5625,102.3125,14412,4,,FALSE
5D7,3,simulation,36.0625,101.9375,13672,5,,FALSE
5D7,3,simulation,35.9375,102.3125,14417,6,,FALSE
5D7,3,simulation,35.8125,103.0625,15906,7,,FALSE
5D7,3,simulation,36.0625,101.9375,13672,8,,FALSE
5D7,3,simulation,36.5625,101.6875,13172,9,,FALSE
5D7,3,simulation,35.8125,102.4375,14666,10,,FALSE
5D7,4,simulation,36.1875,105.5625,20863,1,,FALSE
5D7,4,simulation,35.5625,104.3125,18388,2,,FALSE
5D7,4,simulation,34.8125,104.4375,18642,3,,FALSE
5D7,4,simulation,35.0625,103.6875,17152,4,,FALSE
5D7,4,simulation,36.0625,105.4375,20616,5,,FALSE
5D7,4,simulation,35.1875,104.1875,18143,6,,FALSE
5D7,4,simulation,35.6875,104.1875,18139,7,,FALSE
5D7,4,simulation,36.4375,105.4375,20613,8,,FALSE
5D7,4,simulation,34.9375,104.3125,18393,9,,FALSE
5D7,4,simulation,34.6875,104.1875,18147,10,,FALSE
5D7,5,simulation,34.5625,105.9375,21620,1,,FALSE
5D7,5,simulation,35.4375,106.3125,22357,2,,FALSE
5D7,5,simulation,35.3125,105.4375,20622,3,,FALSE
5D7,5,simulation,33.8125,104.6875,19146,4,,FALSE
5D7,5,simulation,35.1875,105.9375,21615,5,,FALSE
5D7,5,simulation,34.8125,105.1875,20130,6,,FALSE
5D7,5,simulation,35.1875,105.1875,20127,7,,FALSE
5D7,5,simulation,35.3125,106.1875,22110,8,,FALSE
5D7,5,simulation,33.9375,104.8125,19393,9,,FALSE
5D7,5,simulation,35.1875,105.3125,20375,10,,FALSE
5D7,6,simulation,33.4375,106.9375,23613,1,,FALSE
5D7,6,simulation,34.3125,106.9375,23606,2,,FALSE
5D7,6,simulation,33.6875,106.1875,22123,3,,FALSE
5D7,6,simulation,33.6875,105.4375,20635,4,,FALSE
5D7,6,simulation,33.9375,106.1875,22121,5,,FALSE
5D7,6,simulation,33.9375,106.5625,22865,6,,FALSE
5D7,6,simulation,32.9375,105.6875,21137,7,,FALSE
5D7,6,simulation,33.6875,107.3125,24355,8,,FALSE
5D7,6,simulation,33.8125,106.0625,21874,9,,FALSE
5D7,6,simulation,34.3125,106.5625,22862,10,,FALSE
5D7,7,simulation,29.4375,107.9375,25629,1,,FALSE
5D7,7,simulation,31.5625,109.6875,29084,2,,FALSE
5D7,7,simulation,31.8125,108.0625,25858,3,,FALSE
5D7,7,simulation,31.4375,107.5625,24869,4,,FALSE
5D7,7,simulation,31.0625,109.4375,28592,5,,FALSE
5D7,7,simulation,30.6875,108.0625,25867,6,,FALSE
5D7,7,simulation,31.6875,108.1875,26107,7,,FALSE
5D7,7,simulation,30.8125,108.5625,26858,8,,FALSE
5D7,7,simulation,30.0625,107.6875,25128,9,,FALSE
5D7,7,simulation,31.3125,109.3125,28342,10,,FALSE
5D7,8,simulation,29.8125,107.9375,25626,1,,FALSE
5D7,8,simulation,31.4375,108.9375,27597,2,,FALSE
5D7,8,simulation,31.4375,107.5625,24869,3,,FALSE
5D7,8,simulation,30.9375,108.8125,27353,4,,FALSE
5D7,8,simulation,30.6875,108.3125,26363,5,,FALSE
5D7,8,simulation,30.3125,108.4375,26614,6,,FALSE
5D7,8,simulation,31.3125,109.0625,27846,7,,FALSE
5D7,8,simulation,31.0625,108.3125,26360,8,,FALSE
5D7,8,simulation,30.5625,107.1875,24132,9,,FALSE
5D7,8,simulation,30.3125,109.3125,28350,10,,FALSE
5D7,9,simulation,30.8125,108.4375,26610,1,,FALSE
5D7,9,simulation,31.0625,108.6875,27104,2,,FALSE
5D7,9,simulation,30.6875,108.1875,26115,3,,FALSE
5D7,9,simulation,30.6875,108.4375,26611,4,,FALSE
5D7,9,simulation,30.8125,108.3125,26362,5,,FALSE
5D7,9,simulation,30.1875,107.6875,25127,6,,FALSE
5D7,9,simulation,30.9375,108.6875,27105,7,,FALSE
5D7,9,simulation,30.4375,108.1875,26117,8,,FALSE
5D7,9,simulation,30.9375,108.3125,26361,9,,FALSE
5D7,9,simulation,30.8125,108.1875,26114,10,,FALSE
5D7,10,simulation,29.6875,116.0625,41747,1,,FALSE
5D7,10,simulation,24.8125,112.0625,33850,2,,FALSE
5D7,10,simulation,27.4375,117.3125,44245,3,,FALSE
5D7,10,simulation,26.1875,114.0625,37807,4,,FALSE
5D7,10,simulation,29.5625,118.8125,47204,5,,FALSE
5D7,10,simulation,30.5625,115.5625,40748,6,,FALSE
5D7,10,simulation,25.6875,113.1875,36075,7,,FALSE
5D7,10,simulation,28.8125,114.1875,38034,8,,FALSE
5D7,10,simulation,28.6875,114.9375,39523,9,,FALSE
5D7,10,simulation,26.5625,116.3125,42268,10,,FALSE
5D7,11,simulation,,,,1,,FALSE
5D7,11,simulation,,,,2,,FALSE
5D7,11,simulation,,,,3,,FALSE
5D7,11,simulation,,,,4,,FALSE
5D7,11,simulation,,,,5,,FALSE
5D7,11,simulation,,,,6,,FALSE
5D7,11,simulation,,,,7,,FALSE
5D7,11,simulation,,,,8,,FALSE
5D7,11,simulation,,,,9,,FALSE
5D7,11,simulation,,,,10,,FALSE
5D7,12,simulation,,,,1,,FALSE
5D7,12,simulation,,,,2,,FALSE
5D7,12,simulation,,,,3,,FALSE
5D7,12,simulation,,,,4,,FALSE
5D7,12,simulation,,,,5,,FALSE
5D7,12,simulation,,,,6,,FALSE
5D7,12,simulation,,,,7,,FALSE
5D7,12,simulation,,,,8,,FALSE
5D7,12,simulation,,,,9,,FALSE
5D7,12,simulation,,,,10,,FALSE
5D7,13,simulation,,,,1,,FALSE
5D7,13,simulation,,,,2,,FALSE
5D7,13,simulation,,,,3,,FALSE
5D7,13,simulation,,,,4,,FALSE
5D7,13,simulation,,,,5,,FALSE
5D7,13,simulation,,,,6,,FALSE
5D7,13,simulation,,,,7,,FALSE
5D7,13,simulation,,,,8,,FALSE
5D7,13,simulation,,,,9,,FALSE
5D7,13,simulation,,,,10,,FALSE
5D7,14,simulation,15.8125,102.8125,15570,1,,FALSE
5D7,14,simulation,18.0625,100.6875,11336,2,,FALSE
5D7,14,simulation,16.9375,103.5625,17049,3,,FALSE
5D7,14,simulation,16.5625,102.9375,15812,4,,FALSE
5D7,14,simulation,15.9375,105.1875,20281,5,,FALSE
5D7,14,simulation,17.4375,102.8125,15557,6,,FALSE
5D7,14,simulation,15.8125,105.4375,20778,7,,FALSE
5D7,14,simulation,15.9375,102.4375,14825,8,,FALSE
5D7,14,simulation,16.1875,104.0625,18047,9,,FALSE
5D7,14,simulation,16.0625,102.3125,14576,10,,FALSE
5D7,15,simulation,20.6875,103.5625,17019,1,,FALSE
5D7,15,simulation,19.6875,103.5625,17027,2,,FALSE
5D7,15,simulation,19.9375,104.1875,18265,3,,FALSE
5D7,15,simulation,22.8125,104.8125,19482,4,,FALSE
5D7,15,simulation,19.9375,104.0625,18017,5,,FALSE
5D7,15,simulation,18.6875,101.1875,12323,6,,FALSE
5D7,15,simulation,20.8125,103.8125,17514,7,,FALSE
5D7,15,simulation,20.1875,103.8125,17519,8,,FALSE
5D7,15,simulation,18.9375,104.6875,19265,9,,FALSE
5D7,15,simulation,19.8125,104.4375,18762,10,,FALSE
5D7,16,simulation,22.5625,105.3125,20476,1,,FALSE
5D7,16,simulation,21.0625,106.5625,22968,2,,FALSE
5D7,16,simulation,22.4375,105.5625,20973,3,,FALSE
5D7,16,simulation,21.1875,105.9375,21727,4,,FALSE
5D7,16,simulation,21.6875,104.4375,18747,5,,FALSE
5D7,16,simulation,20.6875,105.3125,20491,6,,FALSE
5D7,16,simulation,22.5625,104.4375,18740,7,,FALSE
5D7,16,simulation,20.5625,105.6875,21236,8,,FALSE
5D7,16,simulation,21.6875,105.9375,21723,9,,FALSE
5D7,16,simulation,24.4375,108.9375,27653,10,,FALSE
5D7,17,simulation,22.4375,105.3125,20477,1,,FALSE
5D7,17,simulation,21.9375,106.5625,22961,2,,FALSE
5D7,17,simulation,22.9375,106.0625,21961,3,,FALSE
5D7,17,simulation,22.4375,104.8125,19485,4,,FALSE
5D7,17,simulation,21.9375,104.0625,18001,5,,FALSE
5D7,17,simulation,22.5625,104.8125,19484,6,,FALSE
5D7,17,simulation,23.0625,104.8125,19480,7,,FALSE
5D7,17,simulation,22.4375,105.5625,20973,8,,FALSE
5D7,17,simulation,22.5625,105.3125,20476,9,,FALSE
5D7,17,simulation,24.1875,107.1875,24183,10,,FALSE
5D7,18,simulation,25.4375,105.4375,20701,1,,FALSE
5D7,18,simulation,24.6875,106.3125,22443,2,,FALSE
5D7,18,simulation,25.3125,105.9375,21694,3,,FALSE
5D7,18,simulation,26.1875,107.0625,23919,4,,FALSE
5D7,18,simulation,24.4375,105.5625,20957,5,,FALSE
5D7,18,simulation,27.3125,106.5625,22918,6,,FALSE
5D7,18,simulation,25.6875,105.1875,20203,7,,FALSE
5D7,18,simulation,25.4375,106.8125,23429,8,,FALSE
5D7,18,simulation,24.8125,105.1875,20210,9,,FALSE
5D7,18,simulation,27.0625,106.6875,23168,10,,FALSE
5D7,19,simulation,30.4375,104.8125,19421,1,,FALSE
5D7,19,simulation,29.4375,104.9375,19677,2,,FALSE
5D7,19,simulation,31.3125,104.8125,19414,3,,FALSE
5D7,19,simulation,30.9375,105.3125,20409,4,,FALSE
5D7,19,simulation,30.0625,105.5625,20912,5,,FALSE
5D7,19,simulation,29.0625,104.5625,18936,6,,FALSE
5D7,19,simulation,31.3125,104.9375,19662,7,,FALSE
5D7,19,simulation,29.9375,104.5625,18929,8,,FALSE
5D7,19,simulation,30.5625,105.9375,21652,9,,FALSE
5D7,19,simulation,30.8125,106.0625,21898,10,,FALSE
5D7,20,simulation,30.9375,104.8125,19417,1,,FALSE
5D7,20,simulation,29.6875,105.0625,19923,2,,FALSE
5D7,20,simulation,30.9375,104.4375,18673,3,,FALSE
5D7,20,simulation,30.6875,104.6875,19171,4,,FALSE
5D7,20,simulation,30.6875,105.6875,21155,5,,FALSE
5D7,20,simulation,29.3125,104.4375,18686,6,,FALSE
5D7,20,simulation,30.8125,105.1875,20162,7,,FALSE
5D7,20,simulation,30.4375,104.4375,18677,8,,FALSE
5D7,20,simulation,30.8125,104.9375,19666,9,,FALSE
5D7,20,simulation,31.0625,104.9375,19664,10,,FALSE
5D7,21,simulation,32.6875,105.0625,19899,1,,FALSE
5D7,21,simulation,34.5625,106.9375,23604,2,,FALSE
5D7,21,simulation,32.4375,106.4375,22629,3,,FALSE
5D7,21,simulation,29.5625,102.5625,14964,4,,FALSE
5D7,21,simulation,33.1875,105.3125,20391,5,,FALSE
5D7,21,simulation,33.1875,106.5625,22871,6,,FALSE
5D7,21,simulation,32.9375,104.5625,18905,7,,FALSE
5D7,21,simulation,31.6875,108.1875,26107,8,,FALSE
5D7,21,simulation,29.4375,102.1875,14221,9,,FALSE
5D7,21,simulation,32.9375,108.0625,25849,10,,FALSE
5D7,22,simulation,35.4375,104.6875,19133,1,,FALSE
5D7,22,simulation,36.8125,105.0625,19866,2,,FALSE
5D7,22,simulation,35.3125,104.8125,19382,3,,FALSE
5D7,22,simulation,34.1875,105.0625,19887,4,,FALSE
5D7,22,simulation,35.6875,103.6875,17147,5,,FALSE
5D7,22,simulation,36.6875,104.1875,18131,6,,FALSE
5D7,22,simulation,35.4375,103.9375,17645,7,,FALSE
5D7,22,simulation,34.0625,106.8125,23360,8,,FALSE
5D7,22,simulation,34.6875,104.4375,18643,9,,FALSE
5D7,22,simulation,33.6875,105.3125,20387,10,,FALSE
5D7,23,simulation,36.0625,103.8125,17392,1,,FALSE
5D7,23,simulation,36.8125,104.4375,18626,2,,FALSE
5D7,23,simulation,36.8125,104.5625,18874,3,,FALSE
5D7,23,simulation,36.0625,103.8125,17392,4,,FALSE
5D7,23,simulation,36.4375,104.9375,19621,5,,FALSE
5D7,23,simulation,36.6875,104.5625,18875,6,,FALSE
5D7,23,simulation,36.8125,104.3125,18378,7,,FALSE
5D7,23,simulation,36.5625,104.8125,19372,8,,FALSE
5D7,23,simulation,36.4375,104.1875,18133,9,,FALSE
5D7,23,simulation,36.5625,104.8125,19372,10,,FALSE
5D7,24,simulation,37.04525798,101.722533,13168,1,,TRUE
5D7,24,simulation,37.04525798,101.722533,13168,2,,TRUE
5D7,24,simulation,37.04525798,101.722533,13168,3,,TRUE
5D7,24,simulation,37.04525798,101.722533,13168,4,,TRUE
5D7,24,simulation,37.04525798,101.722533,13168,5,,TRUE
5D7,24,simulation,37.04525798,101.722533,13168,6,,TRUE
5D7,24,simulation,37.04525798,101.722533,13168,7,,TRUE
5D7,24,simulation,37.04525798,101.722533,13168,8,,TRUE
5D7,24,simulation,37.04525798,101.722533,13168,9,,TRUE
5D7,24,simulation,37.04525798,101.722533,13168,10,,TRUE
5D8,1,simulation,37.00182899,101.751121,13416,1,,TRUE
5D8,1,simulation,37.00182899,101.751121,13416,2,,TRUE
5D8,1,simulation,37.00182899,101.751121,13416,3,,TRUE
5D8,1,simulation,37.00182899,101.751121,13416,4,,TRUE
5D8,1,simulation,37.00182899,101.751121,13416,5,,TRUE
5D8,1,simulation,37.00182899,101.751121,13416,6,,TRUE
5D8,1,simulation,37.00182899,101.751121,13416,7,,TRUE
5D8,1,simulation,37.00182899,101.751121,13416,8,,TRUE
5D8,1,simulation,37.00182899,101.751121,13416,9,,TRUE
5D8,1,simulation,37.00182899,101.751121,13416,10,,TRUE
5D8,2,simulation,33.6875,104.4375,18651,1,,FALSE
5D8,2,simulation,34.6875,105.8125,21371,2,,FALSE
5D8,2,simulation,34.6875,105.8125,21371,3,,FALSE
5D8,2,simulation,34.8125,105.6875,21122,4,,FALSE
5D8,2,simulation,34.6875,105.4375,20627,5,,FALSE
5D8,2,simulation,34.6875,105.4375,20627,6,,FALSE
5D8,2,simulation,34.6875,105.5625,20875,7,,FALSE
5D8,2,simulation,34.6875,105.8125,21371,8,,FALSE
5D8,2,simulation,34.8125,105.5625,20874,9,,FALSE
5D8,2,simulation,34.6875,105.4375,20627,10,,FALSE
5D8,3,simulation,33.6875,110.6875,31051,1,,FALSE
5D8,3,simulation,32.8125,108.5625,26842,2,,FALSE
5D8,3,simulation,33.3125,109.8125,29318,3,,FALSE
5D8,3,simulation,32.6875,109.3125,28331,4,,FALSE
5D8,3,simulation,32.6875,110.0625,29819,5,,FALSE
5D8,3,simulation,33.1875,109.9375,29567,6,,FALSE
5D8,3,simulation,32.8125,109.1875,28082,7,,FALSE
5D8,3,simulation,33.5625,109.3125,28324,8,,FALSE
5D8,3,simulation,32.6875,110.1875,30067,9,,FALSE
5D8,3,simulation,33.0625,110.6875,31056,10,,FALSE
5D8,4,simulation,32.5625,111.3125,32300,1,,FALSE
5D8,4,simulation,32.8125,109.5625,28826,2,,FALSE
5D8,4,simulation,32.9375,110.5625,30809,3,,FALSE
5D8,4,simulation,32.6875,110.3125,30315,4,,FALSE
5D8,4,simulation,32.6875,110.5625,30811,5,,FALSE
5D8,4,simulation,32.4375,111.3125,32301,6,,FALSE
5D8,4,simulation,33.0625,110.4375,30560,7,,FALSE
5D8,4,simulation,32.9375,109.5625,28825,8,,FALSE
5D8,4,simulation,32.5625,110.9375,31556,9,,FALSE
5D8,4,simulation,32.6875,111.0625,31803,10,,FALSE
5D8,5,simulation,28.3125,111.6875,33078,1,,FALSE
5D8,5,simulation,27.8125,112.5625,34818,2,,FALSE
5D8,5,simulation,28.8125,111.1875,32082,3,,FALSE
5D8,5,simulation,28.6875,110.4375,30595,4,,FALSE
5D8,5,simulation,28.6875,110.3125,30347,5,,FALSE
5D8,5,simulation,28.6875,112.4375,34563,6,,FALSE
5D8,5,simulation,29.1875,113.0625,35799,7,,FALSE
5D8,5,simulation,29.1875,110.5625,30839,8,,FALSE
5D8,5,simulation,31.3125,109.9375,29582,9,,FALSE
5D8,5,simulation,28.1875,113.0625,35807,10,,FALSE
5D8,6,simulation,,,,1,,FALSE
5D8,6,simulation,,,,2,,FALSE
5D8,6,simulation,,,,3,,FALSE
5D8,6,simulation,,,,4,,FALSE
5D8,6,simulation,,,,5,,FALSE
5D8,6,simulation,,,,6,,FALSE
5D8,6,simulation,,,,7,,FALSE
5D8,6,simulation,,,,8,,FALSE
5D8,6,simulation,,,,9,,FALSE
5D8,6,simulation,,,,10,,FALSE
5D8,7,simulation,,,,1,,FALSE
5D8,7,simulation,,,,2,,FALSE
5D8,7,simulation,,,,3,,FALSE
5D8,7,simulation,,,,4,,FALSE
5D8,7,simulation,,,,5,,FALSE
5D8,7,simulation,,,,6,,FALSE
5D8,7,simulation,,,,7,,FALSE
5D8,7,simulation,,,,8,,FALSE
5D8,7,simulation,,,,9,,FALSE
5D8,7,simulation,,,,10,,FALSE
5D8,8,simulation,,,,1,,FALSE
5D8,8,simulation,,,,2,,FALSE
5D8,8,simulation,,,,3,,FALSE
5D8,8,simulation,,,,4,,FALSE
5D8,8,simulation,,,,5,,FALSE
5D8,8,simulation,,,,6,,FALSE
5D8,8,simulation,,,,7,,FALSE
5D8,8,simulation,,,,8,,FALSE
5D8,8,simulation,,,,9,,FALSE
5D8,8,simulation,,,,10,,FALSE
5D8,9,simulation,,,,1,,FALSE
5D8,9,simulation,,,,2,,FALSE
5D8,9,simulation,,,,3,,FALSE
5D8,9,simulation,,,,4,,FALSE
5D8,9,simulation,,,,5,,FALSE
5D8,9,simulation,,,,6,,FALSE
5D8,9,simulation,,,,7,,FALSE
5D8,9,simulation,,,,8,,FALSE
5D8,9,simulation,,,,9,,FALSE
5D8,9,simulation,,,,10,,FALSE
5D8,10,simulation,,,,1,,FALSE
5D8,10,simulation,,,,2,,FALSE
5D8,10,simulation,,,,3,,FALSE
5D8,10,simulation,,,,4,,FALSE
5D8,10,simulation,,,,5,,FALSE
5D8,10,simulation,,,,6,,FALSE
5D8,10,simulation,,,,7,,FALSE
5D8,10,simulation,,,,8,,FALSE
5D8,10,simulation,,,,9,,FALSE
5D8,10,simulation,,,,10,,FALSE
5D8,11,simulation,,,,1,,FALSE
5D8,11,simulation,,,,2,,FALSE
5D8,11,simulation,,,,3,,FALSE
5D8,11,simulation,,,,4,,FALSE
5D8,11,simulation,,,,5,,FALSE
5D8,11,simulation,,,,6,,FALSE
5D8,11,simulation,,,,7,,FALSE
5D8,11,simulation,,,,8,,FALSE
5D8,11,simulation,,,,9,,FALSE
5D8,11,simulation,,,,10,,FALSE
5D8,12,simulation,13.8125,103.5625,17074,1,,FALSE
5D8,12,simulation,14.4375,100.4375,10869,2,,FALSE
5D8,12,simulation,13.9375,100.8125,11617,3,,FALSE
5D8,12,simulation,13.6875,103.3125,16579,4,,FALSE
5D8,12,simulation,14.8125,100.6875,11362,5,,FALSE
5D8,12,simulation,13.6875,101.3125,12611,6,,FALSE
5D8,12,simulation,14.0625,102.0625,14096,7,,FALSE
5D8,12,simulation,12.8125,104.8125,19562,8,,FALSE
5D8,12,simulation,14.0625,100.6875,11368,9,,FALSE
5D8,12,simulation,13.5625,100.3125,10628,10,,FALSE
5D8,13,simulation,17.0625,105.0625,20024,1,,FALSE
5D8,13,simulation,17.3125,104.8125,19526,2,,FALSE
5D8,13,simulation,18.3125,100.1875,10342,3,,FALSE
5D8,13,simulation,17.3125,102.3125,14566,4,,FALSE
5D8,13,simulation,17.0625,104.0625,18040,5,,FALSE
5D8,13,simulation,18.5625,102.3125,14556,6,,FALSE
5D8,13,simulation,18.0625,102.5625,15056,7,,FALSE
5D8,13,simulation,16.0625,102.0625,14080,8,,FALSE
5D8,13,simulation,18.5625,102.5625,15052,9,,FALSE
5D8,13,simulation,19.1875,104.4375,18767,10,,FALSE
5D8,14,simulation,20.6875,104.4375,18755,1,,FALSE
5D8,14,simulation,19.4375,104.6875,19261,2,,FALSE
5D8,14,simulation,19.9375,105.0625,20001,3,,FALSE
5D8,14,simulation,19.1875,104.5625,19015,4,,FALSE
5D8,14,simulation,20.5625,105.0625,19996,5,,FALSE
5D8,14,simulation,20.0625,105.1875,20248,6,,FALSE
5D8,14,simulation,20.5625,104.4375,18756,7,,FALSE
5D8,14,simulation,19.8125,105.0625,20002,8,,FALSE
5D8,14,simulation,18.4375,104.5625,19021,9,,FALSE
5D8,14,simulation,20.8125,104.4375,18754,10,,FALSE
5D8,15,simulation,22.8125,104.4375,18738,1,,FALSE
5D8,15,simulation,19.9375,104.4375,18761,2,,FALSE
5D8,15,simulation,21.9375,103.9375,17753,3,,FALSE
5D8,15,simulation,19.1875,103.4375,16783,4,,FALSE
5D8,15,simulation,21.4375,103.1875,16269,5,,FALSE
5D8,15,simulation,20.9375,103.8125,17513,6,,FALSE
5D8,15,simulation,22.1875,103.8125,17503,7,,FALSE
5D8,15,simulation,21.1875,103.9375,17759,8,,FALSE
5D8,15,simulation,18.5625,102.9375,15796,9,,FALSE
5D8,15,simulation,23.0625,104.1875,18240,10,,FALSE
5D8,16,simulation,25.9375,107.0625,23921,1,,FALSE
5D8,16,simulation,23.8125,105.9375,21706,2,,FALSE
5D8,16,simulation,26.1875,107.5625,24911,3,,FALSE
5D8,16,simulation,23.8125,105.6875,21210,4,,FALSE
5D8,16,simulation,25.3125,105.4375,20702,5,,FALSE
5D8,16,simulation,23.4375,105.3125,20469,6,,FALSE
5D8,16,simulation,26.6875,107.3125,24411,7,,FALSE
5D8,16,simulation,23.4375,105.0625,19973,8,,FALSE
5D8,16,simulation,23.5625,105.3125,20468,9,,FALSE
5D8,16,simulation,25.5625,105.4375,20700,10,,FALSE
5D8,17,simulation,26.1875,106.5625,22927,1,,FALSE
5D8,17,simulation,26.3125,105.1875,20198,2,,FALSE
5D8,17,simulation,27.3125,107.5625,24902,3,,FALSE
5D8,17,simulation,25.6875,105.1875,20203,4,,FALSE
5D8,17,simulation,25.6875,106.0625,21939,5,,FALSE
5D8,17,simulation,26.4375,105.9375,21685,6,,FALSE
5D8,17,simulation,26.4375,108.4375,26645,7,,FALSE
5D8,17,simulation,26.0625,105.5625,20944,8,,FALSE
5D8,17,simulation,25.9375,105.0625,19953,9,,FALSE
5D8,17,simulation,26.6875,106.0625,21931,10,,FALSE
5D8,18,simulation,30.1875,105.9375,21655,1,,FALSE
5D8,18,simulation,29.8125,105.5625,20914,2,,FALSE
5D8,18,simulation,29.4375,104.0625,17941,3,,FALSE
5D8,18,simulation,29.9375,105.5625,20913,4,,FALSE
5D8,18,simulation,29.5625,104.1875,18188,5,,FALSE
5D8,18,simulation,29.5625,104.6875,19180,6,,FALSE
5D8,18,simulation,30.1875,104.9375,19671,7,,FALSE
5D8,18,simulation,30.6875,104.9375,19667,8,,FALSE
5D8,18,simulation,28.8125,105.4375,20674,9,,FALSE
5D8,18,simulation,30.8125,104.6875,19170,10,,FALSE
5D8,19,simulation,30.9375,105.8125,21401,1,,FALSE
5D8,19,simulation,30.3125,106.0625,21902,2,,FALSE
5D8,19,simulation,30.6875,105.5625,20907,3,,FALSE
5D8,19,simulation,31.8125,106.1875,22138,4,,FALSE
5D8,19,simulation,30.4375,104.4375,18677,5,,FALSE
5D8,19,simulation,31.1875,105.1875,20159,6,,FALSE
5D8,19,simulation,30.5625,106.3125,22396,7,,FALSE
5D8,19,simulation,30.4375,104.8125,19421,8,,FALSE
5D8,19,simulation,29.4375,106.1875,22157,9,,FALSE
5D8,19,simulation,30.5625,105.3125,20412,10,,FALSE
5D8,20,simulation,34.0625,105.9375,21624,1,,FALSE
5D8,20,simulation,33.6875,105.6875,21131,2,,FALSE
5D8,20,simulation,34.4375,106.4375,22613,3,,FALSE
5D8,20,simulation,33.8125,106.8125,23362,4,,FALSE
5D8,20,simulation,33.5625,104.3125,18404,5,,FALSE
5D8,20,simulation,33.6875,106.1875,22123,6,,FALSE
5D8,20,simulation,34.0625,105.9375,21624,7,,FALSE
5D8,20,simulation,33.3125,104.6875,19150,8,,FALSE
5D8,20,simulation,34.5625,106.8125,23356,9,,FALSE
5D8,20,simulation,33.8125,107.3125,24354,10,,FALSE
5D8,21,simulation,34.4375,105.8125,21373,1,,FALSE
5D8,21,simulation,32.9375,105.1875,20145,2,,FALSE
5D8,21,simulation,34.8125,106.3125,22362,3,,FALSE
5D8,21,simulation,33.5625,106.8125,23364,4,,FALSE
5D8,21,simulation,33.3125,105.0625,19894,5,,FALSE
5D8,21,simulation,32.4375,105.3125,20397,6,,FALSE
5D8,21,simulation,33.0625,106.3125,22376,7,,FALSE
5D8,21,simulation,32.5625,104.0625,17916,8,,FALSE
5D8,21,simulation,33.5625,105.6875,21132,9,,FALSE
5D8,21,simulation,34.1875,107.1875,24103,10,,FALSE
5D8,22,simulation,34.4375,105.3125,20381,1,,FALSE
5D8,22,simulation,34.6875,105.3125,20379,2,,FALSE
5D8,22,simulation,34.0625,106.5625,22864,3,,FALSE
5D8,22,simulation,34.3125,106.8125,23358,4,,FALSE
5D8,22,simulation,34.6875,105.5625,20875,5,,FALSE
5D8,22,simulation,32.4375,104.6875,19157,6,,FALSE
5D8,22,simulation,33.3125,107.4375,24606,7,,FALSE
5D8,22,simulation,33.6875,104.4375,18651,8,,FALSE
5D8,22,simulation,33.4375,104.6875,19149,9,,FALSE
5D8,22,simulation,35.8125,105.3125,20370,10,,FALSE
5D8,23,simulation,36.8125,103.6875,17138,1,,FALSE
5D8,23,simulation,36.3125,102.5625,14910,2,,FALSE
5D8,23,simulation,36.1875,103.0625,15903,3,,FALSE
5D8,23,simulation,35.5625,104.6875,19132,4,,FALSE
5D8,23,simulation,35.9375,102.9375,15657,5,,FALSE
5D8,23,simulation,35.8125,102.4375,14666,6,,FALSE
5D8,23,simulation,36.3125,102.5625,14910,7,,FALSE
5D8,23,simulation,36.4375,102.8125,15405,8,,FALSE
5D8,23,simulation,35.5625,104.0625,17892,9,,FALSE
5D8,23,simulation,36.0625,103.0625,15904,10,,FALSE
5D8,24,simulation,37.00182899,101.751121,13416,1,,TRUE
5D8,24,simulation,37.00182899,101.751121,13416,2,,TRUE
5D8,24,simulation,37.00182899,101.751121,13416,3,,TRUE
5D8,24,simulation,37.00182899,101.751121,13416,4,,TRUE
5D8,24,simulation,37.00182899,101.751121,13416,5,,TRUE
5D8,24,simulation,37.00182899,101.751121,13416,6,,TRUE
5D8,24,simulation,37.00182899,101.751121,13416,7,,TRUE
5D8,24,simulation,37.00182899,101.751121,13416,8,,TRUE
5D8,24,simulation,37.00182899,101.751121,13416,9,,TRUE
5D8,24,simulation,37.00182899,101.751121,13416,10,,TRUE
5E5,1,simulation,37.044269,101.725552,13168,1,,TRUE
5E5,1,simulation,37.044269,101.725552,13168,2,,TRUE
5E5,1,simulation,37.044269,101.725552,13168,3,,TRUE
5E5,1,simulation,37.044269,101.725552,13168,4,,TRUE
5E5,1,simulation,37.044269,101.725552,13168,5,,TRUE
5E5,1,simulation,37.044269,101.725552,13168,6,,TRUE
5E5,1,simulation,37.044269,101.725552,13168,7,,TRUE
5E5,1,simulation,37.044269,101.725552,13168,8,,TRUE
5E5,1,simulation,37.044269,101.725552,13168,9,,TRUE
5E5,1,simulation,37.044269,101.725552,13168,10,,TRUE
5E5,2,simulation,32.1875,105.4375,20647,1,,FALSE
5E5,2,simulation,31.8125,105.4375,20650,2,,FALSE
5E5,2,simulation,33.3125,107.1875,24110,3,,FALSE
5E5,2,simulation,34.5625,108.4375,26580,4,,FALSE
5E5,2,simulation,34.8125,108.8125,27322,5,,FALSE
5E5,2,simulation,32.5625,106.9375,23620,6,,FALSE
5E5,2,simulation,34.0625,108.3125,26336,7,,FALSE
5E5,2,simulation,31.9375,105.5625,20897,8,,FALSE
5E5,2,simulation,31.9375,106.1875,22137,9,,FALSE
5E5,2,simulation,32.3125,106.3125,22382,10,,FALSE
5E5,3,simulation,31.3125,112.0625,33798,1,,FALSE
5E5,3,simulation,30.6875,111.4375,32563,2,,FALSE
5E5,3,simulation,31.6875,112.0625,33795,3,,FALSE
5E5,3,simulation,32.0625,113.0625,35776,4,,FALSE
5E5,3,simulation,31.6875,112.6875,35035,5,,FALSE
5E5,3,simulation,31.1875,111.6875,33055,6,,FALSE
5E5,3,simulation,30.4375,111.5625,32813,7,,FALSE
5E5,3,simulation,31.6875,111.8125,33299,8,,FALSE
5E5,3,simulation,30.6875,111.4375,32563,9,,FALSE
5E5,3,simulation,31.6875,111.9375,33547,10,,FALSE
5E5,4,simulation,,,,1,,FALSE
5E5,4,simulation,,,,2,,FALSE
5E5,4,simulation,,,,3,,FALSE
5E5,4,simulation,,,,4,,FALSE
5E5,4,simulation,,,,5,,FALSE
5E5,4,simulation,,,,6,,FALSE
5E5,4,simulation,,,,7,,FALSE
5E5,4,simulation,,,,8,,FALSE
5E5,4,simulation,,,,9,,FALSE
5E5,4,simulation,,,,10,,FALSE
5E5,5,simulation,,,,1,,FALSE
5E5,5,simulation,,,,2,,FALSE
5E5,5,simulation,,,,3,,FALSE
5E5,5,simulation,,,,4,,FALSE
5E5,5,simulation,,,,5,,FALSE
5E5,5,simulation,,,,6,,FALSE
5E5,5,simulation,,,,7,,FALSE
5E5,5,simulation,,,,8,,FALSE
5E5,5,simulation,,,,9,,FALSE
5E5,5,simulation,,,,10,,FALSE
5E5,6,simulation,,,,1,,FALSE
5E5,6,simulation,,,,2,,FALSE
5E5,6,simulation,,,,3,,FALSE
5E5,6,simulation,,,,4,,FALSE
5E5,6,simulation,,,,5,,FALSE
5E5,6,simulation,,,,6,,FALSE
5E5,6,simulation,,,,7,,FALSE
5E5,6,simulation,,,,8,,FALSE
5E5,6,simulation,,,,9,,FALSE
5E5,6,simulation,,,,10,,FALSE
5E5,7,simulation,,,,1,,FALSE
5E5,7,simulation,,,,2,,FALSE
5E5,7,simulation,,,,3,,FALSE
5E5,7,simulation,,,,4,,FALSE
5E5,7,simulation,,,,5,,FALSE
5E5,7,simulation,,,,6,,FALSE
5E5,7,simulation,,,,7,,FALSE
5E5,7,simulation,,,,8,,FALSE
5E5,7,simulation,,,,9,,FALSE
5E5,7,simulation,,,,10,,FALSE
5E5,8,simulation,,,,1,,FALSE
5E5,8,simulation,,,,2,,FALSE
5E5,8,simulation,,,,3,,FALSE
5E5,8,simulation,,,,4,,FALSE
5E5,8,simulation,,,,5,,FALSE
5E5,8,simulation,,,,6,,FALSE
5E5,8,simulation,,,,7,,FALSE
5E5,8,simulation,,,,8,,FALSE
5E5,8,simulation,,,,9,,FALSE
5E5,8,simulation,,,,10,,FALSE
5E5,9,simulation,,,,1,,FALSE
5E5,9,simulation,,,,2,,FALSE
5E5,9,simulation,,,,3,,FALSE
5E5,9,simulation,,,,4,,FALSE
5E5,9,simulation,,,,5,,FALSE
5E5,9,simulation,,,,6,,FALSE
5E5,9,simulation,,,,7,,FALSE
5E5,9,simulation,,,,8,,FALSE
5E5,9,simulation,,,,9,,FALSE
5E5,9,simulation,,,,10,,FALSE
5E5,10,simulation,,,,1,,FALSE
5E5,10,simulation,,,,2,,FALSE
5E5,10,simulation,,,,3,,FALSE
5E5,10,simulation,,,,4,,FALSE
5E5,10,simulation,,,,5,,FALSE
5E5,10,simulation,,,,6,,FALSE
5E5,10,simulation,,,,7,,FALSE
5E5,10,simulation,,,,8,,FALSE
5E5,10,simulation,,,,9,,FALSE
5E5,10,simulation,,,,10,,FALSE
5E5,11,simulation,16.3125,100.8125,11598,1,,FALSE
5E5,11,simulation,13.6875,101.5625,13107,2,,FALSE
5E5,11,simulation,14.4375,99.6875,9381,3,,FALSE
5E5,11,simulation,14.0625,102.9375,15832,4,,FALSE
5E5,11,simulation,15.1875,100.0625,10119,5,,FALSE
5E5,11,simulation,14.3125,103.4375,16822,6,,FALSE
5E5,11,simulation,15.3125,100.3125,10614,7,,FALSE
5E5,11,simulation,15.0625,100.8125,11608,8,,FALSE
5E5,11,simulation,15.1875,101.0625,12103,9,,FALSE
5E5,11,simulation,14.9375,100.6875,11361,10,,FALSE
5E5,12,simulation,18.5625,100.0625,10092,1,,FALSE
5E5,12,simulation,18.0625,100.9375,11832,2,,FALSE
5E5,12,simulation,18.3125,101.0625,12078,3,,FALSE
5E5,12,simulation,18.3125,102.0625,14062,4,,FALSE
5E5,12,simulation,18.0625,104.4375,18776,5,,FALSE
5E5,12,simulation,18.5625,102.6875,15300,6,,FALSE
5E5,12,simulation,18.4375,100.3125,10589,7,,FALSE
5E5,12,simulation,16.8125,104.0625,18042,8,,FALSE
5E5,12,simulation,18.8125,100.6875,11330,9,,FALSE
5E5,12,simulation,18.6875,101.9375,13811,10,,FALSE
5E5,13,simulation,22.0625,105.1875,20232,1,,FALSE
5E5,13,simulation,22.4375,104.5625,18989,2,,FALSE
5E5,13,simulation,22.1875,103.3125,16511,3,,FALSE
5E5,13,simulation,21.5625,104.9375,19740,4,,FALSE
5E5,13,simulation,20.9375,103.9375,17761,5,,FALSE
5E5,13,simulation,21.9375,104.6875,19241,6,,FALSE
5E5,13,simulation,21.5625,104.9375,19740,7,,FALSE
5E5,13,simulation,22.9375,106.3125,22457,8,,FALSE
5E5,13,simulation,21.9375,104.8125,19489,9,,FALSE
5E5,13,simulation,23.0625,103.8125,17496,10,,FALSE
5E5,14,simulation,22.6875,104.9375,19731,1,,FALSE
5E5,14,simulation,22.8125,104.6875,19234,2,,FALSE
5E5,14,simulation,22.5625,104.3125,18492,3,,FALSE
5E5,14,simulation,21.3125,104.6875,19246,4,,FALSE
5E5,14,simulation,20.6875,104.6875,19251,5,,FALSE
5E5,14,simulation,23.0625,105.1875,20224,6,,FALSE
5E5,14,simulation,21.5625,104.6875,19244,7,,FALSE
5E5,14,simulation,24.0625,105.8125,21456,8,,FALSE
5E5,14,simulation,23.3125,105.5625,20966,9,,FALSE
5E5,14,simulation,23.3125,104.0625,17990,10,,FALSE
5E5,15,simulation,24.6875,106.3125,22443,1,,FALSE
5E5,15,simulation,25.9375,107.4375,24665,2,,FALSE
5E5,15,simulation,28.0625,106.6875,23160,3,,FALSE
5E5,15,simulation,23.8125,105.9375,21706,4,,FALSE
5E5,15,simulation,24.3125,106.0625,21950,5,,FALSE
5E5,15,simulation,28.0625,106.5625,22912,6,,FALSE
5E5,15,simulation,24.6875,106.5625,22939,7,,FALSE
5E5,15,simulation,26.0625,108.4375,26648,8,,FALSE
5E5,15,simulation,25.6875,105.1875,20203,9,,FALSE
5E5,15,simulation,28.3125,106.3125,22414,10,,FALSE
5E5,16,simulation,29.1875,105.0625,19927,1,,FALSE
5E5,16,simulation,30.1875,105.3125,20415,2,,FALSE
5E5,16,simulation,29.0625,104.6875,19184,3,,FALSE
5E5,16,simulation,28.6875,105.6875,21171,4,,FALSE
5E5,16,simulation,28.9375,105.5625,20921,5,,FALSE
5E5,16,simulation,29.4375,104.9375,19677,6,,FALSE
5E5,16,simulation,28.8125,105.5625,20922,7,,FALSE
5E5,16,simulation,29.0625,105.3125,20424,8,,FALSE
5E5,16,simulation,28.9375,105.1875,20177,9,,FALSE
5E5,16,simulation,29.1875,105.0625,19927,10,,FALSE
5E5,17,simulation,32.8125,105.4375,20642,1,,FALSE
5E5,17,simulation,32.9375,105.3125,20393,2,,FALSE
5E5,17,simulation,33.3125,106.9375,23614,3,,FALSE
5E5,17,simulation,33.4375,106.9375,23613,4,,FALSE
5E5,17,simulation,32.4375,106.0625,21885,5,,FALSE
5E5,17,simulation,33.9375,108.1875,26089,6,,FALSE
5E5,17,simulation,32.8125,105.4375,20642,7,,FALSE
5E5,17,simulation,32.3125,105.6875,21142,8,,FALSE
5E5,17,simulation,32.3125,105.6875,21142,9,,FALSE
5E5,17,simulation,32.8125,105.6875,21138,10,,FALSE
5E5,18,simulation,35.5625,103.4375,16652,1,,FALSE
5E5,18,simulation,34.9375,103.5625,16905,2,,FALSE
5E5,18,simulation,37.0625,104.5625,18872,3,,FALSE
5E5,18,simulation,34.5625,103.9375,17652,4,,FALSE
5E5,18,simulation,35.5625,105.0625,19876,5,,FALSE
5E5,18,simulation,37.3125,103.6875,17134,6,,FALSE
5E5,18,simulation,36.5625,105.0625,19868,7,,FALSE
5E5,18,simulation,35.4375,104.9375,19629,8,,FALSE
5E5,18,simulation,34.6875,103.9375,17651,9,,FALSE
5E5,18,simulation,36.0625,104.5625,18880,10,,FALSE
5E5,19,simulation,36.3125,102.6875,15158,1,,FALSE
5E5,19,simulation,36.1875,103.5625,16895,2,,FALSE
5E5,19,simulation,35.9375,102.5625,14913,3,,FALSE
5E5,19,simulation,35.5625,103.9375,17644,4,,FALSE
5E5,19,simulation,35.9375,104.3125,18385,5,,FALSE
5E5,19,simulation,36.3125,102.6875,15158,6,,FALSE
5E5,19,simulation,35.8125,102.6875,15162,7,,FALSE
5E5,19,simulation,36.3125,102.9375,15654,8,,FALSE
5E5,19,simulation,35.8125,102.8125,15410,9,,FALSE
5E5,19,simulation,36.4375,102.6875,15157,10,,FALSE
5E5,20,simulation,37.044269,101.725552,13168,1,,TRUE
5E5,20,simulation,37.044269,101.725552,13168,2,,TRUE
5E5,20,simulation,37.044269,101.725552,13168,3,,TRUE
5E5,20,simulation,37.044269,101.725552,13168,4,,TRUE
5E5,20,simulation,37.044269,101.725552,13168,5,,TRUE
5E5,20,simulation,37.044269,101.725552,13168,6,,TRUE
5E5,20,simulation,37.044269,101.725552,13168,7,,TRUE
5E5,20,simulation,37.044269,101.725552,13168,8,,TRUE
5E5,20,simulation,37.044269,101.725552,13168,9,,TRUE
5E5,20,simulation,37.044269,101.725552,13168,10,,TRUE
5E7,1,simulation,37.04428903,101.724188,13168,1,,TRUE
5E7,1,simulation,37.04428903,101.724188,13168,2,,TRUE
5E7,1,simulation,37.04428903,101.724188,13168,3,,TRUE
5E7,1,simulation,37.04428903,101.724188,13168,4,,TRUE
5E7,1,simulation,37.04428903,101.724188,13168,5,,TRUE
5E7,1,simulation,37.04428903,101.724188,13168,6,,TRUE
5E7,1,simulation,37.04428903,101.724188,13168,7,,TRUE
5E7,1,simulation,37.04428903,101.724188,13168,8,,TRUE
5E7,1,simulation,37.04428903,101.724188,13168,9,,TRUE
5E7,1,simulation,37.04428903,101.724188,13168,10,,TRUE
5E7,2,simulation,36.6875,103.6875,17139,1,,FALSE
5E7,2,simulation,36.9375,104.1875,18129,2,,FALSE
5E7,2,simulation,37.0625,104.3125,18376,3,,FALSE
5E7,2,simulation,36.0625,103.8125,17392,4,,FALSE
5E7,2,simulation,36.5625,104.1875,18132,5,,FALSE
5E7,2,simulation,35.9375,104.0625,17889,6,,FALSE
5E7,2,simulation,36.4375,103.9375,17637,7,,FALSE
5E7,2,simulation,36.6875,103.3125,16395,8,,FALSE
5E7,2,simulation,36.0625,103.1875,16152,9,,FALSE
5E7,2,simulation,36.0625,103.1875,16152,10,,FALSE
5E7,3,simulation,35.4375,102.9375,15661,1,,FALSE
5E7,3,simulation,35.3125,104.1875,18142,2,,FALSE
5E7,3,simulation,36.5625,102.3125,14412,3,,FALSE
5E7,3,simulation,36.3125,102.9375,15654,4,,FALSE
5E7,3,simulation,35.5625,104.8125,19380,5,,FALSE
5E7,3,simulation,35.6875,103.0625,15907,6,,FALSE
5E7,3,simulation,36.3125,102.9375,15654,7,,FALSE
5E7,3,simulation,36.3125,104.3125,18382,8,,FALSE
5E7,3,simulation,36.0625,102.3125,14416,9,,FALSE
5E7,3,simulation,35.4375,103.3125,16405,10,,FALSE
5E7,4,simulation,36.0625,104.9375,19624,1,,FALSE
5E7,4,simulation,33.5625,103.8125,17412,2,,FALSE
5E7,4,simulation,33.9375,104.1875,18153,3,,FALSE
5E7,4,simulation,33.9375,104.0625,17905,4,,FALSE
5E7,4,simulation,34.4375,105.0625,19885,5,,FALSE
5E7,4,simulation,33.8125,105.1875,20138,6,,FALSE
5E7,4,simulation,33.9375,103.6875,17161,7,,FALSE
5E7,4,simulation,34.9375,104.8125,19385,8,,FALSE
5E7,4,simulation,33.6875,104.1875,18155,9,,FALSE
5E7,4,simulation,35.6875,105.3125,20371,10,,FALSE
5E7,5,simulation,35.9375,104.3125,18385,1,,FALSE
5E7,5,simulation,34.0625,103.4375,16664,2,,FALSE
5E7,5,simulation,34.0625,104.8125,19392,3,,FALSE
5E7,5,simulation,34.5625,104.8125,19388,4,,FALSE
5E7,5,simulation,34.4375,105.1875,20133,5,,FALSE
5E7,5,simulation,33.8125,104.0625,17906,6,,FALSE
5E7,5,simulation,34.3125,104.1875,18150,7,,FALSE
5E7,5,simulation,35.3125,104.4375,18638,8,,FALSE
5E7,5,simulation,33.9375,104.1875,18153,9,,FALSE
5E7,5,simulation,35.8125,104.6875,19130,10,,FALSE
5E7,6,simulation,35.5625,105.5625,20868,1,,FALSE
5E7,6,simulation,33.9375,104.5625,18897,2,,FALSE
5E7,6,simulation,34.4375,105.1875,20133,3,,FALSE
5E7,6,simulation,34.4375,105.3125,20381,4,,FALSE
5E7,6,simulation,34.5625,105.1875,20132,5,,FALSE
5E7,6,simulation,33.9375,104.8125,19393,6,,FALSE
5E7,6,simulation,34.1875,104.9375,19639,7,,FALSE
5E7,6,simulation,34.3125,105.0625,19886,8,,FALSE
5E7,6,simulation,34.5625,104.9375,19636,9,,FALSE
5E7,6,simulation,35.1875,105.3125,20375,10,,FALSE
5E7,7,simulation,33.0625,107.6875,25104,1,,FALSE
5E7,7,simulation,31.6875,108.3125,26355,2,,FALSE
5E7,7,simulation,34.3125,108.4375,26582,3,,FALSE
5E7,7,simulation,32.0625,110.0625,29824,4,,FALSE
5E7,7,simulation,31.5625,107.3125,24372,5,,FALSE
5E7,7,simulation,32.5625,106.5625,22876,6,,FALSE
5E7,7,simulation,34.3125,106.9375,23606,7,,FALSE
5E7,7,simulation,33.6875,110.9375,31547,8,,FALSE
5E7,7,simulation,33.5625,112.3125,34276,9,,FALSE
5E7,7,simulation,34.6875,107.9375,25587,10,,FALSE
5E7,8,simulation,30.9375,110.4375,30577,1,,FALSE
5E7,8,simulation,31.1875,109.6875,29087,2,,FALSE
5E7,8,simulation,32.4375,110.3125,30317,3,,FALSE
5E7,8,simulation,30.4375,109.8125,29341,4,,FALSE
5E7,8,simulation,32.0625,109.8125,29328,5,,FALSE
5E7,8,simulation,30.0625,110.1875,30088,6,,FALSE
5E7,8,simulation,31.4375,110.5625,30821,7,,FALSE
5E7,8,simulation,31.3125,111.1875,32062,8,,FALSE
5E7,8,simulation,29.6875,109.6875,29099,9,,FALSE
5E7,8,simulation,29.8125,110.1875,30090,10,,FALSE
5E7,9,simulation,30.1875,112.3125,34303,1,,FALSE
5E7,9,simulation,30.4375,111.6875,33061,2,,FALSE
5E7,9,simulation,29.5625,111.8125,33316,3,,FALSE
5E7,9,simulation,29.5625,111.3125,32324,4,,FALSE
5E7,9,simulation,30.1875,111.8125,33311,5,,FALSE
5E7,9,simulation,29.5625,112.4375,34556,6,,FALSE
5E7,9,simulation,30.3125,112.3125,34302,7,,FALSE
5E7,9,simulation,30.6875,111.8125,33307,8,,FALSE
5E7,9,simulation,30.3125,112.1875,34054,9,,FALSE
5E7,9,simulation,29.4375,112.4375,34557,10,,FALSE
5E7,10,simulation,27.8125,112.8125,35314,1,,FALSE
5E7,10,simulation,27.1875,112.1875,34079,2,,FALSE
5E7,10,simulation,28.9375,111.0625,31833,3,,FALSE
5E7,10,simulation,28.4375,113.0625,35805,4,,FALSE
5E7,10,simulation,27.6875,113.0625,35811,5,,FALSE
5E7,10,simulation,27.9375,114.8125,39281,6,,FALSE
5E7,10,simulation,27.0625,112.3125,34328,7,,FALSE
5E7,10,simulation,27.1875,113.9375,37551,8,,FALSE
5E7,10,simulation,28.8125,112.9375,35554,9,,FALSE
5E7,10,simulation,27.4375,112.5625,34821,10,,FALSE
5E7,11,simulation,26.4375,112.8125,35325,1,,FALSE
5E7,11,simulation,26.8125,112.5625,34826,2,,FALSE
5E7,11,simulation,28.0625,111.4375,32584,3,,FALSE
5E7,11,simulation,28.0625,111.6875,33080,4,,FALSE
5E7,11,simulation,26.6875,112.9375,35571,5,,FALSE
5E7,11,simulation,26.6875,114.5625,38795,6,,FALSE
5E7,11,simulation,25.6875,112.4375,34587,7,,FALSE
5E7,11,simulation,27.5625,113.5625,36804,8,,FALSE
5E7,11,simulation,27.5625,112.9375,35564,9,,FALSE
5E7,11,simulation,26.6875,113.5625,36811,10,,FALSE
5E7,12,simulation,,,,1,,FALSE
5E7,12,simulation,,,,2,,FALSE
5E7,12,simulation,,,,3,,FALSE
5E7,12,simulation,,,,4,,FALSE
5E7,12,simulation,,,,5,,FALSE
5E7,12,simulation,,,,6,,FALSE
5E7,12,simulation,,,,7,,FALSE
5E7,12,simulation,,,,8,,FALSE
5E7,12,simulation,,,,9,,FALSE
5E7,12,simulation,,,,10,,FALSE
5E7,13,simulation,,,,1,,FALSE
5E7,13,simulation,,,,2,,FALSE
5E7,13,simulation,,,,3,,FALSE
5E7,13,simulation,,,,4,,FALSE
5E7,13,simulation,,,,5,,FALSE
5E7,13,simulation,,,,6,,FALSE
5E7,13,simulation,,,,7,,FALSE
5E7,13,simulation,,,,8,,FALSE
5E7,13,simulation,,,,9,,FALSE
5E7,13,simulation,,,,10,,FALSE
5E7,14,simulation,,,,1,,FALSE
5E7,14,simulation,,,,2,,FALSE
5E7,14,simulation,,,,3,,FALSE
5E7,14,simulation,,,,4,,FALSE
5E7,14,simulation,,,,5,,FALSE
5E7,14,simulation,,,,6,,FALSE
5E7,14,simulation,,,,7,,FALSE
5E7,14,simulation,,,,8,,FALSE
5E7,14,simulation,,,,9,,FALSE
5E7,14,simulation,,,,10,,FALSE
5E7,15,simulation,13.3125,103.0625,16086,1,,FALSE
5E7,15,simulation,13.6875,103.5625,17075,2,,FALSE
5E7,15,simulation,13.4375,103.3125,16581,3,,FALSE
5E7,15,simulation,13.6875,103.4375,16827,4,,FALSE
5E7,15,simulation,14.9375,100.5625,11113,5,,FALSE
5E7,15,simulation,13.5625,103.1875,16332,6,,FALSE
5E7,15,simulation,12.5625,103.4375,16836,7,,FALSE
5E7,15,simulation,13.1875,103.3125,16583,8,,FALSE
5E7,15,simulation,13.5625,102.8125,15588,9,,FALSE
5E7,15,simulation,13.9375,101.0625,12113,10,,FALSE
5E7,16,simulation,15.5625,107.8125,25492,1,,FALSE
5E7,16,simulation,15.4375,101.9375,13837,2,,FALSE
5E7,16,simulation,17.0625,102.4375,14816,3,,FALSE
5E7,16,simulation,16.6875,103.5625,17051,4,,FALSE
5E7,16,simulation,18.1875,103.0625,16047,5,,FALSE
5E7,16,simulation,16.6875,103.4375,16803,6,,FALSE
5E7,16,simulation,16.9375,105.6875,21265,7,,FALSE
5E7,16,simulation,16.3125,102.0625,14078,8,,FALSE
5E7,16,simulation,16.3125,100.8125,11598,9,,FALSE
5E7,16,simulation,15.9375,104.9375,19785,10,,FALSE
5E7,17,simulation,23.0625,106.4375,22704,1,,FALSE
5E7,17,simulation,17.9375,105.1875,20265,2,,FALSE
5E7,17,simulation,17.5625,105.9375,21756,3,,FALSE
5E7,17,simulation,20.9375,102.8125,15529,4,,FALSE
5E7,17,simulation,20.3125,104.6875,19254,5,,FALSE
5E7,17,simulation,20.9375,103.6875,17265,6,,FALSE
5E7,17,simulation,17.0625,106.6875,23248,7,,FALSE
5E7,17,simulation,21.3125,102.4375,14782,8,,FALSE
5E7,17,simulation,21.5625,101.1875,12300,9,,FALSE
5E7,17,simulation,17.0625,106.3125,22504,10,,FALSE
5E7,18,simulation,20.9375,105.1875,20241,1,,FALSE
5E7,18,simulation,21.1875,109.9375,29663,2,,FALSE
5E7,18,simulation,20.9375,106.9375,23713,3,,FALSE
5E7,18,simulation,20.6875,106.4375,22723,4,,FALSE
5E7,18,simulation,22.3125,108.9375,27670,5,,FALSE
5E7,18,simulation,21.4375,107.6875,25197,6,,FALSE
5E7,18,simulation,19.1875,105.5625,20999,7,,FALSE
5E7,18,simulation,21.4375,106.6875,23213,8,,FALSE
5E7,18,simulation,20.6875,105.5625,20987,9,,FALSE
5E7,18,simulation,21.6875,107.8125,25443,10,,FALSE
5E7,19,simulation,21.4375,106.6875,23213,1,,FALSE
5E7,19,simulation,22.3125,112.3125,34366,2,,FALSE
5E7,19,simulation,21.5625,106.3125,22468,3,,FALSE
5E7,19,simulation,21.6875,107.4375,24699,4,,FALSE
5E7,19,simulation,22.9375,111.5625,32873,5,,FALSE
5E7,19,simulation,23.5625,110.0625,29892,6,,FALSE
5E7,19,simulation,21.1875,105.0625,19991,7,,FALSE
5E7,19,simulation,21.5625,110.5625,30900,8,,FALSE
5E7,19,simulation,21.4375,107.3125,24453,9,,FALSE
5E7,19,simulation,22.3125,108.8125,27422,10,,FALSE
5E7,20,simulation,23.9375,108.5625,26913,1,,FALSE
5E7,20,simulation,24.3125,109.0625,27902,2,,FALSE
5E7,20,simulation,23.5625,108.0625,25924,3,,FALSE
5E7,20,simulation,24.1875,109.4375,28647,4,,FALSE
5E7,20,simulation,24.4375,110.0625,29885,5,,FALSE
5E7,20,simulation,24.0625,109.8125,29392,6,,FALSE
5E7,20,simulation,23.3125,108.1875,26174,7,,FALSE
5E7,20,simulation,24.9375,108.8125,27401,8,,FALSE
5E7,20,simulation,24.1875,109.5625,28895,9,,FALSE
5E7,20,simulation,25.4375,109.4375,28637,10,,FALSE
5E7,21,simulation,24.0625,109.0625,27904,1,,FALSE
5E7,21,simulation,24.5625,107.9375,25668,2,,FALSE
5E7,21,simulation,24.3125,108.9375,27654,3,,FALSE
5E7,21,simulation,24.4375,108.6875,27157,4,,FALSE
5E7,21,simulation,25.0625,109.4375,28640,5,,FALSE
5E7,21,simulation,25.1875,109.3125,28391,6,,FALSE
5E7,21,simulation,24.4375,108.4375,26661,7,,FALSE
5E7,21,simulation,25.0625,109.3125,28392,8,,FALSE
5E7,21,simulation,24.6875,108.8125,27403,9,,FALSE
5E7,21,simulation,25.1875,109.3125,28391,10,,FALSE
5E7,22,simulation,25.6875,105.8125,21443,1,,FALSE
5E7,22,simulation,27.5625,108.6875,27132,2,,FALSE
5E7,22,simulation,28.1875,106.8125,23407,3,,FALSE
5E7,22,simulation,25.6875,106.1875,22187,4,,FALSE
5E7,22,simulation,25.5625,110.5625,30868,5,,FALSE
5E7,22,simulation,25.9375,107.8125,25409,6,,FALSE
5E7,22,simulation,27.6875,108.3125,26387,7,,FALSE
5E7,22,simulation,28.0625,111.0625,31840,8,,FALSE
5E7,22,simulation,26.4375,108.4375,26645,9,,FALSE
5E7,22,simulation,26.5625,109.4375,28628,10,,FALSE
5E7,23,simulation,28.0625,109.1875,28120,1,,FALSE
5E7,23,simulation,28.9375,109.6875,29105,2,,FALSE
5E7,23,simulation,28.8125,109.1875,28114,3,,FALSE
5E7,23,simulation,29.0625,109.3125,28360,4,,FALSE
5E7,23,simulation,28.9375,110.3125,30345,5,,FALSE
5E7,23,simulation,28.9375,109.5625,28857,6,,FALSE
5E7,23,simulation,29.5625,109.9375,29596,7,,FALSE
5E7,23,simulation,29.4375,110.0625,29845,8,,FALSE
5E7,23,simulation,28.8125,108.9375,27618,9,,FALSE
5E7,23,simulation,28.5625,108.9375,27620,10,,FALSE
5E7,24,simulation,28.1875,108.6875,27127,1,,FALSE
5E7,24,simulation,30.5625,109.3125,28348,2,,FALSE
5E7,24,simulation,30.1875,107.4375,24631,3,,FALSE
5E7,24,simulation,30.6875,108.4375,26611,4,,FALSE
5E7,24,simulation,29.8125,107.9375,25626,5,,FALSE
5E7,24,simulation,30.3125,106.9375,23638,6,,FALSE
5E7,24,simulation,27.6875,108.1875,26139,7,,FALSE
5E7,24,simulation,29.6875,109.8125,29347,8,,FALSE
5E7,24,simulation,30.4375,107.5625,24877,9,,FALSE
5E7,24,simulation,29.0625,107.6875,25136,10,,FALSE
5E7,25,simulation,31.4375,107.9375,25613,1,,FALSE
5E7,25,simulation,34.0625,106.5625,22864,2,,FALSE
5E7,25,simulation,32.5625,108.3125,26348,3,,FALSE
5E7,25,simulation,31.5625,108.6875,27100,4,,FALSE
5E7,25,simulation,31.5625,104.1875,18172,5,,FALSE
5E7,25,simulation,33.1875,108.5625,26839,6,,FALSE
5E7,25,simulation,31.6875,107.9375,25611,7,,FALSE
5E7,25,simulation,32.9375,109.1875,28081,8,,FALSE
5E7,25,simulation,32.4375,106.5625,22877,9,,FALSE
5E7,25,simulation,32.6875,105.4375,20643,10,,FALSE
5E7,26,simulation,31.9375,106.0625,21889,1,,FALSE
5E7,26,simulation,32.5625,105.1875,20148,2,,FALSE
5E7,26,simulation,33.3125,106.5625,22870,3,,FALSE
5E7,26,simulation,32.9375,106.4375,22625,4,,FALSE
5E7,26,simulation,33.1875,106.0625,21879,5,,FALSE
5E7,26,simulation,31.6875,106.5625,22883,6,,FALSE
5E7,26,simulation,31.4375,107.6875,25117,7,,FALSE
5E7,26,simulation,33.4375,108.1875,26093,8,,FALSE
5E7,26,simulation,32.3125,104.8125,19406,9,,FALSE
5E7,26,simulation,32.4375,107.8125,25357,10,,FALSE
5E7,27,simulation,35.1875,106.3125,22359,1,,FALSE
5E7,27,simulation,34.1875,104.4375,18647,2,,FALSE
5E7,27,simulation,34.1875,106.9375,23607,3,,FALSE
5E7,27,simulation,36.6875,105.3125,20363,4,,FALSE
5E7,27,simulation,35.4375,104.5625,18885,5,,FALSE
5E7,27,simulation,34.4375,106.1875,22117,6,,FALSE
5E7,27,simulation,34.3125,106.1875,22118,7,,FALSE
5E7,27,simulation,35.1875,106.1875,22111,8,,FALSE
5E7,27,simulation,33.3125,104.9375,19646,9,,FALSE
5E7,27,simulation,33.9375,108.3125,26337,10,,FALSE
5E7,28,simulation,36.4375,102.0625,13917,1,,FALSE
5E7,28,simulation,36.5625,102.3125,14412,2,,FALSE
5E7,28,simulation,36.1875,101.6875,13175,3,,FALSE
5E7,28,simulation,36.4375,102.1875,14165,4,,FALSE
5E7,28,simulation,36.4375,102.0625,13917,5,,FALSE
5E7,28,simulation,37.6875,102.8125,15395,6,,FALSE
5E7,28,simulation,36.6875,101.3125,12427,7,,FALSE
5E7,28,simulation,36.9375,103.0625,15897,8,,FALSE
5E7,28,simulation,36.5625,101.5625,12924,9,,FALSE
5E7,28,simulation,36.5625,101.5625,12924,10,,FALSE
5E7,29,simulation,37.04428903,101.724188,13168,1,,TRUE
5E7,29,simulation,37.04428903,101.724188,13168,2,,TRUE
5E7,29,simulation,37.04428903,101.724188,13168,3,,TRUE
5E7,29,simulation,37.04428903,101.724188,13168,4,,TRUE
5E7,29,simulation,37.04428903,101.724188,13168,5,,TRUE
5E7,29,simulation,37.04428903,101.724188,13168,6,,TRUE
5E7,29,simulation,37.04428903,101.724188,13168,7,,TRUE
5E7,29,simulation,37.04428903,101.724188,13168,8,,TRUE
5E7,29,simulation,37.04428903,101.724188,13168,9,,TRUE
5E7,29,simulation,37.04428903,101.724188,13168,10,,TRUE
56C,1,most_likely,37.01987498,101.585549,12920,1,,TRUE
56C,2,most_likely,36.3125,102.6875,15158,1,,FALSE
56C,3,most_likely,36.4375,105.8125,21357,1,,FALSE
56C,4,most_likely,35.5625,104.9375,19628,1,,FALSE
56C,5,most_likely,33.9375,105.6875,21129,1,,FALSE
56C,6,most_likely,32.9375,107.0625,23865,1,,FALSE
56C,7,most_likely,31.6875,108.6875,27099,1,,FALSE
56C,8,most_likely,29.9375,108.8125,27361,1,,FALSE
56C,9,most_likely,28.3125,109.6875,29110,1,,FALSE
56C,10,most_likely,26.6875,109.6875,29123,1,,FALSE
56C,11,most_likely,,,,1,,FALSE
56C,12,most_likely,,,,1,,FALSE
56C,13,most_likely,,,,1,,FALSE
56C,14,most_likely,,,,1,,FALSE
56C,15,most_likely,13.6875,101.0625,12115,1,,FALSE
56C,16,most_likely,16.0625,101.5625,13088,1,,FALSE
56C,17,most_likely,18.5625,103.1875,16292,1,,FALSE
56C,18,most_likely,20.0625,106.0625,21984,1,,FALSE
56C,19,most_likely,21.3125,106.3125,22470,1,,FALSE
56C,20,most_likely,24.0625,107.3125,24432,1,,FALSE
56C,21,most_likely,26.3125,109.6875,29126,1,,FALSE
56C,22,most_likely,27.3125,108.9375,27630,1,,FALSE
56C,23,most_likely,28.8125,106.6875,23154,1,,FALSE
56C,24,most_likely,,,,1,,FALSE
56C,25,most_likely,,,,1,,FALSE
56C,26,most_likely,37.01987498,101.585549,12920,1,,TRUE
5CF,1,most_likely,62.28616,88.97598,984,1,,TRUE
5CF,2,most_likely,60.9,90.69999999999999,3196,1,,FALSE
5CF,3,most_likely,60.3,91.5,4179,1,,FALSE
5CF,4,most_likely,59.9,93.5,6631,1,,FALSE
5CF,5,most_likely,57.5,98.69999999999999,13013,1,,FALSE
5CF,6,most_likely,57.3,98.5,12769,1,,FALSE
5CF,7,most_likely,55.3,102.1,17189,1,,FALSE
5CF,8,most_likely,51.699999999999996,106.69999999999999,22842,1,,FALSE
5CF,9,most_likely,48.699999999999996,109.9,26777,1,,FALSE
5CF,10,most_likely,48.3,110.5,27514,1,,FALSE
5CF,11,most_likely,47.5,110.1,27028,1,,FALSE
5CF,12,most_likely,42.1,112.30000000000001,29750,1,,FALSE
5CF,13,most_likely,39.699999999999996,112.1,29517,1,,FALSE
5CF,14,most_likely,37.49999999999999,110.5,27568,1,,FALSE
5CF,15,most_likely,35.3,109.9,26844,1,,FALSE
5CF,16,most_likely,34.49999999999999,109.9,26848,1,,FALSE
5CF,17,most_likely,32.3,110.30000000000001,27349,1,,FALSE
5CF,18,most_likely,31.099999999999998,110.1,27110,1,,FALSE
5CF,19,most_likely,30.299999999999997,107.9,24419,1,,FALSE
5CF,20,most_likely,29.9,106.9,23196,1,,FALSE
5CF,21,most_likely,27.5,105.30000000000001,21248,1,,FALSE
5CF,22,most_likely,24.9,104.5,20281,1,,FALSE
5CF,23,most_likely,24.499999999999993,104.30000000000001,20038,1,,FALSE
5CF,24,most_likely,,,,1,,FALSE
5CF,25,most_likely,,,,1,,FALSE
5CF,26,most_likely,20.499999999999993,102.30000000000001,17608,1,,FALSE
5CF,27,most_likely,22.699999999999996,105.1,21027,1,,FALSE
5CF,28,most_likely,26.9,109.30000000000001,26151,1,,FALSE
5CF,29,most_likely,28.099999999999994,109.1,25900,1,,FALSE
5CF,30,most_likely,28.9,109.9,26876,1,,FALSE
5CF,31,most_likely,30.099999999999994,110.69999999999999,27850,1,,FALSE
5CF,32,most_likely,31.299999999999997,112.9,30539,1,,FALSE
5CF,33,most_likely,35.49999999999999,110.9,28068,1,,FALSE
5CF,34,most_likely,37.1,110.5,27570,1,,FALSE
5CF,35,most_likely,38.699999999999996,110.9,28052,1,,FALSE
5CF,36,most_likely,40.3,111.69999999999999,29024,1,,FALSE
5CF,37,most_likely,42.49999999999999,108.1,24603,1,,FALSE
5CF,38,most_likely,45.699999999999996,106.1,22137,1,,FALSE
5CF,39,most_likely,48.699999999999996,103.69999999999999,19182,1,,FALSE
5CF,40,most_likely,51.699999999999996,100.30000000000001,15002,1,,FALSE
5CF,41,most_likely,54.1,100.1,14745,1,,FALSE
5CF,42,most_likely,55.1,97.5,11555,1,,FALSE
5CF,43,most_likely,57.1,95.69999999999999,9340,1,,FALSE
5CF,44,most_likely,58.3,94.5,7864,1,,FALSE
5CF,45,most_likely,58.5,93.5,6638,1,,FALSE
5CF,46,most_likely,60.1,91.1,3690,1,,FALSE
5CF,47,most_likely,61.5,89.30000000000001,1478,1,,FALSE
5CF,48,most_likely,62.28616,88.97598,984,1,,TRUE
5D6,1,most_likely,37.04525798,101.722533,13168,1,,TRUE
5D6,2,most_likely,35.8125,105.0625,19874,1,,FALSE
5D6,3,most_likely,34.5625,108.0625,25836,1,,FALSE
5D6,4,most_likely,32.4375,109.8125,29325,1,,FALSE
5D6,5,most_likely,32.0625,110.8125,31312,1,,FALSE
5D6,6,most_likely,31.4375,111.4375,32557,1,,FALSE
5D6,7,most_likely,30.6875,111.3125,32315,1,,FALSE
5D6,8,most_likely,26.0625,108.4375,26648,1,,FALSE
5D6,9,most_likely,19.8125,104.6875,19258,1,,FALSE
5D6,10,most_likely,,,,1,,FALSE
5D6,11,most_likely,,,,1,,FALSE
5D6,12,most_likely,16.9375,100.3125,10601,1,,FALSE
5D6,13,most_likely,20.0625,102.1875,14296,1,,FALSE
5D6,14,most_likely,22.5625,103.1875,16260,1,,FALSE
5D6,15,most_likely,23.3125,103.3125,16502,1,,FALSE
5D6,16,most_likely,26.5625,106.6875,23172,1,,FALSE
5D6,17,most_likely,29.4375,105.5625,20917,1,,FALSE
5D6,18,most_likely,29.6875,105.3125,20419,1,,FALSE
5D6,19,most_likely,32.6875,105.1875,20147,1,,FALSE
5D6,20,most_likely,35.8125,102.3125,14418,1,,FALSE
5D6,21,most_likely,36.0625,101.6875,13176,1,,FALSE
5D6,22,most_likely,37.04525798,101.722533,13168,1,,TRUE
5D7,1,most_likely,37.04525798,101.722533,13168,1,,TRUE
5D7,2,most_likely,36.5625,101.5625,12924,1,,FALSE
5D7,3,most_likely,36.5625,102.0625,13916,1,,FALSE
5D7,4,most_likely,34.9375,103.8125,17401,1,,FALSE
5D7,5,most_likely,34.1875,105.0625,19887,1,,FALSE
5D7,6,most_likely,33.1875,105.5625,20887,1,,FALSE
5D7,7,most_likely,31.0625,107.5625,24872,1,,FALSE
5D7,8,most_likely,30.8125,107.9375,25618,1,,FALSE
5D7,9,most_likely,30.4375,108.1875,26117,1,,FALSE
5D7,10,most_likely,25.9375,113.9375,37561,1,,FALSE
5D7,11,most_likely,,,,1,,FALSE
5D7,12,most_likely,,,,1,,FALSE
5D7,13,most_likely,,,,1,,FALSE
5D7,14,most_likely,15.8125,102.1875,14330,1,,FALSE
5D7,15,most_likely,19.6875,103.0625,16035,1,,FALSE
5D7,16,most_likely,22.4375,104.8125,19485,1,,FALSE
5D7,17,most_likely,23.0625,105.3125,20472,1,,FALSE
5D7,18,most_likely,25.8125,105.3125,20450,1,,FALSE
5D7,19,most_likely,30.5625,105.0625,19916,1,,FALSE
5D7,20,most_likely,30.5625,104.5625,18924,1,,FALSE
5D7,21,most_likely,33.5625,104.5625,18900,1,,FALSE
5D7,22,most_likely,36.1875,102.9375,15655,1,,FALSE
5D7,23,most_likely,36.8125,104.5625,18874,1,,FALSE
5D7,24,most_likely,37.04525798,101.722533,13168,1,,TRUE
5D8,1,most_likely,37.00182899,101.751121,13416,1,,TRUE
5D8,2,most_likely,34.6875,105.5625,20875,1,,FALSE
5D8,3,most_likely,32.8125,110.0625,29818,1,,FALSE
5D8,4,most_likely,32.5625,110.9375,31556,1,,FALSE
5D8,5,most_likely,28.4375,111.4375,32581,1,,FALSE
5D8,6,most_likely,,,,1,,FALSE
5D8,7,most_likely,,,,1,,FALSE
5D8,8,most_likely,,,,1,,FALSE
5D8,9,most_likely,,,,1,,FALSE
5D8,10,most_likely,,,,1,,FALSE
5D8,11,most_likely,,,,1,,FALSE
5D8,12,most_likely,13.8125,103.4375,16826,1,,FALSE
5D8,13,most_likely,17.0625,105.0625,20024,1,,FALSE
5D8,14,most_likely,19.0625,104.6875,19264,1,,FALSE
5D8,15,most_likely,20.4375,104.4375,18757,1,,FALSE
5D8,16,most_likely,24.6875,106.4375,22691,1,,FALSE
5D8,17,most_likely,26.0625,105.8125,21440,1,,FALSE
5D8,18,most_likely,29.9375,105.5625,20913,1,,FALSE
5D8,19,most_likely,30.6875,106.3125,22395,1,,FALSE
5D8,20,most_likely,33.1875,104.9375,19647,1,,FALSE
5D8,21,most_likely,33.3125,105.3125,20390,1,,FALSE
5D8,22,most_likely,34.0625,104.4375,18648,1,,FALSE
5D8,23,most_likely,36.4375,102.9375,15653,1,,FALSE
5D8,24,most_likely,37.00182899,101.751121,13416,1,,TRUE
5E5,1,most_likely,37.044269,101.725552,13168,1,,TRUE
5E5,2,most_likely,33.9375,108.1875,26089,1,,FALSE
5E5,3,most_likely,31.0625,111.8125,33304,1,,FALSE
5E5,4,most_likely,,,,1,,FALSE
5E5,5,most_likely,,,,1,,FALSE
5E5,6,most_likely,,,,1,,FALSE
5E5,7,most_likely,,,,1,,FALSE
5E5,8,most_likely,,,,1,,FALSE
5E5,9,most_likely,,,,1,,FALSE
5E5,10,most_likely,,,,1,,FALSE
5E5,11,most_likely,15.3125,101.3125,12598,1,,FALSE
5E5,12,most_likely,18.6875,103.8125,17531,1,,FALSE
5E5,13,most_likely,22.3125,104.8125,19486,1,,FALSE
5E5,14,most_likely,23.1875,105.3125,20471,1,,FALSE
5E5,15,most_likely,25.9375,105.3125,20449,1,,FALSE
5E5,16,most_likely,29.0625,105.0625,19928,1,,FALSE
5E5,17,most_likely,32.6875,105.3125,20395,1,,FALSE
5E5,18,most_likely,36.9375,103.9375,17633,1,,FALSE
5E5,19,most_likely,36.4375,102.5625,14909,1,,FALSE
5E5,20,most_likely,37.044269,101.725552,13168,1,,TRUE
5E7,1,most_likely,37.04428903,101.724188,13168,1,,TRUE
5E7,2,most_likely,35.9375,103.3125,16401,1,,FALSE
5E7,3,most_likely,35.6875,104.1875,18139,1,,FALSE
5E7,4,most_likely,34.6875,104.3125,18395,1,,FALSE
5E7,5,most_likely,34.4375,104.5625,18893,1,,FALSE
5E7,6,most_likely,34.4375,105.1875,20133,1,,FALSE
5E7,7,most_likely,32.9375,107.9375,25601,1,,FALSE
5E7,8,most_likely,31.4375,110.6875,31069,1,,FALSE
5E7,9,most_likely,30.4375,111.6875,33061,1,,FALSE
5E7,10,most_likely,27.8125,112.8125,35314,1,,FALSE
5E7,11,most_likely,27.0625,113.4375,36560,1,,FALSE
5E7,12,most_likely,,,,1,,FALSE
5E7,13,most_likely,,,,1,,FALSE
5E7,14,most_likely,,,,1,,FALSE
5E7,15,most_likely,13.8125,103.5625,17074,1,,FALSE
5E7,16,most_likely,14.6875,106.8125,23515,1,,FALSE
5E7,17,most_likely,18.0625,106.3125,22496,1,,FALSE
5E7,18,most_likely,21.5625,106.1875,22220,1,,FALSE
5E7,19,most_likely,22.8125,106.0625,21962,1,,FALSE
5E7,20,most_likely,25.1875,108.9375,27647,1,,FALSE
5E7,21,most_likely,25.5625,108.9375,27644,1,,FALSE
5E7,22,most_likely,26.9375,107.5625,24905,1,,FALSE
5E7,23,most_likely,29.4375,109.1875,28109,1,,FALSE
5E7,24,most_likely,30.4375,108.3125,26365,1,,FALSE
5E7,25,most_likely,31.9375,106.5625,22881,1,,FALSE
5E7,26,most_likely,33.3125,106.0625,21878,1,,FALSE
5E7,27,most_likely,35.8125,106.0625,21858,1,,FALSE
5E7,28,most_likely,36.5625,101.6875,13172,1,,FALSE
5E7,29,most_likely,37.04428903,101.724188,13168,1,,TRUE
